,ID,NAME,NATION,POSITION,TEAM,AGE,90S,SCA,SCA90,GCA,GCA90,TACKLES,TACKLESWIN,VSDRIBLETACKLE,%VSDRIBLETACKLE,PRESSURE,%PRESSUREWIN,BLOCKS,INTERCEPTIONS,TOTALPASSES,%TOTALPASSES,ASSIST,SHOTPASSES,TOTALTOUCHES,TOTALDRIBBLES,%TOTALDRIBBLES,DISTANCE,GOALS,SHOTS,SHOTSONTARGET,FREEKICKS,VAL
0,6,Carlos Akapo,gq EQG,DF,Cádiz,27,9.6,5,0.52,0,0.00,28,13,15,60.0,110,28.2,30,13,233,66.8,0,2,462,10,83.3,1119,1,2,1,0,70
1,8,Jony Alamo,es ESP,MF,Elche,18,0.8,1,1.23,1,1.23,1,1,0,0.0,9,44.4,1,0,14,87.5,0,0,25,1,100.0,97,0,1,0,0,59
2,9,Jordi Alba,es ESP,DF,Barcelona,31,33.6,86,2.56,9,0.27,49,24,26,40.6,346,28.0,64,43,2507,85.5,5,51,3210,17,45.9,7772,3,27,11,1,86
3,10,Raul Albiol,es ESP,DF,Villarreal,34,34.6,14,0.40,2,0.06,29,21,12,50.0,200,39.5,47,23,1795,89.4,0,4,2296,5,55.6,11104,0,8,1,0,82
4,11,Paco Alcacer,es ESP,FW,Villarreal,26,17.2,28,1.63,9,0.52,5,4,1,11.1,167,27.5,11,7,202,73.5,4,17,397,7,70.0,796,6,36,18,3,81
5,13,Ruben Alcaraz,es ESP,MF,Valladolid,29,24.1,22,0.91,2,0.08,55,37,21,26.3,554,27.1,47,29,962,83.1,0,9,1397,13,59.1,4629,1,27,3,6,78
6,14,Ivan Alejo,es ESP,MFFW,Cádiz,25,9.2,20,2.18,2,0.22,20,15,3,14.3,232,20.3,23,2,130,56.3,1,11,367,15,57.7,2075,1,13,3,1,74
7,15,Carles Aleña,es ESP,MFFW,Getafe,22,15.2,57,3.76,2,0.13,18,10,7,33.3,260,24.6,17,7,407,68.9,2,24,735,18,64.3,2518,2,30,8,0,74
8,16,Carles Aleña,es ESP,MF,Barcelona,22,0.5,0,0.00,0,0.00,0,0,0,,14,7.1,0,0,38,90.5,0,0,46,0,0.0,142,0,1,0,0,74
9,17,Alfon,es ESP,MF,Celta Vigo,21,0.4,1,2.65,0,0.00,0,0,0,,5,20.0,0,0,15,100.0,0,1,21,1,50.0,70,0,1,1,0,61
10,18,Sergio Alvarez,es ESP,MFDF,Eibar,28,17.4,13,0.75,1,0.06,38,23,6,23.1,338,28.7,35,13,535,77.8,0,8,856,6,66.7,2312,0,6,2,0,75
11,19,Yeray Alvarez,es ESP,DF,Athletic Club,25,21.6,12,0.55,0,0.00,27,19,9,39.1,145,31.7,25,39,895,84.4,0,5,1288,8,80.0,5327,1,11,1,0,63
12,21,Jon Ander Garrido,es ESP,MF,Cádiz,30,8.9,10,1.13,2,0.23,20,15,7,26.9,174,34.5,18,9,195,78.6,0,3,327,3,75.0,537,0,5,1,0,71
13,22,Angel,es ESP,GK,Granada,18,1.0,0,0.00,0,0.00,0,0,0,,0,,0,0,16,53.3,0,0,40,0,,21,0,0,0,0,79
14,27,Mauro Arambarri,uy URU,MF,Getafe,24,33.1,54,1.63,2,0.06,74,56,17,22.4,752,25.9,54,54,754,70.1,0,21,1469,31,55.4,5042,3,47,9,6,58
15,29,Ronald Araujo,uy URU,DF,Barcelona,21,16.8,9,0.54,1,0.06,30,22,10,83.3,158,37.3,34,15,987,92.4,1,2,1211,4,80.0,4393,2,12,4,0,75
16,29,Ronald Araujo,uy URU,DF,Barcelona,21,16.8,9,0.54,1,0.06,30,22,10,83.3,158,37.3,34,15,987,92.4,1,2,1211,4,80.0,4393,2,12,4,0,67
17,30,Anaitz Arbilla,es ESP,DF,Eibar,33,31.2,30,0.96,3,0.10,56,30,23,46.0,232,31.0,57,56,1445,77.0,1,12,2213,28,93.3,7430,0,27,2,5,75
18,31,Unai Arietaleanizbeaskoa,es ESP,FWMF,Eibar,21,0.5,1,1.91,0,0.00,0,0,0,,5,40.0,0,0,4,57.1,0,0,14,0,,14,0,1,0,0,60
19,32,Sergio Arribas,es ESP,FWDF,Real Madrid,18,1.5,4,2.67,2,1.33,2,1,0,0.0,20,30.0,1,3,76,82.6,0,1,106,5,83.3,444,0,1,1,0,62
20,33,Sergio Asenjo,es ESP,GK,Villarreal,31,36.0,3,0.08,1,0.03,0,0,0,0.0,2,0.0,0,0,1033,79.0,0,0,1376,0,,3164,0,0,0,0,82
21,34,Marco Asensio,es ESP,FWMF,Real Madrid,24,20.8,71,3.42,8,0.39,13,10,4,14.3,206,22.3,20,15,808,80.2,2,36,1192,38,67.9,5773,5,42,11,3,82
22,35,Iago Aspas,es ESP,FW,Celta Vigo,32,31.8,115,3.61,26,0.82,11,6,1,5.3,355,27.9,29,17,965,77.0,13,60,1556,58,68.2,6052,14,43,22,5,84
23,36,Miguel Atienza,es ESP,MF,Eibar,21,9.3,7,0.75,0,0.00,30,19,8,36.4,181,35.9,11,15,270,79.9,0,2,413,3,100.0,952,0,5,0,0,58
24,37,Ezequiel Avila,ar ARG,MFFW,Osasuna,26,2.2,3,1.34,0,0.00,3,2,1,50.0,29,10.3,3,1,32,56.1,0,0,87,0,0.0,240,0,8,2,0,79
25,38,Ramon Azeez,ng NGA,MFDF,Granada,27,1.1,0,0.00,0,0.00,3,3,1,100.0,13,38.5,2,0,28,73.7,0,0,48,0,,134,0,2,0,0,75
26,39,Carlos Bacca,co COL,FW,Villarreal,33,8.7,13,1.49,2,0.23,8,7,1,20.0,126,21.4,4,4,111,67.3,0,6,251,8,47.1,671,5,20,12,0,77
27,40,Edgar Badia,es ESP,GK,Elche,28,30.0,2,0.07,0,0.00,0,0,0,0.0,4,25.0,0,0,867,75.6,0,1,1228,0,,2283,0,0,0,0,73
28,41,Alex Baena,es ESP,MF,Villarreal,19,1.5,3,1.97,0,0.00,1,0,0,0.0,29,10.3,2,3,42,76.4,0,2,71,1,100.0,216,0,2,1,0,64
29,42,Miguel Baeza,es ESP,MFFW,Celta Vigo,20,6.0,14,2.32,0,0.00,9,5,4,44.4,103,21.4,2,6,177,81.6,0,6,279,1,20.0,856,1,11,2,0,63
30,43,Mikel Balenziaga,es ESP,DF,Athletic Club,32,18.8,13,0.69,2,0.11,27,15,6,33.3,206,27.2,34,13,710,75.9,1,7,1111,9,64.3,3369,0,3,1,1,74
31,45,Enis Bardhi,mk MKD,MFFW,Levante,25,18.7,51,2.73,6,0.32,29,22,12,29.3,308,32.8,17,32,678,74.9,2,22,1143,39,55.7,4017,1,36,13,5,79
32,46,Kike Barja,es ESP,MFFW,Osasuna,23,15.9,34,2.14,4,0.25,12,8,5,23.8,275,25.1,18,23,353,69.1,3,17,731,45,57.0,3379,2,22,12,0,69
33,47,Marc Baro,es ESP,DF,Cádiz,20,1.0,3,3.00,0,0.00,2,1,0,0.0,13,15.4,2,3,10,52.6,0,2,28,1,100.0,86,0,1,1,0,61
34,49,Ander Barrenetxea,es ESP,MFFW,Real Sociedad,18,14.5,31,2.13,4,0.28,32,20,8,25.0,344,27.9,28,12,294,71.5,0,14,648,39,60.9,2775,3,23,7,0,73
35,50,Marc Bartra,es ESP,DF,Betis,29,18.8,7,0.37,1,0.05,30,10,9,42.9,207,31.4,27,24,782,81.2,1,3,1158,6,100.0,3140,0,11,4,0,80
36,52,Rodrigo Battaglia,ar ARG,MF,Alavés,29,27.7,18,0.65,1,0.04,53,32,18,34.6,476,27.9,42,18,871,84.2,0,3,1266,18,78.3,4594,1,17,5,0,75
37,53,Jon Bautista,es ESP,FWMF,Real Sociedad,25,4.1,9,2.19,1,0.24,6,5,0,0.0,83,25.3,5,2,55,61.8,1,4,146,2,50.0,342,0,12,3,0,70
38,54,Fran Beltran,es ESP,MF,Celta Vigo,21,15.5,23,1.48,1,0.06,35,21,8,27.6,343,32.4,22,17,708,90.8,0,6,932,10,71.4,3080,3,19,7,0,75
39,55,Sergio Benito,es ESP,FW,Valladolid,21,0.0,0,0.00,0,0.00,0,0,0,,0,,0,0,0,,0,0,0,0,,0,0,0,0,0,74
40,56,Karim Benzema,fr FRA,FW,Real Madrid,32,32.2,99,3.08,17,0.53,12,7,5,55.6,244,17.2,12,14,1043,83.6,9,37,1571,39,65.0,5738,23,122,50,6,89
41,57,Yuri Berchiche,es ESP,DF,Athletic Club,30,18.7,42,2.25,6,0.32,33,23,13,36.1,236,34.7,23,16,922,82.0,3,18,1298,17,60.7,4639,1,16,6,0,83
42,59,Pedro Bigas,es ESP,DF,Eibar,29,17.0,8,0.47,1,0.06,15,12,7,53.8,106,42.5,15,16,461,72.0,0,0,808,4,80.0,2212,0,10,1,0,72
43,62,Ruben Blanco,es ESP,GK,Celta Vigo,25,18.2,0,0.00,0,0.00,0,0,0,,4,0.0,0,0,470,70.8,0,0,698,0,,1735,0,0,0,0,76
44,64,Yann Bodiger,fr FRA,MF,Cádiz,25,2.8,6,2.15,0,0.00,3,2,1,20.0,71,15.5,7,6,67,69.8,0,2,132,0,0.0,445,0,0,0,0,70
45,65,Yassine Bounou,ma MAR,GK,Sevilla,29,33.0,4,0.12,0,0.00,0,0,0,0.0,2,50.0,0,0,865,78.9,0,1,1170,1,100.0,2425,1,1,1,0,76
46,66,Lucas Boye,ar ARG,FW,Elche,24,29.9,39,1.30,4,0.13,46,28,10,20.0,634,21.8,46,20,521,78.9,2,11,1187,65,54.6,3275,7,57,22,3,69
47,67,Martin Braithwaite,dk DEN,FW,Barcelona,29,13.1,23,1.76,4,0.31,7,6,2,33.3,132,32.6,7,8,230,81.3,2,10,408,11,68.8,1188,2,23,7,0,76
48,68,Darko Brašanac,rs SRB,MF,Osasuna,28,10.1,17,1.68,1,0.10,15,12,8,47.1,209,29.2,12,4,229,72.7,0,6,399,5,83.3,1132,2,8,4,0,76
49,70,Claudio Bravo,cl CHI,GK,Betis,37,20.0,5,0.25,0,0.00,0,0,0,0.0,3,0.0,1,0,422,65.0,0,3,701,3,100.0,1701,0,0,0,0,77
50,71,Yan Brice Eteki,cm CMR,MF,Granada,22,14.7,4,0.27,0,0.00,27,20,10,52.6,316,23.7,21,15,278,77.9,0,2,480,5,83.3,947,0,7,3,0,73
51,72,Juan Brunet,ar ARG,MF,Granada,22,0.3,0,0.00,0,0.00,0,0,0,0.0,3,0.0,0,0,7,87.5,0,0,10,0,,7,0,0,0,0,60
52,73,Bryan,es ESP,FW,Sevilla,19,0.1,0,0.00,0,0.00,1,1,0,,3,66.7,0,0,5,71.4,0,0,10,0,,30,0,0,0,0,65
53,74,Bryan,es ESP,MFFW,Eibar,19,25.2,98,3.89,8,0.32,36,17,3,12.5,420,26.9,32,15,695,68.3,3,52,1367,72,57.1,6084,4,40,15,1,65
54,76,Esteban Burgos,ar ARG,DF,Eibar,28,12.3,7,0.57,1,0.08,9,8,3,37.5,58,48.3,15,12,417,76.2,1,2,676,1,100.0,2160,3,3,2,0,70
55,77,Burgui,es ESP,MF,Alavés,26,0.2,0,0.00,0,0.00,1,1,0,,3,33.3,0,0,8,88.9,0,0,12,0,,43,0,0,0,0,73
56,78,Sergio Busquets,es ESP,MF,Barcelona,32,28.0,68,2.43,10,0.36,70,40,25,36.8,550,31.3,43,39,2484,91.5,5,30,2943,13,81.3,6449,0,3,1,0,87
57,79,Erick Cabaco,uy URU,DF,Getafe,25,14.7,6,0.41,0,0.00,24,17,8,53.3,137,35.8,17,12,297,67.7,0,0,604,3,75.0,1315,0,4,0,0,74
58,80,Cala,es ESP,DF,Cádiz,30,25.2,10,0.40,1,0.04,33,23,12,41.4,209,34.0,33,23,508,73.8,0,4,960,5,83.3,2524,3,14,5,0,72
59,81,Jonathan Calleri,ar ARG,FW,Osasuna,26,17.2,24,1.40,6,0.35,15,6,3,18.8,273,23.4,19,5,218,61.4,2,10,594,21,50.0,1401,5,49,17,0,74
60,82,Dani Calvo,es ESP,DF,Elche,26,19.8,0,0.00,0,0.00,21,13,9,42.9,183,36.6,28,19,640,86.1,0,0,929,2,100.0,3032,2,7,4,0,71
61,83,Jose Campaña,es ESP,MF,Levante,27,8.3,22,2.65,2,0.24,12,8,4,36.4,114,27.2,10,8,387,76.8,2,12,618,24,52.2,2337,1,12,4,1,80
62,84,Sergio Canales,es ESP,MFFW,Betis,29,27.8,107,3.86,13,0.47,17,11,3,11.5,289,32.5,26,14,1478,84.7,6,61,1958,36,76.6,9241,8,45,11,5,82
63,86,Ander Capa,es ESP,DF,Athletic Club,28,23.7,36,1.52,3,0.13,42,23,15,34.1,304,30.6,51,30,915,76.2,1,16,1447,27,47.4,4855,2,12,6,0,81
64,88,Isaac Carcelen,es ESP,DF,Cádiz,27,28.7,32,1.12,3,0.10,71,44,30,46.9,387,32.0,82,50,782,71.2,1,15,1440,33,80.5,2791,0,11,3,6,71
65,89,Cardenas,es ESP,GK,Levante,23,8.0,0,0.00,0,0.00,0,0,0,0.0,3,0.0,0,0,197,74.6,0,0,292,0,,666,0,0,0,0,63
66,90,Marc Cardona,es ESP,FWMF,Osasuna,25,0.6,0,0.00,0,0.00,0,0,0,0.0,9,22.2,1,0,17,60.7,0,0,32,1,100.0,72,0,1,1,0,74
67,91,Diego Carlos,br BRA,DF,Sevilla,27,31.0,15,0.48,1,0.03,28,20,10,50.0,204,35.3,47,26,1742,90.8,0,6,2174,10,100.0,5575,1,15,5,0,83
68,92,Juan Carlos,es ESP,MFFW,Huesca,29,3.2,10,3.09,1,0.31,5,3,0,0.0,98,23.5,7,3,73,75.3,1,4,156,5,83.3,1074,0,4,1,0,73
69,93,Yannick Carrasco,be BEL,DFMF,Atlético Madrid,26,24.2,88,3.63,17,0.70,35,23,17,37.0,341,28.7,45,28,779,74.3,10,44,1383,62,52.5,6087,6,43,25,1,62
70,94,Sergio Carreira,es ESP,DF,Celta Vigo,19,2.9,0,0.00,0,0.00,5,2,3,75.0,39,38.5,7,1,91,77.1,0,0,144,1,50.0,393,1,2,1,0,61
71,96,Dani Carvajal,es ESP,DF,Real Madrid,28,10.6,18,1.71,5,0.47,32,21,17,68.0,147,38.8,31,16,700,85.2,2,9,940,10,62.5,2483,0,10,2,0,86
72,97,William Carvalho,pt POR,MF,Betis,28,13.6,20,1.47,2,0.15,28,19,5,29.4,177,28.8,13,8,814,85.3,0,10,1080,16,94.1,2878,2,15,6,0,80
73,98,Casemiro,br BRA,MF,Real Madrid,28,32.2,53,1.64,8,0.25,89,56,29,39.2,510,36.3,69,61,1632,83.7,4,25,2370,15,68.2,5712,6,45,11,0,89
74,99,Sofian Chakla,ma MAR,DF,Villarreal,26,0.1,0,0.00,0,0.00,0,0,0,,0,,0,0,4,57.1,0,0,10,0,,11,0,1,0,0,66
75,100,Sofian Chakla,ma MAR,DF,Getafe,26,10.0,2,0.20,1,0.10,13,7,3,60.0,76,32.9,6,13,128,61.8,0,1,336,0,0.0,789,0,3,1,0,66
76,101,Chema,es ESP,DFMF,Getafe,28,6.2,1,0.16,0,0.00,11,4,4,44.4,69,26.1,4,7,94,60.3,0,1,218,0,0.0,417,0,3,1,0,72
77,102,Denis Cheryshev,ru RUS,MF,Valencia,29,12.2,26,2.13,4,0.33,23,17,5,20.0,234,21.8,21,7,209,61.8,3,15,485,8,42.1,1636,0,21,5,0,77
78,103,Samuel Chukwueze,ng NGA,MFFW,Villarreal,21,15.2,57,3.76,5,0.33,16,9,5,26.3,183,25.7,13,7,397,74.6,2,28,752,49,52.1,3958,4,31,10,0,77
79,106,Alberto Cifuentes,es ESP,GK,Cádiz,41,2.0,1,0.50,0,0.00,0,0,0,,0,,0,0,31,44.9,0,1,73,0,,164,0,0,0,0,73
80,107,Jasper Cillessen,nl NED,GK,Valencia,31,10.0,2,0.20,0,0.00,0,0,0,,0,,0,0,188,59.3,0,0,349,0,,770,0,0,0,0,81
81,108,Carlos Clerc,es ESP,DF,Levante,28,30.9,42,1.36,5,0.16,66,47,23,46.0,425,35.5,53,35,1304,76.8,3,23,2005,37,62.7,6549,0,6,4,1,76
82,109,Coke,es ESP,DF,Levante,33,9.3,9,0.97,0,0.00,21,11,10,40.0,130,24.6,17,15,361,81.7,0,4,556,5,55.6,1307,0,10,2,1,75
83,110,Francis Coquelin,fr FRA,MF,Villarreal,29,8.2,9,1.10,0,0.00,21,9,5,45.5,127,29.9,12,17,461,88.0,0,3,610,10,90.9,1682,0,4,0,0,80
84,111,Iñigo Cordoba,es ESP,MF,Alavés,23,2.4,5,2.08,0,0.00,7,5,2,20.0,85,20.0,8,4,49,63.6,0,3,115,3,100.0,225,0,1,0,0,77
85,112,Iñigo Cordoba,es ESP,FWMF,Athletic Club,23,1.1,0,0.00,0,0.00,0,0,0,0.0,23,30.4,3,1,17,47.2,0,0,49,1,33.3,94,0,2,0,0,77
86,113,Angel Correa,ar ARG,FWMF,Atlético Madrid,25,26.6,80,3.01,16,0.60,37,30,14,27.5,502,29.3,31,21,706,77.6,8,34,1262,54,56.8,3335,9,53,23,0,82
87,114,Rober Correa,es ESP,DF,Eibar,27,12.6,16,1.27,2,0.16,23,17,9,64.3,134,33.6,24,24,427,70.0,2,9,764,12,75.0,1853,0,6,0,0,70
88,115,Thierry Correia,pt POR,DF,Valencia,21,23.7,31,1.31,2,0.08,59,34,24,54.5,355,26.8,42,36,919,75.9,1,16,1493,25,52.1,4053,1,8,2,0,72
89,116,Diego Costa,es ESP,FW,Atlético Madrid,31,2.3,9,3.89,3,1.30,1,0,1,33.3,30,20.0,1,0,56,76.7,0,4,99,0,,168,2,4,2,0,80
90,117,Jaume Costa,es ESP,DFMF,Villarreal,32,3.9,7,1.79,1,0.26,11,3,5,62.5,42,35.7,10,8,200,84.4,1,5,286,4,57.1,818,0,2,0,0,79
91,118,Thibaut Courtois,be BEL,GK,Real Madrid,28,38.0,4,0.11,0,0.00,0,0,0,,3,33.3,1,0,1076,82.3,0,0,1391,0,,4072,0,0,0,0,89
92,119,Philippe Coutinho,br BRA,MFFW,Barcelona,28,7.3,24,3.30,4,0.55,7,6,2,40.0,65,30.8,4,4,454,86.8,2,7,601,11,61.1,2554,2,28,9,0,83
93,120,Juan Cruz Armada,es ESP,DF,Osasuna,28,21.8,18,0.83,1,0.05,33,17,18,56.3,228,28.5,48,10,606,69.7,0,12,1050,9,75.0,2303,0,1,0,0,69
94,121,Sergio Cubero Ezcurra,es ESP,MF,Eibar,20,0.0,0,0.00,0,0.00,0,0,0,,1,100.0,0,0,0,,0,0,0,0,,0,0,0,0,0,59
95,123,Marc Cucurella,es ESP,MF,Getafe,22,36.0,80,2.22,5,0.14,70,48,20,35.7,774,30.4,69,54,926,70.7,2,35,1728,25,49.0,5434,3,27,8,0,81
96,126,Ousmane Dembele,fr FRA,FWDF,Barcelona,23,19.7,82,4.16,9,0.46,17,10,5,35.7,285,22.8,22,14,844,82.5,3,36,1287,73,60.8,6368,6,55,20,0,83
97,128,Deyverson,br BRA,FW,Alavés,29,9.7,17,1.75,4,0.41,8,6,4,28.6,171,29.2,18,10,155,50.0,3,7,443,6,40.0,618,1,14,2,0,74
98,130,Mouctar Diakhaby,gn GUI,DF,Valencia,23,23.1,5,0.22,0,0.00,21,15,10,71.4,157,34.4,51,10,844,86.0,0,0,1214,3,60.0,4193,1,11,4,0,72
99,131,Victor Diaz,es ESP,DF,Granada,32,9.2,11,1.20,3,0.33,20,16,11,52.4,113,27.4,25,16,265,68.8,2,7,490,1,20.0,811,0,5,1,0,78
100,132,Papakouli Diop,sn SEN,MF,Eibar,34,25.8,31,1.20,1,0.04,48,36,16,28.1,342,33.3,31,39,634,70.6,1,15,1128,8,61.5,2014,1,28,9,0,78
101,133,Djene,tg TOG,DF,Getafe,28,32.7,14,0.43,4,0.12,61,36,21,61.8,276,37.0,39,55,724,77.2,1,5,1310,9,69.2,3615,0,2,0,0,82
102,134,Marko Dmitrović,rs SRB,GK,Eibar,28,34.7,7,0.20,0,0.00,1,1,0,0.0,7,0.0,0,0,581,54.1,0,4,1159,1,100.0,2878,1,1,0,0,81
103,135,Jaume Domenech,es ESP,GK,Valencia,29,28.0,1,0.04,0,0.00,0,0,0,0.0,4,25.0,1,0,623,69.5,0,0,986,1,100.0,1799,0,0,0,0,77
104,136,Carlos Dominguez,es ESP,DF,Celta Vigo,19,4.0,1,0.25,0,0.00,6,4,3,60.0,43,20.9,7,7,123,83.1,0,1,196,0,,740,0,1,1,0,59
105,138,Cheick Doukoure,ci CIV,MF,Levante,27,1.1,1,0.89,0,0.00,6,4,3,75.0,43,18.6,3,2,39,86.7,0,1,63,1,50.0,189,0,0,0,0,72
106,140,Domingos Duarte,pt POR,DF,Granada,25,26.3,11,0.42,0,0.00,40,19,13,61.9,140,33.6,40,31,761,80.3,0,5,1185,4,80.0,3819,1,7,2,0,78
107,141,Oscar Duarte,cr CRC,DF,Levante,31,22.9,10,0.44,1,0.04,23,14,11,40.7,180,33.3,31,25,1009,87.4,0,4,1423,3,75.0,3932,1,6,3,0,72
108,142,Ruben Duarte,es ESP,DF,Alavés,24,28.3,48,1.70,3,0.11,61,34,23,47.9,370,31.1,82,42,934,70.8,1,26,1656,5,45.5,3260,1,12,1,0,77
109,144,Hugo Duro,es ESP,FW,Real Madrid,20,0.6,1,1.64,0,0.00,0,0,0,,4,0.0,1,0,5,100.0,0,1,11,0,,28,0,1,0,0,68
110,145,Aritz Elustondo,es ESP,DF,Real Sociedad,26,20.9,15,0.72,2,0.10,31,17,15,60.0,152,34.9,18,8,1057,87.4,0,3,1405,6,100.0,6396,1,5,1,0,76
111,146,Rodrigo Ely,br BRA,DF,Alavés,26,5.2,3,0.58,0,0.00,7,3,3,75.0,28,50.0,5,2,125,78.6,0,1,209,1,100.0,252,1,3,2,0,75
112,147,Emerson,br BRA,DF,Betis,21,33.2,64,1.93,5,0.15,96,60,43,52.4,535,30.1,63,67,1565,81.2,4,31,2387,23,42.6,6329,1,11,2,0,78
113,148,Youssef En-Nesyri,ma MAR,FW,Sevilla,23,25.7,37,1.44,8,0.31,25,17,5,22.7,396,22.2,18,8,281,68.9,0,11,722,15,42.9,1248,18,77,27,0,78
114,149,Sergi Enrich,es ESP,FW,Eibar,30,15.6,32,2.05,3,0.19,22,15,7,33.3,313,32.9,15,11,357,77.3,0,13,640,12,63.2,1238,3,42,12,0,77
115,150,Aaron Escandell,es ESP,GK,Granada,24,5.0,0,0.00,0,0.00,0,0,0,,1,100.0,0,0,74,49.0,0,0,177,0,,435,0,0,0,0,67
116,151,Dani Escriche,es ESP,FWMF,Huesca,22,9.5,23,2.42,3,0.32,16,13,4,33.3,142,21.8,11,8,198,74.2,1,6,408,19,40.4,1528,1,10,1,0,66
117,152,Sergio Escudero,es ESP,DF,Sevilla,30,6.3,11,1.75,0,0.00,12,8,5,55.6,88,27.3,9,7,342,84.0,0,7,459,2,50.0,1132,1,6,1,1,80
118,153,Alfonso Espino,uy URU,DF,Cádiz,28,28.9,22,0.76,5,0.17,92,58,44,47.8,525,26.7,71,46,666,64.1,3,14,1370,16,42.1,2938,0,9,4,0,74
119,154,Vicente Esquerdo,es ESP,MF,Valencia,21,2.6,3,1.17,0,0.00,7,6,1,25.0,46,45.7,9,5,77,79.4,0,2,128,2,50.0,273,0,1,0,0,64
120,155,Pervis Estupiñan,ec ECU,DF,Villarreal,22,13.0,28,2.16,3,0.23,37,24,12,66.7,175,40.0,21,29,523,78.4,0,15,845,14,60.9,2529,0,11,5,2,79
121,156,Xabier Etxeita,es ESP,DF,Getafe,32,9.8,2,0.20,0,0.00,12,6,5,35.7,77,37.7,11,10,195,67.5,0,1,400,2,100.0,942,0,4,0,0,74
122,157,Edu Exposito,es ESP,MF,Eibar,23,27.3,84,3.08,5,0.18,43,27,18,30.5,443,33.9,40,32,879,74.6,3,41,1465,42,67.7,4552,0,41,9,0,76
123,158,Jokin Ezkieta,es ESP,GK,Athletic Club,23,1.0,0,0.00,0,0.00,0,0,0,,0,,0,0,21,87.5,0,0,23,0,,44,0,0,0,0,65
124,159,Fali,es ESP,DFMF,Cádiz,26,29.3,20,0.68,3,0.10,43,21,10,34.5,280,28.9,45,24,505,70.6,0,8,996,8,88.9,2012,0,11,2,1,71
125,160,Ansu Fati,es ESP,FW,Barcelona,17,4.8,19,3.97,2,0.42,8,3,2,40.0,80,22.5,8,1,174,84.9,0,9,278,15,60.0,1369,4,14,7,0,76
126,161,Nabil Fekir,fr FRA,MFFW,Betis,27,29.1,138,4.74,17,0.58,45,36,7,25.0,604,28.1,31,12,1070,80.8,6,52,1771,60,69.0,7282,5,84,23,9,83
127,162,Felipe,br BRA,DF,Atlético Madrid,31,22.9,8,0.35,0,0.00,38,23,16,69.6,184,29.3,38,43,889,86.6,0,3,1303,3,100.0,4145,0,11,2,0,84
128,163,João Felix,pt POR,FWMF,Atlético Madrid,20,17.5,46,2.63,10,0.57,9,6,4,30.8,182,32.4,7,9,566,83.4,5,20,906,34,51.5,3196,7,36,14,2,81
129,164,Aitor Fernandez,es ESP,GK,Levante,29,29.0,1,0.03,0,0.00,0,0,0,,6,16.7,1,0,698,75.8,0,0,995,0,,1582,0,0,0,0,83
130,165,Alex Fernandez,es ESP,MF,Cádiz,27,21.6,40,1.85,4,0.18,25,15,9,28.1,328,21.0,23,21,667,74.3,1,24,1072,13,54.2,3291,4,8,2,0,74
131,166,Alvaro Fernandez,es ESP,GK,Huesca,22,22.0,3,0.14,0,0.00,0,0,0,0.0,5,60.0,0,0,613,74.9,0,1,878,0,,1735,0,1,0,0,68
132,167,Andres Fernandez,es ESP,GK,Huesca,33,16.0,0,0.00,0,0.00,0,0,0,,0,,0,0,386,68.2,0,0,601,3,100.0,1259,0,0,0,0,78
133,168,Augusto Fernandez,ar ARG,MF,Cádiz,34,4.1,1,0.24,0,0.00,11,6,6,35.3,120,26.7,5,11,92,80.7,0,0,159,0,,387,0,0,0,0,75
134,169,Carlos Fernandez,es ESP,FWMF,Real Sociedad,24,4.3,11,2.54,3,0.69,2,1,1,14.3,111,22.5,8,3,78,65.5,2,5,188,3,37.5,563,1,7,4,0,76
135,170,Carlos Fernandez,es ESP,FW,Sevilla,24,1.6,5,3.15,0,0.00,1,0,0,0.0,17,5.9,3,1,29,74.4,0,1,57,1,50.0,184,0,2,1,0,76
136,171,Joaquin Fernandez,es ESP,DF,Valladolid,24,23.0,12,0.52,3,0.13,29,18,7,31.8,181,34.8,40,33,622,81.5,0,2,1019,2,100.0,2549,1,10,4,0,74
137,172,Fernando,br BRA,MF,Sevilla,33,28.3,36,1.27,10,0.35,68,52,30,53.6,365,35.9,45,40,1391,90.5,4,19,1787,14,60.9,4685,3,5,4,0,83
138,173,David Ferreiro,es ESP,MFFW,Huesca,32,28.1,106,3.78,11,0.39,30,14,6,13.6,490,21.8,44,18,720,65.7,4,71,1340,41,65.1,6194,2,28,13,1,72
139,175,Fidel,es ESP,MFDF,Elche,30,26.6,72,2.70,6,0.23,48,30,25,30.5,407,26.8,42,13,911,73.7,3,48,1529,48,57.8,5445,6,16,7,3,72
140,176,Junior Firpo,es ESP,DF,Barcelona,23,3.2,8,2.49,1,0.31,2,2,0,0.0,32,37.5,5,4,210,89.0,1,5,268,3,42.9,832,1,1,1,0,79
141,178,Ramon Folch,es ESP,MF,Elche,30,0.0,0,0.00,0,0.00,0,0,0,,0,,0,0,0,,0,0,0,0,,0,0,0,0,0,68
142,179,Jose Fontan,es ESP,DF,Celta Vigo,20,7.2,4,0.55,0,0.00,14,7,3,27.3,97,24.7,11,9,278,81.8,0,0,434,4,100.0,1569,0,5,3,0,60
143,180,Dimitri Foulquier,fr FRA,DF,Granada,27,29.6,23,0.78,5,0.17,44,28,18,56.3,330,29.7,50,32,833,76.2,4,10,1396,26,48.1,3463,0,7,4,0,75
144,182,Jorge de Frutos,es ESP,MFFW,Levante,23,24.3,73,3.01,16,0.66,51,31,13,26.0,467,26.8,36,24,488,67.8,9,39,1040,48,55.2,3972,4,27,10,0,70
145,183,Ramiro Funes Mori,ar ARG,DF,Villarreal,29,8.1,3,0.37,1,0.12,11,3,4,66.7,56,28.6,10,14,420,88.1,0,0,571,0,0.0,3512,0,4,1,0,75
146,184,Javi Galan,es ESP,DF,Huesca,25,34.1,69,2.03,7,0.21,109,74,42,50.6,556,33.6,69,28,1424,78.2,2,40,2260,114,77.6,8993,1,7,1,0,72
147,185,Enric Gallego,es ESP,FW,Osasuna,33,9.0,16,1.79,3,0.33,9,6,0,0.0,175,26.3,8,1,159,57.8,2,8,389,3,27.3,604,0,14,4,0,73
148,186,Kevin Gameiro,fr FRA,FW,Valencia,33,12.0,14,1.17,2,0.17,7,6,3,30.0,184,24.5,12,0,210,79.2,1,4,374,4,33.3,895,4,15,7,0,79
149,188,Borja Garcia,es ESP,MFFW,Huesca,29,12.4,39,3.14,0,0.00,15,10,3,27.3,115,40.9,13,10,477,85.0,0,21,699,22,71.0,2412,1,14,2,0,75
150,189,Dani Garcia,es ESP,MF,Athletic Club,30,21.3,18,0.84,1,0.05,34,23,14,31.8,282,33.0,29,29,866,83.6,1,7,1208,8,72.7,3171,0,7,1,0,79
151,190,David Garcia,es ESP,DF,Osasuna,26,35.0,8,0.23,1,0.03,41,29,17,56.7,302,42.7,51,53,980,75.5,0,4,1712,1,100.0,4163,1,14,1,0,76
152,191,Manu Garcia,es ESP,MF,Alavés,34,12.5,11,0.88,1,0.08,26,18,6,18.8,250,28.8,24,13,278,71.5,0,5,521,2,33.3,1079,0,11,2,0,75
153,192,Raul Garcia,es ESP,FWMF,Athletic Club,34,19.4,33,1.70,2,0.10,37,21,6,25.0,375,25.3,40,10,372,62.3,1,18,843,8,47.1,1557,5,44,12,0,64
154,192,Raul Garcia,es ESP,FWMF,Athletic Club,34,19.4,33,1.70,2,0.10,37,21,6,25.0,375,25.3,40,10,372,62.3,1,18,843,8,47.1,1557,5,44,12,0,80
155,193,Raul Garcia,es ESP,DFMF,Valladolid,31,5.6,8,1.43,0,0.00,9,3,5,35.7,66,30.3,11,5,199,69.3,0,5,346,7,77.8,789,1,3,3,1,64
156,193,Raul Garcia,es ESP,DFMF,Valladolid,31,5.6,8,1.43,0,0.00,9,3,5,35.7,66,30.3,11,5,199,69.3,0,5,346,7,77.8,789,1,3,3,1,80
157,194,Ruben Garcia,es ESP,MFFW,Osasuna,27,30.2,79,2.62,9,0.30,50,39,17,40.5,422,31.8,54,27,803,66.3,5,51,1539,27,49.1,4234,3,30,7,2,79
158,196,Unai Garcia,es ESP,DF,Osasuna,28,13.8,8,0.58,1,0.07,27,14,8,47.1,107,29.9,18,17,330,78.4,0,3,538,4,100.0,1666,0,4,0,0,70
159,197,Mario Gaspar,es ESP,DF,Villarreal,29,20.6,31,1.51,4,0.19,51,19,16,42.1,293,25.3,43,26,935,84.5,2,12,1347,10,55.6,3219,0,15,4,0,80
160,199,David Gil,es ESP,GK,Cádiz,26,4.0,0,0.00,0,0.00,0,0,0,0.0,1,0.0,0,0,44,35.8,0,0,132,0,,357,0,0,0,0,66
161,200,Alvaro Gimenez,es ESP,FWMF,Cádiz,29,4.5,3,0.66,0,0.00,3,2,1,25.0,59,28.8,5,3,58,62.4,1,1,138,0,0.0,206,2,5,2,0,70
162,201,Dani Gomez,es ESP,FW,Levante,22,18.5,29,1.57,6,0.32,6,5,0,0.0,285,17.2,8,3,256,75.7,2,12,549,34,60.7,2033,2,31,8,0,70
163,202,Ibai Gomez,es ESP,MF,Athletic Club,30,4.7,9,1.91,2,0.42,4,3,2,25.0,74,17.6,9,2,109,67.7,1,7,198,4,66.7,504,0,5,0,0,79
164,203,Maxi Gomez,uy URU,FW,Valencia,23,29.9,48,1.61,11,0.37,11,9,3,21.4,250,23.2,13,2,376,67.5,1,12,824,12,57.1,1778,7,54,24,4,80
165,204,Moi Gomez,es ESP,MFFW,Villarreal,26,28.5,62,2.18,4,0.14,24,15,10,25.0,372,29.6,33,21,1086,81.7,0,31,1561,44,61.1,6188,4,24,10,0,77
166,206,Sergi Gomez,es ESP,DF,Sevilla,28,8.0,0,0.00,0,0.00,6,3,1,50.0,51,35.3,9,3,506,93.7,0,0,594,0,,1707,0,1,0,0,77
167,207,Sergio Gomez,es ESP,MFFW,Huesca,19,8.8,19,2.16,1,0.11,28,17,11,45.8,162,30.2,16,18,318,72.3,1,15,558,15,57.7,2000,0,10,2,2,68
168,208,Maxime Gonalons,fr FRA,MF,Granada,31,16.4,21,1.28,2,0.12,65,50,22,42.3,315,33.0,17,24,602,82.9,1,6,885,17,63.0,3185,0,3,1,0,76
169,209,Bruno Gonzalez,es ESP,DF,Valladolid,30,25.1,4,0.16,0,0.00,32,15,14,46.7,249,31.3,35,29,597,78.1,0,1,1006,4,80.0,2697,1,5,2,0,74
170,211,Sergio Gonzalez,es ESP,MFDF,Cádiz,23,1.0,1,1.00,0,0.00,0,0,0,0.0,18,22.2,0,2,20,69.0,0,1,40,0,,57,0,1,0,0,63
171,213,Andoni Gorosabel,es ESP,DF,Real Sociedad,23,26.5,52,1.96,6,0.23,70,35,30,37.5,356,31.7,33,26,1156,80.7,1,23,1688,11,47.8,4594,0,9,2,0,71
172,214,Antoine Griezmann,fr FRA,FWMF,Barcelona,29,28.9,88,3.04,10,0.35,39,28,10,23.8,423,31.4,32,13,1176,87.4,7,42,1618,25,65.8,4675,13,68,30,0,87
173,215,Andres Guardado,mx MEX,MF,Betis,33,14.6,23,1.57,1,0.07,29,16,8,33.3,202,25.7,15,22,673,84.2,0,7,922,9,81.8,3319,1,11,5,0,78
174,216,Sergi Guardiola,es ESP,FW,Valladolid,29,19.9,27,1.35,5,0.25,11,7,3,11.1,418,25.4,16,9,335,65.3,2,9,773,28,50.9,2093,1,34,8,1,77
175,217,Nemanja Gudelj,rs SRB,MFDF,Sevilla,28,11.6,7,0.61,0,0.00,27,16,8,53.3,160,33.8,16,14,727,93.9,0,2,892,3,75.0,3139,0,8,1,2,79
176,218,Gonçalo Guedes,pt POR,MFFW,Valencia,23,25.4,85,3.34,16,0.63,26,17,9,22.5,336,25.9,31,19,584,73.3,5,31,1128,52,64.2,6625,5,51,15,3,81
177,219,Ander Guevara,es ESP,MF,Real Sociedad,23,23.1,28,1.21,3,0.13,45,31,15,36.6,391,26.9,32,23,1166,83.4,1,13,1600,15,100.0,5465,1,9,2,0,72
178,220,John Guidetti,se SWE,FWMF,Alavés,28,2.3,5,2.16,0,0.00,2,2,1,33.3,47,19.1,0,0,48,69.6,0,1,87,1,50.0,138,1,5,1,0,74
179,221,Hugo Guillamon,es ESP,DF,Valencia,20,22.1,5,0.23,1,0.05,24,14,6,33.3,159,29.6,33,23,1025,89.2,0,0,1395,2,50.0,5232,1,8,1,0,69
180,222,Jon Guridi,es ESP,MF,Real Sociedad,25,9.2,10,1.08,1,0.11,19,12,4,25.0,159,27.0,10,9,292,82.3,1,5,453,16,66.7,1799,0,8,2,0,69
181,223,Raul Guti,es ESP,MF,Elche,23,31.8,26,0.82,4,0.13,40,26,11,27.5,417,27.6,42,43,1078,84.1,1,7,1573,45,63.4,5269,3,27,6,0,70
182,224,Marcos Mauro Lopez Gutierrez,ar ARG,DF,Cádiz,29,20.3,4,0.20,1,0.05,25,15,7,38.9,132,35.6,26,19,421,84.7,0,2,664,0,,1119,2,6,4,0,69
183,226,Munir El Haddadi,ma MAR,FW,Sevilla,24,9.4,25,2.66,3,0.32,11,9,2,10.5,160,24.4,8,3,272,78.8,2,11,478,14,70.0,1724,4,32,13,1,79
184,227,Eden Hazard,be BEL,FWMF,Real Madrid,29,5.9,19,3.21,3,0.51,1,0,1,20.0,34,14.7,2,4,303,88.1,2,6,409,17,70.8,2196,3,10,5,0,88
185,228,Mario Hermoso,es ESP,DF,Atlético Madrid,25,28.6,25,0.87,3,0.10,61,37,37,55.2,261,29.5,47,34,1625,84.6,1,9,2188,11,64.7,6501,1,19,5,0,80
186,229,Aridane Hernandez,gq EQG,DF,Osasuna,31,22.5,8,0.36,0,0.00,31,21,10,62.5,133,33.8,38,44,563,82.0,0,6,962,5,100.0,2173,0,2,0,0,77
187,230,Hector Herrera,mx MEX,MF,Atlético Madrid,30,7.6,17,2.24,3,0.40,17,13,6,33.3,139,29.5,12,9,596,89.2,1,6,744,3,60.0,2377,0,7,1,0,81
188,231,Sergio Herrera,es ESP,GK,Osasuna,27,32.9,2,0.06,0,0.00,0,0,0,0.0,3,0.0,1,0,631,55.2,0,0,1262,1,50.0,3589,0,0,0,0,76
189,232,Yangel Herrera,ve VEN,MF,Granada,22,25.7,35,1.36,3,0.12,59,42,14,24.6,586,25.9,59,26,597,67.7,1,9,1200,15,55.6,2758,3,31,7,0,75
190,233,Pablo Hervias,es ESP,DFMF,Valladolid,27,13.4,47,3.51,8,0.60,26,17,15,48.4,142,30.3,11,16,556,75.5,5,32,858,19,57.6,4491,0,14,7,6,73
191,234,Jordan Holsgrove,sct SCO,MF,Celta Vigo,20,1.6,2,1.24,0,0.00,5,1,2,66.7,43,30.2,2,0,92,88.5,0,1,124,0,0.0,402,0,1,0,0,58
192,235,Vicente Iborra,es ESP,MF,Villarreal,32,10.3,10,0.97,1,0.10,18,13,5,26.3,126,31.0,19,5,545,90.2,0,2,688,5,83.3,1724,0,3,0,0,79
193,238,Borja Iglesias,es ESP,FW,Betis,27,15.7,24,1.53,6,0.38,1,0,0,0.0,228,22.8,11,5,202,74.5,0,5,434,8,36.4,842,11,34,10,0,79
194,239,Asier Illarramendi,es ESP,MF,Real Sociedad,30,3.7,5,1.34,0,0.00,4,3,1,25.0,37,37.8,6,5,238,91.2,0,1,286,0,,1212,0,0,0,0,80
195,240,Pablo Insua,es ESP,DF,Huesca,26,17.6,8,0.45,1,0.06,30,18,12,37.5,227,34.8,20,15,647,85.7,0,2,902,3,100.0,2878,0,4,0,0,71
196,241,Takashi Inui,jp JPN,MFFW,Eibar,32,20.2,41,2.03,0,0.00,16,10,5,26.3,312,31.1,27,15,366,68.5,0,14,770,31,49.2,3171,1,37,17,0,78
197,242,Alexander Isak,se SWE,FW,Real Sociedad,20,26.0,48,1.85,6,0.23,14,10,2,22.2,290,27.6,14,5,329,72.5,2,11,728,34,49.3,2778,17,78,39,5,79
198,243,Isco,es ESP,MFFW,Real Madrid,28,10.1,39,3.87,3,0.30,9,8,1,6.7,144,29.2,10,5,633,86.6,2,20,841,29,69.0,4020,0,21,3,1,84
199,246,Adnan Januzaj,be BEL,FWMF,Real Sociedad,25,11.3,55,4.88,10,0.89,12,6,1,16.7,107,28.0,9,5,409,71.4,5,24,752,41,63.1,2944,4,29,9,4,80
200,247,Jason,es ESP,MFDF,Valencia,26,4.9,10,2.04,1,0.20,11,6,3,18.8,98,24.5,10,9,94,66.2,0,6,227,8,40.0,969,0,5,0,0,76
201,249,Joaquin,es ESP,FWMF,Betis,39,14.3,47,3.28,8,0.56,7,5,3,25.0,152,23.0,18,14,605,80.3,6,32,878,20,57.1,3159,2,12,6,0,80
202,251,Frenkie de Jong,nl NED,MFDF,Barcelona,23,35.0,86,2.45,7,0.20,41,26,11,29.7,360,31.7,32,37,2598,91.8,4,49,3090,48,76.2,14453,3,17,6,0,85
203,252,Luuk de Jong,nl NED,FW,Sevilla,29,14.1,25,1.77,1,0.07,10,5,1,20.0,194,32.0,12,3,261,74.6,0,12,504,11,73.3,698,4,32,11,0,80
204,253,Jens Jønsson,dk DEN,MF,Cádiz,27,29.1,27,0.93,3,0.10,56,41,17,38.6,480,29.8,52,47,536,76.6,0,11,957,14,82.4,2597,0,15,2,0,70
205,254,Jony,es ESP,MFFW,Osasuna,29,9.7,42,4.34,3,0.31,6,6,3,21.4,119,26.1,8,11,231,58.2,2,22,521,17,41.5,1605,0,11,4,0,78
206,255,Joan Jordan,es ESP,MF,Sevilla,26,26.7,73,2.73,8,0.30,50,28,18,23.1,480,26.7,28,19,1775,87.7,6,39,2251,37,84.1,6268,1,23,4,5,79
207,256,Josan,es ESP,MFDF,Elche,30,21.4,30,1.40,3,0.14,40,26,10,27.8,282,23.8,35,21,608,74.9,2,16,1058,40,53.3,4459,4,15,8,0,70
208,257,Willian Jose,br BRA,FW,Real Sociedad,28,7.7,12,1.57,1,0.13,4,4,2,50.0,100,35.0,5,1,186,77.2,1,7,295,4,100.0,863,3,13,8,0,80
209,258,Joselu,es ESP,FW,Alavés,30,33.6,58,1.73,7,0.21,29,21,7,25.0,560,23.4,37,17,611,59.5,3,26,1486,30,46.2,2140,11,89,30,3,76
210,259,Josema,es ESP,DF,Elche,24,21.8,14,0.64,1,0.05,49,29,7,38.9,241,34.4,42,34,784,77.2,1,6,1246,8,72.7,3583,0,6,0,0,66
211,262,Luka Jović,rs SRB,FWMF,Real Madrid,22,1.7,4,2.42,0,0.00,0,0,0,,15,13.3,0,0,34,82.9,0,2,52,1,100.0,89,0,6,1,0,80
212,263,Juanmi,es ESP,FWMF,Betis,27,6.7,7,1.04,0,0.00,11,8,5,31.3,134,29.1,3,3,112,77.8,0,3,203,4,33.3,540,2,14,5,0,75
213,264,Vinicius Junior,br BRA,FW,Real Madrid,20,21.9,70,3.20,9,0.41,34,24,9,20.0,445,26.7,40,8,678,82.5,3,31,1172,60,55.0,5951,3,42,13,0,80
214,265,Damian Kądzior,pl POL,FWMF,Eibar,28,2.2,1,0.46,0,0.00,1,1,1,16.7,34,23.5,1,0,44,57.9,0,1,91,4,100.0,200,0,5,1,1,74
215,266,Lee Kangin,kr KOR,FWMF,Valencia,19,14.0,48,3.42,5,0.36,18,13,5,15.6,321,22.7,10,2,442,81.1,4,20,691,38,80.9,2999,0,25,7,5,74
216,268,Kenedy,br BRA,FWMF,Granada,24,16.3,35,2.14,5,0.31,28,18,4,16.0,259,24.7,32,21,211,63.9,3,17,581,37,52.9,1922,4,36,12,7,76
217,269,Kike,es ESP,FW,Eibar,30,34.3,67,1.95,6,0.17,26,22,3,12.0,556,32.0,35,8,624,67.6,2,25,1407,39,57.4,3830,12,88,34,1,77
218,271,Kenan Kodro,ba BIH,FWMF,Athletic Club,26,0.5,2,4.09,2,4.09,0,0,0,0.0,9,11.1,0,0,6,75.0,0,0,12,0,0.0,44,1,1,1,0,68
219,272,Kenan Kodro,ba BIH,FWMF,Valladolid,26,5.1,7,1.37,1,0.20,0,0,0,0.0,59,18.6,1,4,82,71.9,0,4,162,3,30.0,447,0,7,1,0,68
220,273,Koba Koindredi,fr FRA,MF,Valencia,18,0.2,0,0.00,0,0.00,2,2,0,0.0,4,75.0,0,0,9,81.8,0,0,15,0,,75,0,0,0,0,63
221,274,Koke,es ESP,MF,Atlético Madrid,28,33.6,72,2.14,6,0.18,78,53,30,28.0,616,28.7,46,38,2162,87.7,2,38,2766,28,70.0,7286,1,17,7,0,85
222,275,Geoffrey Kondogbia,cf CTA,MF,Valencia,27,4.9,5,1.02,1,0.20,15,10,5,33.3,118,31.4,4,4,161,85.2,0,0,238,6,66.7,906,0,4,2,1,79
223,276,Geoffrey Kondogbia,cf CTA,MFFW,Atlético Madrid,27,6.8,10,1.47,1,0.15,29,20,9,50.0,170,33.5,13,9,336,86.6,0,4,462,7,63.6,1654,0,5,2,0,79
224,278,Jules Kounde,fr FRA,DF,Sevilla,21,33.1,28,0.85,3,0.09,31,23,10,43.5,242,45.5,42,42,2144,90.7,1,8,2691,32,74.4,10199,2,21,6,0,79
225,279,Toni Kroos,de GER,MF,Real Madrid,30,23.5,107,4.55,13,0.55,39,25,8,15.7,433,26.3,32,22,1949,89.7,10,66,2339,17,73.9,7577,3,34,12,1,88
226,280,Takefusa Kubo,jp JPN,MFFW,Getafe,19,8.9,21,2.35,3,0.34,8,5,1,6.7,193,26.4,22,12,150,71.4,1,9,353,20,45.5,1262,1,15,7,4,75
227,281,Takefusa Kubo,jp JPN,MFFW,Villarreal,19,3.3,14,4.21,1,0.30,5,3,2,50.0,49,34.7,1,2,102,73.4,0,9,191,12,75.0,1025,0,8,5,0,75
228,282,Kuki,es ESP,MF,Valladolid,22,0.3,2,6.00,2,6.00,1,1,0,,10,20.0,1,0,8,72.7,1,1,15,0,,24,0,0,0,0,65
229,283,Victor Laguardia,es ESP,DF,Alavés,30,29.2,12,0.41,2,0.07,22,16,12,34.3,188,39.4,47,26,814,77.7,1,5,1332,0,,3179,0,8,3,0,78
230,284,Diego Lainez,mx MEX,FW,Betis,20,9.6,27,2.82,6,0.63,13,9,5,33.3,140,25.7,17,16,284,78.9,2,13,505,27,61.4,2520,0,14,4,0,72
231,285,Toni Lato,es ESP,DF,Valencia,22,8.1,9,1.11,1,0.12,10,6,8,44.4,134,29.1,27,11,287,77.2,0,3,440,6,85.7,972,1,2,2,0,73
232,287,Robin Le Normand,fr FRA,DF,Real Sociedad,23,30.5,12,0.39,4,0.13,40,21,12,57.1,250,29.2,43,34,1435,87.7,1,1,1955,2,66.7,7768,0,17,1,0,75
233,288,Jeremias Ledesma,ar ARG,GK,Cádiz,27,32.0,6,0.19,0,0.00,0,0,0,0.0,2,0.0,2,0,462,46.3,0,0,1101,2,100.0,3242,0,0,0,0,74
234,289,Florian Lejeune,fr FRA,DF,Alavés,29,33.5,17,0.51,3,0.09,48,29,20,66.7,263,35.4,54,58,1116,80.5,1,6,1802,10,83.3,4234,1,23,6,5,77
235,290,Iñigo Lekue,es ESP,DF,Athletic Club,27,7.2,14,1.96,0,0.00,13,8,5,38.5,110,25.5,18,6,332,79.4,0,6,512,16,57.1,1652,0,2,1,0,74
236,291,Thomas Lemar,fr FRA,MFFW,Atlético Madrid,24,15.2,36,2.37,8,0.53,33,19,11,37.9,311,27.3,26,12,661,81.6,3,20,985,41,87.2,3927,1,23,10,2,81
237,292,Clement Lenglet,fr FRA,DF,Barcelona,25,27.5,26,0.95,5,0.18,41,25,14,53.8,338,36.4,39,35,2129,92.8,0,7,2506,11,68.8,9951,1,11,5,0,85
238,293,Pedro Leon,es ESP,MFFW,Eibar,33,10.4,26,2.50,2,0.19,10,7,6,25.0,141,35.5,18,5,217,58.6,2,17,482,14,66.7,1535,1,20,6,5,79
239,294,Sergio Leon,es ESP,FW,Levante,31,8.3,17,2.05,2,0.24,7,3,1,14.3,133,24.8,5,4,97,70.8,0,6,239,8,50.0,495,2,19,5,0,74
240,295,Diego Llorente,es ESP,DF,Real Sociedad,26,1.0,0,0.00,0,0.00,1,0,0,0.0,7,28.6,1,0,48,88.9,0,0,65,0,,246,0,0,0,0,76
241,296,Marcos Llorente,es ESP,MFDF,Atlético Madrid,25,32.8,75,2.28,15,0.46,73,44,26,48.1,649,29.6,63,31,1106,82.5,11,42,1733,38,60.3,6594,12,49,22,0,82
242,297,Renan Lodi,br BRA,DF,Atlético Madrid,22,12.5,28,2.23,4,0.32,32,16,13,52.0,190,34.7,27,23,589,78.0,2,15,921,24,80.0,2889,1,12,4,0,81
243,298,Adrian Lopez,es ESP,FWMF,Osasuna,32,5.3,15,2.81,2,0.37,6,4,2,33.3,58,15.5,4,1,134,72.8,1,5,259,11,55.0,779,1,10,2,0,75
244,299,Javi Lopez,es ESP,DFMF,Alavés,18,2.8,3,1.09,0,0.00,6,5,1,100.0,51,29.4,4,6,113,77.4,0,3,183,4,57.1,620,0,1,1,0,58
245,300,Pedro Lopez Muñoz,es ESP,DF,Huesca,36,11.9,16,1.35,2,0.17,30,22,17,65.4,139,32.4,26,10,549,81.8,1,7,785,8,50.0,1999,0,3,0,0,72
246,301,Roberto Lopez,es ESP,MFFW,Real Sociedad,20,5.6,19,3.39,1,0.18,4,2,1,11.1,85,22.4,5,3,189,75.9,0,10,301,3,60.0,756,3,14,4,2,64
247,302,Unai Lopez,es ESP,MF,Athletic Club,24,15.8,42,2.65,2,0.13,31,22,9,32.1,252,29.8,26,11,845,84.0,0,17,1151,17,77.3,3779,3,25,11,5,77
248,303,Anthony Lozano,hn HON,FWMF,Cádiz,27,16.9,32,1.89,5,0.30,11,10,1,14.3,201,20.9,11,3,170,61.2,1,10,495,23,65.7,1473,3,36,15,0,70
249,304,Jeison Lucumi,co COL,FWMF,Elche,25,0.5,0,0.00,0,0.00,1,1,1,100.0,7,28.6,1,0,8,72.7,0,0,15,1,50.0,61,0,0,0,0,73
250,305,Jose Luis Gayà,es ESP,DF,Valencia,25,31.6,63,1.99,11,0.35,59,35,33,47.8,364,30.5,37,35,1184,78.2,7,38,1808,32,68.1,5752,1,22,5,2,83
251,306,Jose Luis Morales,es ESP,FWMF,Levante,33,27.1,62,2.29,10,0.37,20,13,9,20.0,436,26.1,30,11,508,68.8,3,33,1024,36,47.4,3883,13,57,26,1,79
252,307,Luisinho,pt POR,DF,Huesca,35,2.0,2,1.01,0,0.00,4,0,1,25.0,20,35.0,4,1,100,84.0,0,0,142,1,100.0,368,0,1,0,0,73
253,308,Luismi,es ESP,MFDF,Elche,28,1.9,1,0.54,0,0.00,5,4,0,,25,24.0,1,3,94,86.2,0,0,125,1,100.0,312,0,0,0,0,70
254,309,Darwin Machis,ve VEN,FWMF,Granada,27,22.5,57,2.53,12,0.53,29,19,10,29.4,254,29.5,26,39,345,61.9,5,26,859,52,59.1,3794,4,47,20,5,78
255,310,Pablo Maffeo,es ESP,DF,Huesca,23,21.8,45,2.06,7,0.32,30,22,8,38.1,258,34.1,36,32,750,69.6,4,17,1298,26,53.1,4151,1,11,5,0,74
256,311,Abdallahi Mahmoud,mr MTN,MF,Alavés,20,0.7,1,1.36,0,0.00,3,2,1,50.0,14,28.6,0,1,13,72.2,0,1,24,0,,30,0,0,0,0,62
257,312,Nemanja Maksimović,rs SRB,MF,Getafe,25,30.3,40,1.32,1,0.03,56,35,11,22.0,623,27.4,58,50,581,77.0,0,19,1043,13,59.1,2731,1,16,4,0,79
258,313,Filip Malbašić,rs SRB,FWMF,Cádiz,27,9.6,8,0.84,3,0.31,14,8,5,27.8,197,21.3,15,4,96,55.2,1,1,283,5,41.7,972,0,9,1,0,69
259,314,Hugo Mallo,es ESP,DF,Celta Vigo,29,28.9,37,1.28,2,0.07,72,37,27,54.0,411,29.0,72,29,1339,76.9,1,15,2096,18,52.9,4587,3,20,11,0,78
260,315,Mickael Malsa,mq MTQ,MF,Levante,24,26.0,29,1.12,1,0.04,63,36,21,38.2,458,29.3,42,51,1171,85.8,0,11,1634,20,71.4,5172,1,25,7,0,70
261,316,Aïssa Mandi,dz ALG,DF,Betis,28,26.6,8,0.30,1,0.04,30,20,8,57.1,163,36.8,34,33,1378,92.1,1,3,1719,2,66.7,5002,3,9,7,0,79
262,317,Eliaquim Mangala,fr FRA,DF,Valencia,29,3.6,0,0.00,0,0.00,1,1,0,,37,21.6,8,4,73,69.5,0,0,152,1,100.0,311,0,2,0,0,74
263,319,Marcelo,br BRA,DF,Real Madrid,32,11.7,38,3.26,3,0.26,25,17,10,40.0,145,33.1,22,9,705,81.0,2,16,988,16,66.7,2637,0,12,0,0,83
264,321,Oscar de Marcos,es ESP,DFMF,Athletic Club,31,16.9,20,1.18,4,0.24,22,17,11,34.4,203,26.1,34,19,583,76.3,2,12,904,7,53.8,2975,1,6,5,0,78
265,322,Jose Mari,es ESP,MF,Cádiz,32,16.1,13,0.81,1,0.06,30,22,11,36.7,265,34.0,25,15,335,71.0,0,7,638,21,65.6,1314,1,16,3,0,70
266,323,Jose Maria Gimenez,uy URU,DF,Atlético Madrid,25,19.6,6,0.31,0,0.00,23,15,10,52.6,117,27.4,27,21,967,88.4,0,3,1270,1,50.0,4235,0,15,5,0,84
267,324,Mariano,do DOM,FW,Real Madrid,26,5.7,9,1.58,1,0.18,2,2,0,0.0,107,22.4,5,0,78,75.0,0,2,167,12,66.7,483,1,15,3,0,77
268,325,Adrian Marin,es ESP,DFMF,Alavés,23,1.0,2,1.94,0,0.00,1,1,0,,24,25.0,5,1,40,74.1,0,2,68,0,0.0,143,0,1,0,0,60
269,325,Adrian Marin,es ESP,DFMF,Alavés,23,1.0,2,1.94,0,0.00,1,1,0,,24,25.0,5,1,40,74.1,0,2,68,0,0.0,143,0,1,0,0,73
270,326,Adrian Marin,es ESP,DFFW,Granada,23,3.0,5,1.67,2,0.67,4,2,1,50.0,32,21.9,10,7,85,69.1,1,2,157,3,100.0,285,0,1,0,0,60
271,326,Adrian Marin,es ESP,DFFW,Granada,23,3.0,5,1.67,2,0.67,4,2,1,50.0,32,21.9,10,7,85,69.1,1,2,157,3,100.0,285,0,1,0,0,73
272,327,Roger Marti,es ESP,FW,Levante,29,24.4,33,1.35,7,0.29,20,13,5,22.7,440,18.4,19,5,361,69.0,4,16,731,15,65.2,1642,12,43,19,0,77
273,330,Iñigo Martinez,es ESP,DF,Athletic Club,29,28.0,15,0.54,0,0.00,29,14,12,38.7,200,33.5,28,37,1193,83.6,0,5,1700,6,75.0,7378,1,17,7,1,80
274,331,Javi Martinez,es ESP,MFFW,Osasuna,20,5.1,10,1.96,1,0.20,12,9,5,33.3,123,25.2,13,4,108,67.9,1,6,212,5,62.5,675,1,3,1,0,61
275,332,Marvin,es ESP,DFFW,Real Madrid,20,1.5,2,1.35,1,0.68,4,1,0,,24,45.8,2,1,69,85.2,1,2,109,0,0.0,335,0,1,0,0,68
276,333,Jordi Masip,es ESP,GK,Valladolid,31,25.0,3,0.12,0,0.00,0,0,0,0.0,6,0.0,2,0,417,52.1,0,0,852,0,,1728,0,0,0,0,81
277,334,Jaime Mata,es ESP,FW,Getafe,31,22.6,42,1.86,3,0.13,14,10,2,22.2,311,22.8,16,11,395,66.3,0,14,819,10,47.6,1693,5,38,16,0,79
278,335,Borja Mayoral,es ESP,FW,Real Madrid,23,0.3,0,0.00,0,0.00,0,0,0,0.0,9,11.1,0,0,3,60.0,0,0,9,0,0.0,14,0,0,0,0,76
279,336,Gonzalo Melero,es ESP,MFFW,Levante,26,20.6,42,2.04,4,0.19,22,19,7,18.9,326,25.5,25,21,934,89.1,1,19,1239,16,61.5,4103,7,28,9,0,75
280,337,Brais Mendez,es ESP,MFFW,Celta Vigo,23,29.7,57,1.92,15,0.51,63,45,19,25.3,649,27.4,40,37,936,78.8,0,19,1595,17,31.5,3961,9,49,21,1,75
281,338,Edgar Mendez,es ESP,MFFW,Alavés,30,23.2,36,1.55,2,0.09,45,21,14,29.8,432,22.9,28,16,286,57.3,1,20,789,26,54.2,2600,5,34,10,0,73
282,339,Eñaut Mendia,es ESP,FW,Eibar,21,0.7,0,0.00,0,0.00,2,1,2,100.0,10,20.0,1,0,5,45.5,0,0,18,0,,44,0,1,0,0,59
283,340,Ferland Mendy,fr FRA,DF,Real Madrid,25,24.5,46,1.87,1,0.04,31,17,13,54.2,192,35.4,41,25,1324,89.7,0,20,1719,36,58.1,7214,1,12,2,0,83
284,341,Mikel Merino,es ESP,MF,Real Sociedad,24,23.9,52,2.17,8,0.33,58,36,14,26.9,454,33.3,48,32,922,76.2,4,21,1516,30,78.9,3870,2,33,8,0,80
285,342,Martin Merquelanz,es ESP,FWMF,Real Sociedad,25,6.1,20,3.28,1,0.16,5,2,2,28.6,54,20.4,8,8,173,67.6,1,10,341,3,37.5,1186,0,11,4,1,75
286,343,Roque Mesa,es ESP,MF,Valladolid,31,19.6,42,2.15,0,0.00,44,34,13,31.7,387,28.7,24,13,741,78.7,0,16,1171,27,75.0,5158,1,25,4,2,77
287,344,Lionel Messi,ar ARG,FWMF,Barcelona,33,33.6,241,7.17,38,1.13,22,16,7,35.0,291,33.7,12,7,1989,82.3,9,77,2918,149,65.1,13405,30,190,85,40,93
288,345,Omenuke Mfulu,cd COD,MF,Elche,26,8.8,2,0.23,0,0.00,23,15,7,36.8,170,30.0,7,10,299,88.7,0,1,418,1,25.0,907,0,3,0,0,65
289,346,Michel,es ESP,MF,Valladolid,32,10.5,31,2.95,0,0.00,20,13,5,23.8,213,24.4,17,13,528,79.8,0,12,748,6,85.7,2413,2,10,5,2,73
290,347,Eder Militão,br BRA,DF,Real Madrid,22,12.6,7,0.56,1,0.08,22,13,8,42.1,113,36.3,21,21,695,90.5,0,0,921,2,50.0,3351,1,12,3,0,80
291,348,Luis Milla,es ESP,MF,Granada,25,13.9,31,2.23,4,0.29,20,16,3,11.5,279,32.6,19,21,416,77.8,1,20,649,10,83.3,2121,1,10,3,2,76
292,349,Pere Milla,es ESP,FWMF,Elche,27,22.0,39,1.77,8,0.36,28,21,11,26.2,464,25.9,23,18,424,73.5,3,13,843,17,56.7,2496,4,30,11,0,72
293,351,Santi Mina,es ESP,FW,Celta Vigo,24,26.8,38,1.42,9,0.34,34,19,9,31.0,519,21.6,18,10,455,74.1,3,12,891,9,42.9,1796,12,45,22,1,76
294,353,Rafa Mir,es ESP,FW,Huesca,23,32.0,28,0.88,2,0.06,15,9,4,28.6,432,22.9,25,11,280,59.3,1,11,816,17,63.0,2243,13,114,44,2,70
295,354,Jorge Miramon,es ESP,DF,Levante,31,19.2,38,1.97,6,0.31,41,24,20,52.6,208,36.1,48,34,824,78.3,3,14,1253,14,87.5,3678,0,10,0,0,76
296,355,Juan Miranda,es ESP,DF,Betis,20,18.4,21,1.14,3,0.16,31,15,12,37.5,249,28.9,46,27,701,75.0,2,13,1150,5,45.5,1969,1,9,3,1,70
297,356,Luka Modrić,hr CRO,MF,Real Madrid,34,30.4,95,3.13,7,0.23,40,26,16,38.1,374,28.1,28,53,2005,86.9,3,49,2576,56,72.7,10064,5,45,15,1,87
298,358,Guillem Molina,es ESP,DF,Valencia,20,1.7,0,0.00,0,0.00,1,0,0,0.0,31,32.3,5,2,56,80.0,0,0,87,3,75.0,145,0,0,0,0,67
299,359,Jorge Molina,es ESP,FWMF,Granada,38,17.9,40,2.23,7,0.39,8,6,2,20.0,223,21.5,6,2,294,62.4,2,21,621,6,37.5,993,8,24,12,0,78
300,360,Victor Mollejo,es ESP,MFDF,Getafe,19,0.8,5,6.25,0,0.00,1,1,1,50.0,8,25.0,1,0,24,70.6,0,2,44,2,50.0,195,0,0,0,0,69
301,361,Jon Moncayola,es ESP,MF,Osasuna,22,29.6,32,1.08,2,0.07,53,28,21,32.3,638,25.4,46,21,935,81.9,0,16,1401,11,68.8,3708,2,38,11,0,73
302,362,Nacho Monreal,es ESP,DF,Real Sociedad,34,23.1,20,0.86,2,0.09,31,20,9,40.9,232,38.4,34,32,981,80.9,1,10,1412,8,57.1,3054,1,11,1,0,80
303,363,Angel Montoro,es ESP,MF,Granada,32,15.1,40,2.64,1,0.07,19,13,5,33.3,177,26.6,24,15,518,69.5,1,22,866,2,50.0,2113,1,15,2,3,77
304,364,Martin Montoya,es ESP,DF,Betis,29,2.7,5,1.88,0,0.00,6,2,2,66.7,28,17.9,4,1,125,76.7,0,4,192,2,50.0,380,0,2,0,0,77
305,365,Emre Mor,tr TUR,FWMF,Celta Vigo,23,5.6,5,0.90,0,0.00,8,7,1,16.7,99,29.3,8,2,95,76.6,0,2,207,17,60.7,779,0,8,2,0,72
306,366,Jon Morcillo,es ESP,MFFW,Athletic Club,21,15.1,42,2.77,4,0.26,12,7,1,4.2,235,20.0,22,22,319,61.6,2,25,674,12,44.4,3209,2,24,8,3,67
307,367,Alberto Moreno,es ESP,DF,Villarreal,28,2.1,5,2.33,0,0.00,5,3,2,33.3,29,27.6,5,1,84,84.0,0,0,124,3,75.0,616,0,4,0,1,77
308,368,Alex Moreno,es ESP,DF,Betis,27,19.8,31,1.56,4,0.20,42,25,14,29.2,279,29.4,35,26,907,78.3,2,17,1393,21,58.3,4185,0,11,3,0,77
309,369,Gerard Moreno,es ESP,FWMF,Villarreal,28,29.7,81,2.73,18,0.61,19,13,8,21.1,327,25.1,27,15,771,68.7,7,43,1554,78,64.5,5153,23,86,35,0,83
310,370,Tete Morente,es ESP,MFFW,Elche,23,22.4,34,1.52,9,0.40,36,27,13,30.2,331,29.3,28,17,557,75.1,5,15,1025,49,64.5,3471,2,19,3,0,69
311,372,Loren Moron,es ESP,FWMF,Betis,26,11.0,19,1.73,1,0.09,11,9,0,0.0,175,21.7,9,7,136,70.1,0,6,348,10,43.5,759,1,23,3,0,78
312,373,Pedro Mosquera,es ESP,MF,Huesca,32,22.8,23,1.01,3,0.13,42,24,15,34.1,385,28.3,41,15,1041,85.9,0,14,1390,9,69.2,4414,0,8,1,0,74
313,374,Javi Moyano,es ESP,DF,Valladolid,34,1.1,0,0.00,0,0.00,0,0,0,0.0,8,12.5,2,0,28,68.3,0,0,45,0,,74,0,0,0,0,71
314,375,Iker Muniain,es ESP,MFFW,Athletic Club,27,21.6,76,3.52,12,0.56,30,19,9,28.1,275,31.3,17,14,860,81.8,3,36,1272,45,75.0,4680,5,23,9,1,83
315,376,Aihen Muñoz,es ESP,DF,Real Sociedad,22,13.4,16,1.19,3,0.22,24,14,9,45.0,158,30.4,20,8,510,68.2,1,7,863,12,66.7,1809,0,4,1,0,73
316,377,Joaquin Muñoz,es ESP,FW,Huesca,21,0.5,2,4.39,0,0.00,0,0,0,,15,13.3,1,0,12,63.2,0,1,31,3,60.0,114,0,1,1,0,66
317,378,Jeison Murillo,co COL,DF,Celta Vigo,28,30.0,9,0.30,0,0.00,47,31,17,48.6,293,39.2,49,33,1427,90.0,0,2,1867,5,71.4,5677,2,7,3,0,77
318,379,Yunus Musah,us USA,MF,Valencia,17,17.0,25,1.47,1,0.06,23,11,7,30.4,287,24.0,32,8,331,74.7,0,9,661,27,48.2,2590,1,6,2,0,64
319,380,Yoshinori Mutō,jp JPN,FWMF,Eibar,28,12.5,28,2.25,2,0.16,13,10,3,27.3,185,31.4,9,5,163,67.6,1,11,377,17,70.8,1020,1,21,6,0,72
320,381,Nacho,es ESP,DF,Valladolid,31,20.1,44,2.18,3,0.15,39,21,19,32.2,306,29.4,40,26,760,72.2,1,23,1261,9,47.4,3328,0,8,1,3,78
321,381,Nacho,es ESP,DF,Valladolid,31,20.1,44,2.18,3,0.15,39,21,19,32.2,306,29.4,40,26,760,72.2,1,23,1261,9,47.4,3328,0,8,1,3,80
322,382,Nacho,es ESP,DF,Real Madrid,30,22.2,14,0.63,4,0.18,36,21,12,34.3,258,35.7,29,35,1124,90.7,0,4,1427,7,63.6,4978,1,11,3,1,78
323,382,Nacho,es ESP,DF,Real Madrid,30,22.2,14,0.63,4,0.18,36,21,12,34.3,258,35.7,29,35,1124,90.7,0,4,1427,7,63.6,4978,1,11,3,1,80
324,383,Nano,es ESP,FW,Cádiz,25,0.1,0,0.00,0,0.00,0,0,0,,2,50.0,0,0,1,33.3,0,0,4,1,50.0,4,0,0,0,0,69
325,384,Roberto Navarro,es ESP,MF,Real Sociedad,18,0.4,1,2.57,0,0.00,2,2,1,50.0,19,36.8,1,0,17,77.3,0,1,28,0,0.0,98,0,0,0,0,63
326,385,Ximo Navarro,es ESP,DF,Alavés,30,26.4,22,0.83,4,0.15,47,35,15,41.7,299,34.8,48,57,810,76.7,1,10,1347,16,64.0,4172,1,13,3,0,74
327,386,Jesus Navas,es ESP,DF,Sevilla,34,31.4,98,3.12,9,0.29,30,18,15,53.6,202,31.7,44,28,1677,79.7,6,63,2353,19,65.5,7378,0,15,2,0,84
328,387,Raul Navas,es ESP,DF,Osasuna,32,1.9,2,1.07,0,0.00,6,5,3,42.9,25,52.0,5,3,45,77.6,0,1,80,0,,199,0,0,0,0,73
329,388,Alvaro Negredo,es ESP,FW,Cádiz,34,24.4,35,1.43,8,0.33,12,7,3,37.5,170,21.2,14,2,332,58.0,4,18,805,27,64.3,1148,8,47,20,1,76
330,389,Neto,br BRA,GK,Barcelona,31,7.0,1,0.14,0,0.00,0,0,0,0.0,0,,0,0,210,87.9,0,0,262,0,,508,0,0,0,0,82
331,390,Carlos Neva,es ESP,DF,Granada,24,20.0,15,0.75,2,0.10,14,7,6,40.0,143,28.7,58,32,442,71.2,0,5,812,7,58.3,1675,0,8,1,0,76
332,393,Saul Ñiguez,es ESP,MFDF,Atlético Madrid,25,22.6,35,1.55,3,0.13,72,52,36,51.4,431,29.0,44,22,995,83.7,1,25,1451,12,66.7,3481,2,33,10,0,71
333,394,Nino,es ESP,MFFW,Elche,40,3.2,3,0.95,0,0.00,0,0,0,0.0,26,26.9,1,0,107,87.0,0,2,143,1,100.0,471,0,3,1,0,70
334,395,Fernando Niño,es ESP,FW,Villarreal,19,6.6,8,1.21,1,0.15,5,1,1,14.3,104,27.9,6,0,99,75.6,0,4,203,9,90.0,586,3,14,8,0,65
335,396,Nolito,es ESP,MFFW,Celta Vigo,33,28.9,71,2.46,13,0.45,73,44,30,34.1,483,32.1,55,24,739,73.5,5,34,1338,24,47.1,3494,7,55,25,3,76
336,397,Unai Nuñez,es ESP,DF,Athletic Club,23,23.4,11,0.47,1,0.04,28,21,9,52.9,159,44.7,40,25,987,85.5,1,5,1424,7,77.8,5208,1,13,5,0,78
337,398,Kelechi Nwakali,ng NGA,MFFW,Huesca,22,1.6,4,2.55,0,0.00,6,6,0,0.0,22,36.4,1,0,70,86.4,0,1,96,3,75.0,373,0,0,0,0,63
338,399,Allan Nyom,cm CMR,MFDF,Getafe,32,25.8,32,1.24,4,0.15,42,24,22,59.5,317,30.9,41,26,592,65.6,2,19,1138,13,54.2,2822,0,10,2,0,75
339,400,Jan Oblak,si SVN,GK,Atlético Madrid,27,38.0,2,0.05,1,0.03,0,0,0,,1,0.0,0,0,642,64.0,0,0,1077,1,100.0,2155,0,0,0,0,91
340,401,Lucas Ocampos,ar ARG,FW,Sevilla,26,29.2,79,2.70,9,0.31,48,29,18,36.7,427,32.6,43,26,763,76.4,4,30,1433,72,62.1,5639,5,64,15,0,82
341,402,Martin Ødegaard,no NOR,MFFW,Real Madrid,21,2.6,6,2.31,0,0.00,1,0,1,50.0,32,15.6,1,1,147,84.0,0,5,189,1,100.0,768,0,3,0,0,83
342,403,Alvaro Odriozola,es ESP,DF,Real Madrid,24,9.2,18,1.95,1,0.11,14,5,4,57.1,120,24.2,15,8,403,86.5,0,9,545,7,58.3,2325,2,3,2,0,79
343,404,Shinji Okazaki,jp JPN,FWMF,Huesca,34,12.5,15,1.20,2,0.16,7,6,0,0.0,207,30.4,8,4,132,76.3,1,7,284,5,38.5,572,1,19,4,0,72
344,408,Kiko Olivas,es ESP,DFMF,Valladolid,31,2.0,2,1.02,0,0.00,5,4,3,75.0,14,21.4,2,9,90,87.4,0,0,122,0,,562,0,0,0,0,75
345,409,Paulo Oliveira,pt POR,DF,Eibar,28,29.3,9,0.31,1,0.03,48,26,16,39.0,205,36.1,51,40,790,70.5,1,2,1488,3,75.0,3963,0,13,3,0,76
346,410,Mathias Olivera,uy URU,DF,Getafe,22,29.0,40,1.38,0,0.00,71,41,31,52.5,432,28.5,50,35,790,70.0,0,20,1478,22,66.7,3797,0,18,5,0,77
347,411,Javier Ontiveros,es ESP,FWMF,Huesca,22,10.2,44,4.31,1,0.10,28,19,12,35.3,184,27.7,10,12,364,77.3,1,17,629,42,65.6,3548,2,35,9,4,75
348,412,Fabian Orellana,cl CHI,MFFW,Valladolid,34,23.8,69,2.90,4,0.17,35,20,12,22.2,374,23.3,31,15,593,72.5,2,30,1125,30,44.1,4228,6,24,12,1,79
349,413,Mikel Oyarzabal,es ESP,FWMF,Real Sociedad,23,26.8,101,3.77,19,0.71,28,18,8,20.5,388,28.6,38,18,695,70.1,8,49,1291,30,50.0,4232,11,58,22,5,84
350,414,Fernando Pacheco,es ESP,GK,Alavés,28,37.2,3,0.08,0,0.00,1,0,1,25.0,6,0.0,0,0,751,69.5,0,0,1175,0,,2353,0,0,0,0,82
351,417,Ante Palaversa,hr CRO,MF,Getafe,20,0.1,2,20.00,0,0.00,1,1,0,,5,40.0,1,0,8,72.7,0,2,12,0,,30,0,0,0,0,71
352,418,Daniel Parejo,es ESP,MF,Villarreal,31,34.6,102,2.95,12,0.35,73,56,22,28.6,673,29.7,56,34,2435,88.4,5,45,3029,32,74.4,8424,3,26,9,6,85
353,419,Thomas Partey,gh GHA,MF,Atlético Madrid,27,2.2,5,2.25,0,0.00,10,7,3,60.0,50,30.0,4,2,196,89.1,0,0,243,7,87.5,939,0,5,0,0,84
354,420,Gabriel Paulista,br BRA,DF,Valencia,29,30.2,17,0.56,3,0.10,18,11,10,40.0,132,35.6,46,53,1339,88.9,1,5,1795,4,80.0,6724,4,14,6,0,82
355,421,Alfonso Pedraza,es ESP,DF,Villarreal,24,23.3,55,2.37,9,0.39,41,21,13,33.3,290,27.6,66,28,963,79.5,2,27,1525,25,49.0,4971,1,22,8,0,75
356,422,Pedri,es ESP,MF,Barcelona,17,26.8,79,2.94,8,0.30,48,34,23,32.9,661,28.6,59,35,1514,87.6,3,40,2023,25,55.6,7335,3,25,7,0,72
357,424,Ruben Peña,es ESP,DFMF,Villarreal,29,12.4,16,1.29,4,0.32,25,16,10,31.3,199,26.1,26,15,454,76.6,1,6,739,27,62.8,2679,1,6,2,0,80
358,426,Alberto Perea,es ESP,MF,Cádiz,29,17.2,45,2.61,8,0.46,22,16,8,18.6,277,26.0,26,33,394,74.6,3,14,755,67,75.3,3486,2,29,6,4,69
359,427,Iñigo Perez,es ESP,MFDF,Osasuna,32,15.0,25,1.67,2,0.13,20,14,5,38.5,185,29.2,18,11,466,70.5,0,11,757,1,20.0,1360,0,9,2,1,74
360,428,Juan Perez,es ESP,GK,Osasuna,24,3.0,0,0.00,0,0.00,0,0,0,,0,,0,0,48,55.2,0,0,95,0,,210,0,0,0,0,62
361,429,Kike Perez,es ESP,MF,Valladolid,23,12.9,25,1.94,3,0.23,31,17,11,34.4,315,27.3,21,10,432,80.6,0,14,682,19,70.4,2538,0,16,4,1,66
362,430,Lucas Perez,es ESP,FW,Alavés,31,19.5,88,4.50,10,0.51,13,10,3,27.3,277,23.1,8,6,413,61.8,4,52,847,27,65.9,3099,4,28,10,3,79
363,431,Luis Perez,es ESP,DF,Valladolid,25,14.4,11,0.76,0,0.00,44,23,21,56.8,214,31.8,40,13,434,69.4,0,7,792,3,37.5,1814,0,2,0,0,72
364,432,Nehuen Perez,ar ARG,DF,Granada,20,8.2,1,0.12,0,0.00,7,6,3,50.0,70,28.6,14,9,150,78.1,0,0,267,2,100.0,836,0,5,1,0,75
365,435,Tomas Pina Isla,es ESP,MF,Alavés,32,28.6,20,0.70,0,0.00,53,32,15,36.6,477,28.7,44,42,776,83.4,1,6,1178,20,83.3,3394,1,9,1,0,76
366,437,Gerard Pique,es ESP,DF,Barcelona,33,16.5,5,0.30,1,0.06,21,13,9,64.3,114,40.4,16,15,1173,94.1,0,2,1368,1,100.0,5549,0,8,2,0,86
367,438,Miralem Pjanić,ba BIH,MF,Barcelona,30,7.0,32,4.59,0,0.00,9,5,2,22.2,88,26.1,7,8,694,91.2,0,13,832,9,81.8,2471,0,16,3,2,85
368,439,Oscar Plano,es ESP,MFFW,Valladolid,29,28.0,48,1.72,6,0.21,52,37,16,36.4,445,29.4,57,37,636,74.0,5,20,1205,12,48.0,3789,5,41,10,0,76
369,441,Jorge Pombo,es ESP,FWMF,Cádiz,26,5.8,14,2.41,1,0.17,5,4,0,0.0,90,27.8,4,3,139,76.8,0,7,271,13,54.2,1275,1,14,4,0,69
370,442,Pere Pons,es ESP,MF,Alavés,27,13.2,24,1.82,1,0.08,30,19,4,26.7,270,27.4,19,11,287,77.4,0,10,512,10,52.6,1378,2,9,4,0,75
371,443,Francisco Portillo,es ESP,MFFW,Getafe,30,4.6,11,2.37,1,0.22,5,3,3,21.4,58,20.7,6,5,204,74.5,1,5,313,8,53.3,1018,0,0,0,0,75
372,444,Portu,es ESP,FWMF,Real Sociedad,28,24.3,50,2.06,8,0.33,18,14,2,6.3,389,24.9,24,14,398,68.2,3,29,774,16,59.3,3147,8,32,12,0,83
373,445,Sergio Postigo,es ESP,DF,Levante,31,18.0,10,0.55,0,0.00,22,13,8,38.1,144,29.2,33,39,705,85.5,0,1,1024,3,100.0,3427,0,1,0,0,75
374,446,Dario Poveda,es ESP,FW,Getafe,23,0.1,0,0.00,0,0.00,0,0,0,,3,0.0,0,0,2,40.0,0,0,8,0,,0,0,0,0,0,62
375,447,Alejandro Pozo Pozo,es ESP,DFMF,Eibar,21,24.3,30,1.23,4,0.16,43,26,16,34.0,306,31.7,47,28,825,72.3,0,9,1359,14,43.8,3481,0,11,1,0,70
376,448,Antonio Puertas,es ESP,FWMF,Granada,28,24.1,40,1.66,7,0.29,27,17,11,39.3,326,23.0,38,17,441,66.0,5,16,958,45,66.2,3577,3,28,11,0,77
377,449,Riqui Puig,es ESP,MF,Barcelona,20,3.2,12,3.70,2,0.62,5,5,2,50.0,66,19.7,2,2,318,91.1,0,5,377,6,85.7,1773,1,4,2,0,75
378,450,Jorge Pulido,es ESP,DF,Huesca,29,32.1,19,0.59,2,0.06,43,27,16,34.8,296,38.2,51,35,1374,84.4,0,5,1911,8,72.7,7518,1,17,2,0,75
379,452,Quini,es ESP,DF,Granada,30,13.2,15,1.13,1,0.08,42,23,22,55.0,213,24.4,21,21,361,70.9,0,4,666,15,62.5,1505,1,8,3,0,72
380,453,Quique,es ESP,FWMF,Eibar,30,1.9,1,0.54,0,0.00,0,0,0,0.0,33,15.2,4,0,35,68.6,0,0,68,2,66.7,111,0,4,1,0,74
381,454,Dani Raba,es ESP,MF,Villarreal,24,1.7,8,4.80,1,0.60,3,2,1,25.0,36,27.8,3,2,65,80.2,0,2,115,4,57.1,462,0,6,1,1,73
382,455,Uroš Račić,rs SRB,MF,Valencia,22,24.3,34,1.40,4,0.16,38,26,15,25.4,367,31.3,41,20,867,80.4,1,8,1335,18,60.0,4344,1,35,10,0,75
383,456,Nemanja Radoja,rs SRB,MF,Levante,27,12.5,8,0.64,3,0.24,18,11,6,28.6,162,29.0,17,13,603,88.3,2,3,777,6,75.0,2706,0,7,0,0,75
384,457,Ivan Rakitić,hr CRO,MF,Sevilla,32,24.8,54,2.18,3,0.12,35,30,8,20.0,387,28.7,37,20,1490,87.7,2,21,1957,15,50.0,5615,4,38,8,2,82
385,460,Sergio Ramos,es ESP,DF,Real Madrid,34,14.2,9,0.64,1,0.07,20,12,6,42.9,97,40.2,18,16,1023,91.8,0,4,1225,5,83.3,4399,2,15,4,3,89
386,461,Recio,es ESP,MF,Eibar,29,8.2,28,3.43,0,0.00,16,9,5,31.3,146,32.2,6,4,343,79.8,0,13,511,7,63.6,1923,1,13,2,1,74
387,462,Francisco Reis Ferreira,pt POR,DF,Valencia,23,2.0,0,0.00,0,0.00,0,0,0,0.0,16,43.8,0,1,67,88.2,0,0,84,0,,173,0,0,0,0,70
388,464,Alex Remiro,es ESP,GK,Real Sociedad,25,38.0,3,0.08,0,0.00,0,0,0,0.0,3,0.0,1,0,855,71.1,0,0,1268,1,100.0,3180,0,0,0,0,80
389,466,Ricard,es ESP,DF,Atlético Madrid,20,0.3,2,6.00,0,0.00,1,1,0,,7,57.1,1,0,14,70.0,0,0,25,0,,23,0,1,0,0,65
390,467,Mikel Rico,es ESP,MF,Huesca,35,24.3,46,1.90,7,0.29,25,15,9,20.9,376,25.0,31,20,704,78.1,4,19,1117,29,64.4,3422,1,20,6,0,73
391,469,Luis Rioja,es ESP,MFDF,Alavés,26,23.2,51,2.20,10,0.43,25,15,9,18.8,319,24.1,28,31,436,67.0,2,25,917,43,59.7,3786,4,25,10,0,74
392,470,Rober,es ESP,DFMF,Levante,25,15.8,7,0.44,1,0.06,23,14,8,40.0,188,32.4,31,39,726,85.1,1,3,1039,6,100.0,3886,0,6,0,0,73
393,471,Roberto,es ESP,GK,Valladolid,34,13.0,0,0.00,0,0.00,0,0,0,0.0,0,,0,0,200,48.7,0,0,441,0,,706,0,0,0,0,75
394,472,Sergi Roberto,es ESP,DFMF,Barcelona,28,10.5,18,1.71,2,0.19,12,7,7,50.0,87,25.3,25,8,800,90.2,2,13,966,8,88.9,2843,1,5,1,0,83
395,473,Joel Robles,es ESP,GK,Betis,30,18.0,2,0.11,0,0.00,0,0,0,,4,0.0,0,0,355,62.8,0,1,595,0,,1324,0,0,0,0,76
396,474,Ruben Rochina,es ESP,MF,Levante,29,15.6,46,2.95,3,0.19,42,31,13,32.5,337,30.3,25,22,600,72.1,1,16,1056,41,78.8,3579,0,36,8,0,77
397,476,Kevin Rodrigues,pt POR,MFDF,Eibar,26,12.2,21,1.73,1,0.08,18,11,7,31.8,193,25.9,22,14,376,67.6,1,12,700,14,51.9,1845,1,9,4,0,74
398,478,Oscar Rodriguez Arnaiz,es ESP,MFFW,Sevilla,22,5.7,21,3.70,1,0.18,17,14,4,28.6,89,36.0,4,8,260,76.0,0,11,416,10,50.0,1357,0,10,2,1,75
399,479,Guido Rodriguez,ar ARG,MF,Betis,26,31.8,38,1.19,1,0.03,105,69,38,41.8,706,31.4,77,58,1408,85.2,0,11,2037,28,84.8,4827,1,30,9,0,76
400,481,Victor Rodriguez,es ESP,MF,Elche,31,4.7,8,1.69,0,0.00,4,4,1,11.1,93,25.8,10,9,296,91.1,0,4,366,2,40.0,1380,0,0,0,0,74
401,482,Rodrygo,br BRA,FW,Real Madrid,19,10.9,40,3.66,9,0.82,15,7,2,11.1,220,22.3,20,7,340,81.0,6,17,583,19,44.2,2574,1,26,5,1,79
402,483,Facundo Roncaglia,ar ARG,DF,Osasuna,33,13.7,14,1.02,2,0.15,22,15,8,50.0,153,35.3,17,12,390,69.6,1,4,679,3,50.0,1836,1,13,2,0,73
403,484,Ruben,es ESP,GKMF,Osasuna,36,2.1,0,0.00,0,0.00,0,0,0,,3,0.0,0,0,40,65.6,0,0,65,0,,103,0,0,0,0,74
404,485,Waldo Rubio,es ESP,FWMF,Valladolid,24,4.2,6,1.44,1,0.24,7,5,2,18.2,105,21.9,8,1,82,67.8,0,1,165,5,45.5,708,1,8,1,0,75
405,486,Aitor Ruibal,es ESP,FWMF,Betis,24,17.7,54,3.05,3,0.17,38,24,16,32.7,310,31.6,25,21,426,75.7,2,23,798,37,55.2,2784,2,34,13,0,67
406,488,Victor Ruiz,es ESP,DF,Betis,31,24.0,5,0.21,0,0.00,17,11,5,50.0,141,34.8,26,46,1098,88.2,0,2,1475,4,100.0,5002,2,4,4,0,77
407,489,Geronimo Rulli,ar ARG,GK,Villarreal,28,2.0,0,0.00,0,0.00,0,0,0,,0,,0,0,77,80.2,0,0,99,0,,227,0,0,0,0,82
408,490,Modibo Sagnan,fr FRA,DFMF,Real Sociedad,21,6.9,4,0.58,0,0.00,12,5,4,50.0,71,36.6,10,7,335,86.8,0,2,453,2,66.7,1724,0,5,1,1,69
409,491,Borja Sainz,es ESP,MFFW,Alavés,19,5.0,5,0.99,0,0.00,9,8,2,16.7,133,31.6,10,5,86,76.8,0,2,200,8,33.3,1025,1,8,4,0,65
410,492,Salvi,es ESP,MFFW,Cádiz,29,21.5,29,1.35,1,0.05,21,12,9,40.9,317,26.5,23,18,327,56.4,0,18,808,9,36.0,2592,2,16,5,0,74
411,493,Fede San Emeterio,es ESP,MF,Valladolid,23,16.2,9,0.55,0,0.00,31,18,6,22.2,321,25.9,33,15,433,78.4,0,4,697,3,100.0,1075,0,3,0,0,73
412,494,Antonio Sanabria,py PAR,FW,Betis,24,10.4,16,1.55,3,0.29,7,6,1,25.0,137,21.9,6,2,161,74.9,0,3,330,9,69.2,1088,3,24,12,0,74
413,495,Oihan Sancet,es ESP,FWMF,Athletic Club,20,11.5,25,2.17,4,0.35,10,9,4,33.3,233,23.6,7,3,259,73.8,2,12,471,16,61.5,1969,2,18,6,0,72
414,496,German Sanchez,es ESP,DF,Granada,33,29.3,5,0.17,1,0.03,26,11,10,40.0,167,34.7,46,26,694,77.6,1,1,1230,3,100.0,2539,3,14,5,0,77
415,497,Javi Sanchez,es ESP,DF,Valladolid,23,10.2,5,0.49,0,0.00,19,12,7,87.5,74,32.4,18,13,295,82.9,0,3,468,2,100.0,1416,0,3,0,0,70
416,498,Manuel Sanchez,es ESP,DF,Osasuna,19,10.8,25,2.31,4,0.37,27,11,10,43.5,205,31.2,14,11,402,73.6,4,14,654,8,53.3,1695,0,3,1,0,70
417,499,Manuel Sanchez,es ESP,DF,Atlético Madrid,19,0.5,1,1.84,1,1.84,0,0,0,0.0,5,0.0,5,0,24,77.4,1,1,36,0,,190,0,0,0,0,70
418,500,Juan Sanchez Miño,ar ARG,DFMF,Elche,30,5.5,2,0.36,0,0.00,11,5,7,53.8,63,19.0,13,4,241,84.3,0,1,335,7,63.6,958,0,0,0,0,75
419,501,Oier Sanjurjo,es ESP,MF,Osasuna,34,23.2,27,1.17,4,0.17,47,32,11,19.3,444,28.8,33,26,573,67.7,2,12,1081,7,53.8,2053,0,15,4,0,77
420,502,Ivan Šaponjić,rs SRB,FW,Cádiz,22,4.3,6,1.39,0,0.00,0,0,0,0.0,80,13.8,2,3,63,78.8,0,0,135,2,28.6,240,1,10,5,0,68
421,503,Stefan Savić,me MNE,DF,Atlético Madrid,29,32.8,13,0.40,3,0.09,48,26,20,60.6,225,43.6,49,35,1490,86.3,0,2,2005,6,85.7,6732,1,7,2,0,81
422,504,Jaime Seoane,es ESP,MF,Huesca,23,22.9,29,1.26,1,0.04,56,38,23,34.3,536,24.6,35,19,677,76.8,1,12,1108,19,50.0,4320,1,24,9,0,65
423,506,Sidnei,br BRA,DF,Betis,30,7.7,0,0.00,0,0.00,12,4,3,30.0,64,25.0,10,10,462,90.6,0,0,591,0,0.0,1985,0,1,0,0,79
424,507,David Silva,es ESP,MF,Real Sociedad,34,15.5,64,4.12,12,0.77,19,14,3,20.0,218,31.2,19,19,728,83.5,5,29,1016,26,59.1,4003,2,20,3,2,86
425,508,Gaston Silva,uy URU,DF,Huesca,26,6.7,6,0.90,0,0.00,20,12,7,43.8,100,31.0,15,9,282,86.8,0,1,393,0,,1774,0,0,0,0,75
426,509,Rui Silva,pt POR,GK,Granada,26,32.0,5,0.16,0,0.00,0,0,0,0.0,6,0.0,0,0,591,55.0,0,1,1144,1,100.0,2595,0,0,0,0,79
427,510,Unai Simon,es ESP,GK,Athletic Club,23,37.0,4,0.11,1,0.03,0,0,0,0.0,5,40.0,0,0,750,70.6,0,1,1120,1,100.0,2611,0,0,0,0,80
428,511,Dimitris Siovas,gr GRE,DF,Huesca,31,34.1,17,0.50,1,0.03,47,30,17,51.5,264,35.6,59,41,1515,82.8,0,3,2195,11,84.6,7484,2,29,8,0,75
429,512,Antonio Sivera,es ESP,GK,Alavés,23,0.8,0,0.00,0,0.00,0,0,0,,0,,0,0,10,45.5,0,0,24,0,,33,0,0,0,0,72
430,513,Rafa Soares,pt POR,DF,Eibar,25,12.6,20,1.59,2,0.16,29,16,12,48.0,124,28.2,30,18,490,69.8,1,14,829,3,33.3,1934,0,2,0,0,73
431,514,Ruben Sobrino,es ESP,MFFW,Valencia,28,0.5,1,1.84,0,0.00,4,3,1,100.0,15,33.3,1,1,17,73.9,0,1,34,0,,113,0,0,0,0,75
432,515,Ruben Sobrino,es ESP,FWMF,Cádiz,28,12.4,20,1.62,4,0.32,32,21,7,28.0,249,33.7,21,11,187,72.8,0,9,425,21,65.6,1536,1,9,5,0,75
433,517,Roberto Soldado,es ESP,FW,Granada,35,16.0,21,1.31,2,0.13,9,8,3,21.4,223,23.3,6,6,216,62.2,0,8,488,5,35.7,766,9,29,10,2,76
434,518,Carlos Soler,es ESP,MF,Valencia,23,30.4,74,2.44,13,0.43,38,21,16,33.3,387,26.4,46,21,1286,81.5,8,44,1847,23,57.5,7017,11,29,9,8,79
435,519,Son,es ESP,DFMF,Levante,26,12.3,34,2.77,1,0.08,19,12,7,30.4,159,27.0,23,15,485,76.1,0,18,766,12,50.0,2012,0,8,5,0,71
436,520,David Soria,es ESP,GK,Getafe,27,28.0,6,0.21,1,0.04,0,0,0,0.0,4,0.0,1,0,401,46.8,0,1,927,0,,2778,0,0,0,0,82
437,521,Alberto Soro,es ESP,FWMF,Granada,21,4.4,9,2.06,2,0.46,5,5,0,0.0,94,30.9,10,4,94,72.9,2,6,169,2,40.0,716,1,2,1,0,70
438,523,Damian Suarez,uy URU,DF,Getafe,32,27.0,36,1.33,2,0.07,55,33,25,36.8,507,29.2,58,34,855,66.1,0,18,1568,20,57.1,2876,1,10,2,2,80
439,524,Denis Suarez,es ESP,MF,Celta Vigo,26,31.7,78,2.46,15,0.47,66,35,22,21.4,674,26.1,38,27,1627,80.7,9,42,2297,40,59.7,8666,0,16,3,1,78
440,525,Luis Suarez,uy URU,FW,Atlético Madrid,33,27.9,66,2.37,10,0.36,12,5,2,22.2,168,25.6,14,6,444,73.6,3,27,904,11,27.5,1606,21,98,41,7,87
441,526,Suso,es ESP,FW,Sevilla,26,24.6,100,4.07,12,0.49,20,13,8,27.6,227,30.0,20,9,991,81.4,4,42,1452,51,77.3,6050,3,48,17,2,81
442,527,Tachi,es ESP,DF,Alavés,22,9.4,5,0.53,1,0.11,12,7,3,27.3,73,27.4,15,9,254,73.2,0,1,435,1,100.0,1146,0,3,0,0,63
443,528,Renato Tapia,pe PER,MF,Celta Vigo,25,30.0,26,0.87,3,0.10,78,49,23,28.0,613,27.9,77,46,1297,82.6,1,10,1939,25,89.3,5563,0,18,5,0,73
444,530,Alvaro Tejero,es ESP,DF,Eibar,24,1.2,4,3.27,0,0.00,5,3,2,66.7,15,33.3,2,0,75,75.8,0,4,114,0,,255,0,2,1,0,74
445,531,Cristian Tello,es ESP,FWMF,Betis,28,14.3,38,2.67,5,0.35,13,9,5,18.5,192,24.0,21,8,391,78.5,3,21,648,19,52.8,2695,5,35,14,1,78
446,532,Marc-Andre ter Stegen,de GER,GK,Barcelona,28,31.0,5,0.16,0,0.00,0,0,0,0.0,1,0.0,0,0,921,89.0,0,0,1091,0,0.0,2407,0,1,0,0,90
447,533,David Timor,es ESP,MFDF,Getafe,30,15.5,19,1.23,0,0.00,15,8,8,44.4,118,31.4,11,13,390,64.9,0,12,757,2,66.7,1623,0,18,5,9,72
448,534,Toño,es ESP,DF,Levante,30,8.1,11,1.36,2,0.25,7,5,4,40.0,77,32.5,11,8,334,81.9,2,5,481,10,52.6,1665,0,2,0,0,76
449,536,Oliver Torres,es ESP,MFFW,Sevilla,25,15.6,52,3.34,6,0.39,36,26,17,36.2,307,30.0,28,16,875,84.9,3,28,1175,30,76.9,4354,0,10,3,0,77
450,537,Pau Torres,es ESP,DF,Villarreal,23,33.0,15,0.45,3,0.09,17,10,5,33.3,155,37.4,49,30,1822,89.2,2,5,2315,29,85.3,11171,2,8,3,0,78
451,538,Roberto Torres,es ESP,MFFW,Osasuna,31,21.0,47,2.23,3,0.14,14,8,6,23.1,226,23.0,15,20,525,67.8,1,19,961,24,57.1,2501,7,42,9,3,77
452,539,Lucas Torro,es ESP,MF,Osasuna,26,17.2,24,1.40,4,0.23,31,21,17,47.2,217,36.4,23,29,529,78.4,1,6,864,11,73.3,1707,0,17,7,1,73
453,540,Manu Trigueros,es ESP,MF,Villarreal,28,28.1,67,2.39,11,0.39,59,35,16,21.9,594,22.9,38,15,1397,86.0,6,33,1891,22,75.9,5784,1,30,8,0,78
454,541,Francisco Trincão,pt POR,FWMF,Barcelona,20,7.8,21,2.68,3,0.38,7,4,1,16.7,121,21.5,3,4,332,84.5,2,7,495,22,61.1,2546,3,23,12,0,78
455,542,Kieran Trippier,eng ENG,DF,Atlético Madrid,29,27.5,75,2.73,10,0.36,66,37,25,43.9,341,32.3,51,38,1437,79.3,6,35,2044,18,78.3,4304,0,3,1,1,83
456,543,Samuel Umtiti,fr FRA,DF,Barcelona,26,7.2,6,0.84,0,0.00,8,5,3,60.0,64,35.9,12,12,578,95.7,0,1,666,1,100.0,2417,0,2,1,0,83
457,544,Enes Ünal,tr TUR,FW,Getafe,23,14.6,26,1.78,3,0.20,10,7,1,10.0,324,22.5,18,3,220,62.9,2,10,576,14,60.9,1264,4,36,9,2,75
458,545,Tomaš Vaclik,cz CZE,GK,Sevilla,31,5.0,0,0.00,0,0.00,0,0,0,0.0,0,,0,0,120,82.2,0,0,155,0,,265,0,0,0,0,82
459,546,Eugeni Valderrama,es ESP,FWMF,Huesca,26,1.3,4,3.13,0,0.00,2,1,0,0.0,18,33.3,2,3,70,85.4,0,2,93,1,50.0,303,0,0,0,0,71
460,547,Jesus Vallejo,es ESP,DF,Granada,23,15.0,5,0.33,1,0.07,17,8,6,28.6,148,28.4,35,10,365,75.7,0,1,634,4,100.0,1805,0,1,0,0,68
461,548,Manu Vallejo,es ESP,FWMF,Valencia,23,10.6,18,1.71,1,0.09,20,9,6,31.6,269,20.1,12,6,191,74.9,0,5,408,9,32.1,1283,5,18,13,0,74
462,549,Federico Valverde,uy URU,MF,Real Madrid,22,14.8,49,3.32,4,0.27,27,19,8,27.6,257,26.8,19,22,692,87.6,1,22,914,25,78.1,4000,3,23,8,0,83
463,550,Raphaël Varane,fr FRA,DF,Real Madrid,27,30.2,16,0.53,0,0.00,25,12,12,57.1,182,31.9,42,36,1588,91.1,0,3,2013,7,70.0,9515,2,17,4,0,86
464,552,Franco Vazquez,ar ARG,FWMF,Sevilla,31,1.8,5,2.74,1,0.55,4,3,1,16.7,36,30.6,3,0,99,87.6,0,2,142,1,50.0,308,1,3,1,0,77
465,553,Kevin Vazquez,es ESP,DF,Celta Vigo,27,6.2,5,0.80,1,0.16,15,12,3,30.0,108,26.9,21,11,272,76.8,0,0,431,4,50.0,767,0,1,0,0,72
466,554,Lucas Vazquez,es ESP,DFFW,Real Madrid,29,20.5,73,3.56,10,0.49,66,43,14,35.0,394,32.5,35,15,1217,85.0,5,44,1681,29,65.9,5567,2,22,8,0,80
467,555,Koke Vegas,es ESP,GK,Levante,24,1.0,0,0.00,0,0.00,0,0,0,,0,,0,0,19,65.5,0,0,32,0,,48,0,0,0,0,70
468,557,Unai Vencedor Paris,es ESP,MF,Athletic Club,19,18.9,23,1.22,1,0.05,38,29,10,24.4,331,27.5,31,16,726,79.7,0,6,1056,9,90.0,3126,0,9,1,0,65
469,558,Gonzalo Verdu,es ESP,DF,Elche,31,32.7,13,0.40,2,0.06,37,24,12,37.5,263,41.4,52,43,1343,86.6,2,5,1865,10,90.9,6002,0,12,4,2,67
470,559,Mikel Vesga,es ESP,MF,Athletic Club,27,19.1,35,1.83,3,0.16,34,26,11,25.6,413,20.3,34,24,714,79.7,1,13,1098,8,72.7,3450,0,23,5,0,75
471,560,Ruben Vezo,pt POR,DF,Levante,26,25.7,13,0.51,1,0.04,41,24,12,41.4,202,32.7,40,35,1126,85.0,0,4,1597,7,63.6,6598,1,5,2,0,77
472,561,Iñigo Vicente,es ESP,FWMF,Athletic Club,22,0.6,8,13.85,0,0.00,1,1,1,100.0,6,66.7,0,0,44,72.1,0,4,63,4,100.0,211,0,1,0,0,70
473,562,Fede Vico,es ESP,MFFW,Granada,26,8.5,16,1.88,0,0.00,16,10,5,38.5,184,23.4,16,15,218,67.7,0,9,430,17,63.0,1889,0,10,5,2,74
474,563,Aleix Vidal,es ESP,DF,Sevilla,30,6.6,13,1.97,3,0.45,14,11,5,45.5,82,35.4,16,10,432,86.1,1,7,572,5,71.4,1670,0,1,0,0,77
475,564,Nacho Vidal,es ESP,DF,Osasuna,25,26.1,30,1.15,2,0.08,64,30,21,56.8,342,29.5,70,46,716,71.1,0,15,1342,13,44.8,3020,0,9,2,0,76
476,565,Toni Villa,es ESP,MFFW,Valladolid,25,10.8,40,3.72,3,0.28,26,19,11,26.8,266,29.3,16,7,292,74.7,0,12,562,23,41.1,2047,2,15,5,0,77
477,566,Asier Villalibre,es ESP,FW,Athletic Club,22,17.7,33,1.87,3,0.17,5,4,1,25.0,222,23.9,5,3,190,62.3,2,13,474,6,54.5,1404,4,40,15,0,71
478,567,Ivan Villar,es ESP,GK,Celta Vigo,23,19.8,0,0.00,0,0.00,0,0,0,0.0,2,0.0,1,0,405,59.2,0,0,750,0,,1696,0,0,0,0,68
479,568,Vitolo,es ESP,MFFW,Atlético Madrid,30,3.3,7,2.11,2,0.60,3,3,1,14.3,46,26.1,6,1,127,82.5,0,3,191,1,100.0,757,0,2,0,0,79
480,569,Šime Vrsaljko,hr CRO,DF,Atlético Madrid,28,5.8,3,0.52,0,0.00,18,13,7,58.3,67,28.4,11,6,211,67.8,0,0,376,2,66.7,719,0,0,0,0,80
481,570,Nikola Vukčević,me MNE,MF,Levante,28,9.0,5,0.56,0,0.00,13,7,3,20.0,110,26.4,13,5,274,86.2,0,5,385,1,50.0,887,0,2,0,0,75
482,571,Daniel Wass,dk DEN,MFDF,Valencia,31,33.1,66,1.99,2,0.06,54,35,14,26.9,346,27.2,59,29,1267,77.2,1,38,1949,12,70.6,4828,4,37,10,9,80
483,572,Shon Weissman,il ISR,FW,Valladolid,24,23.7,32,1.35,3,0.13,11,9,6,30.0,434,25.3,24,6,262,74.2,1,17,529,9,52.9,1125,6,38,16,0,75
484,573,Iñaki Williams,es ESP,FW,Athletic Club,26,26.5,62,2.34,10,0.38,15,7,1,7.7,287,29.6,13,3,394,67.2,6,29,883,29,48.3,3237,6,52,17,0,81
485,574,Nico Williams,es ESP,MF,Athletic Club,18,0.6,0,0.00,0,0.00,0,0,0,0.0,19,10.5,1,1,11,55.0,0,0,25,2,100.0,141,0,1,0,0,64
486,576,Ruben Yañez,es ESP,GK,Getafe,26,10.0,0,0.00,0,0.00,0,0,0,,0,,0,0,161,58.3,0,0,286,0,,1027,0,0,0,0,66
487,577,Yoel,es ESP,GK,Eibar,31,3.3,1,0.30,0,0.00,0,0,0,,0,,0,0,77,67.5,0,0,122,0,,412,0,0,0,0,75
488,578,Okay Yokuşlu,tr TUR,MF,Celta Vigo,26,5.1,7,1.36,0,0.00,13,10,3,33.3,74,33.8,8,10,238,86.2,0,4,335,6,66.7,1277,0,3,0,0,77
489,579,Joseba Zaldua,es ESP,DF,Real Sociedad,28,7.1,10,1.41,0,0.00,16,8,7,33.3,96,25.0,9,6,309,79.4,0,7,467,1,12.5,1040,0,2,1,0,79
490,580,Oier Zarraga,es ESP,MF,Athletic Club,21,1.1,3,2.70,1,0.90,1,1,0,0.0,18,16.7,1,0,34,79.1,0,2,50,3,60.0,304,0,1,0,0,65
491,581,Igor Zubeldia,es ESP,DF,Real Sociedad,23,21.8,10,0.46,2,0.09,30,21,11,61.1,183,32.8,34,24,1050,88.8,1,6,1382,7,77.8,6537,1,9,3,0,79
492,582,Martin Zubimendi,es ESP,MF,Real Sociedad,21,20.9,25,1.20,3,0.14,33,21,10,33.3,314,25.8,33,32,982,89.3,0,6,1296,10,71.4,4877,0,7,1,0,63
