,Rk,Player,90s,SCA,SCA90,PassLive,PassDead,Drib,Sh,Fld,Def,GCA,GCA90,PassLive,PassDead,Drib,Sh,Fld,Def,Rk,90s,Tkl,TklW,Def 3rd,Mid 3rd,Att 3rd,Tkl,Att,Tkl%,Past,Press,Succ,%,Def 3rd,Mid 3rd,Att 3rd,Blocks,Sh,ShSv,Pass,Int,Tkl+Int,Clr,Err,Rk,90s,Cmp,Att,Cmp%,TotDist,PrgDist,Cmp,Att,Cmp%,Cmp,Att,Cmp%,Cmp,Att,Cmp%,Ast,xA,A-xA,KP,1/3,PPA,CrsPA,Prog,Rk,90s,Touches,Def Pen,Def 3rd,Mid 3rd,Att 3rd,Att Pen,Live,Succ,Att,Succ%,#Pl,Megs,Carries,TotDist,PrgDist,Prog,1/3,CPA,Mis,Dis,Targ,Rec,Rec%,Prog,Rk,90s,Gls,Sh,SoT,SoT%,Sh/90,SoT/90,G/Sh,G/SoT,Dist,FK,PK,PKatt,xG,npxG,npxG/Sh,G-xG,np:G-xG,VAL
0,10,Paul Akouokou,5.7,6,1.05,6,0,0,0,0,0,0,0.00,0,0,0,0,0,0,10,5.7,17,12,5,9,3,9,13,69.2,4,113,38,33.6,34,67,12,7,0,0,7,12,29,9,0,10,5.7,287,328,87.5,5344,1253,117,132,88.6,129,142,90.8,33,43,76.7,0,0.1,-0.1,3,28,2,0,28,10,5.7,380,12,84,255,52,2,377,6,9,66.7,6,0,258,950,433,17,2,0,4,6,279,271,97.1,5,10,5.7,0,2,0,0.0,0.35,0.00,0.00,,21.0,0,0,0,0.0,0.0,0.02,0.0,0.0,70
1,11,David Alaba,29.4,46,1.57,37,2,1,4,0,2,8,0.27,7,0,0,1,0,0,11,29.4,25,18,13,10,2,9,16,56.3,7,223,83,37.2,100,100,23,37,17,1,20,41,66,67,2,11,29.4,1804,1967,91.7,33608,10916,751,778,96.5,811,860,94.3,216,285,75.8,3,2.4,+0.6,22,132,18,5,102,11,29.4,2169,257,988,1074,294,49,2080,5,8,62.5,5,0,1600,9757,5326,126,44,8,12,7,1746,1688,96.7,54,11,29.4,2,21,6,28.6,0.72,0.20,0.10,0.33,22.0,7,0,0,1.6,1.6,0.08,+0.4,+0.4,86
2,13,Jordi Alba,29.4,84,2.86,78,2,1,2,1,0,13,0.44,12,0,0,1,0,0,13,29.4,44,25,12,26,6,22,46,47.8,24,318,99,31.1,103,154,61,56,7,0,49,48,92,38,2,13,29.4,2336,2770,84.3,40855,15180,1085,1178,92.1,1002,1152,87.0,222,351,63.2,10,5.9,+4.1,58,231,64,18,254,13,29.4,3016,93,717,1490,944,82,2678,7,22,31.8,8,5,1902,6630,3530,160,44,11,21,8,2291,2155,94.1,111,13,29.4,2,31,6,19.4,1.06,0.20,0.06,0.33,23.5,1,0,0,1.3,1.3,0.04,+0.7,+0.7,85
3,23,Dani Alves,12.2,31,2.54,23,8,0,0,0,0,4,0.33,4,0,0,0,0,0,23,12.2,35,19,16,15,4,14,29,48.3,15,166,44,26.5,63,76,27,18,3,0,15,23,58,8,0,23,12.2,920,1083,84.9,16220,5343,469,502,93.4,337,375,89.9,103,182,56.6,3,1.9,+1.1,24,101,27,13,60,23,12.2,1175,30,239,725,289,8,1017,13,18,72.2,15,1,830,3514,2011,107,42,0,4,5,821,798,97.2,17,23,12.2,1,5,2,40.0,0.41,0.16,0.20,0.50,30.2,0,0,0,0.2,0.2,0.03,+0.8,+0.8,82
4,24,Emmanuel Amankwaa Akurugu,0.9,1,1.14,1,0,0,0,0,0,1,1.14,1,0,0,0,0,0,24,0.9,0,0,0,0,0,0,2,0.0,2,12,4,33.3,6,6,0,3,0,0,3,0,0,0,0,24,0.9,27,40,67.5,447,165,15,19,78.9,9,12,75.0,3,7,42.9,1,0.0,+1.0,1,1,0,0,2,24,0.9,49,1,11,27,14,3,41,3,4,75.0,3,0,26,165,110,6,1,1,2,0,33,25,75.8,2,24,0.9,0,1,0,0.0,1.14,0.00,0.00,,23.7,0,0,0,0.0,0.0,0.03,0.0,0.0,62
5,29,Mauro Arambarri,29.6,70,2.37,30,29,4,2,3,2,11,0.37,4,4,2,0,0,1,29,29.6,64,37,22,32,10,17,57,29.8,40,634,162,25.6,175,385,74,54,5,0,49,47,111,24,1,29,29.6,947,1262,75.0,21303,5331,348,411,84.7,339,410,82.7,241,388,62.1,5,1.9,+3.1,40,85,13,5,65,29,29.6,1585,42,286,1011,359,19,1444,39,56,69.6,39,1,975,4990,2066,97,24,3,29,36,1003,931,92.8,46,29,29.6,0,37,8,21.6,1.25,0.27,0.00,0.00,26.6,2,0,0,1.1,1.1,0.03,-1.1,-1.1,80
6,34,Santiago Arias,4.9,8,1.64,5,1,1,0,1,0,0,0.00,0,0,0,0,0,0,34,4.9,13,6,9,3,1,4,10,40.0,6,75,26,34.7,47,19,9,11,5,0,6,4,17,10,0,34,4.9,164,223,73.5,2943,1285,63,77,81.8,80,106,75.5,18,33,54.5,0,0.4,-0.4,5,10,4,3,14,34,4.9,273,22,85,103,97,6,224,3,7,42.9,3,1,141,616,321,16,7,0,5,2,137,118,86.1,10,34,4.9,1,3,1,33.3,0.61,0.20,0.33,1.00,14.1,0,0,0,0.6,0.6,0.21,+0.4,+0.4,79
7,35,Santiago Arzamendia,5.2,4,0.77,3,1,0,0,0,0,0,0.00,0,0,0,0,0,0,35,5.2,14,12,9,4,1,7,16,43.8,9,97,30,30.9,39,36,22,9,0,0,9,8,22,15,0,35,5.2,109,170,64.1,1801,516,51,63,81.0,43,58,74.1,9,37,24.3,0,0.0,0.0,1,4,4,3,5,35,5.2,238,15,79,98,77,3,217,2,10,20.0,3,3,131,615,356,12,6,0,8,8,170,123,72.4,12,35,5.2,1,6,1,16.7,1.15,0.19,0.17,1.00,35.6,0,0,0,0.2,0.2,0.03,+0.8,+0.8,70
8,36,Sergio Asenjo,6.0,1,0.17,1,0,0,0,0,0,0,0.00,0,0,0,0,0,0,36,6.0,0,0,0,0,0,0,0,,0,0,0,,0,0,0,0,0,0,0,0,0,0,0,36,6.0,183,222,82.4,4919,2700,34,34,100.0,89,90,98.9,60,97,61.9,0,0.0,0.0,0,1,0,0,0,36,6.0,246,214,245,1,0,0,187,0,0,,0,0,130,544,297,0,0,0,0,0,111,110,99.1,0,36,6.0,0,0,0,,0.00,0.00,,,,0,0,0,0.0,0.0,,0.0,0.0,79
9,38,Marco Asensio,19.2,65,3.38,41,10,3,8,2,1,7,0.36,3,0,1,2,0,1,38,19.2,16,10,8,6,2,7,20,35.0,13,184,44,23.9,37,76,71,15,1,0,14,25,41,5,1,38,19.2,740,904,81.9,12641,2393,391,438,89.3,243,275,88.4,85,146,58.2,0,2.3,-2.3,30,50,20,3,54,38,19.2,1091,14,106,473,605,97,1011,20,39,51.3,24,2,813,4718,2501,122,49,18,13,25,1002,838,83.6,140,38,19.2,10,64,31,48.4,3.33,1.61,0.16,0.32,18.6,1,0,0,7.4,7.4,0.12,+2.6,+2.6,83
10,40,Pierre-Emerick Aubameyang,12.0,15,1.25,12,0,0,2,0,1,2,0.17,2,0,0,0,0,0,40,12.0,2,2,0,1,1,0,2,0.0,2,194,42,21.6,7,63,124,17,3,0,14,5,7,3,0,40,12.0,184,244,75.4,2668,265,103,136,75.7,63,79,79.7,6,9,66.7,1,1.0,0.0,7,6,8,0,12,40,12.0,353,5,15,175,175,63,332,6,8,75.0,6,0,205,747,394,23,4,10,23,12,444,267,60.1,109,40,12.0,11,38,20,52.6,3.16,1.66,0.29,0.55,11.3,0,0,0,7.1,7.1,0.19,+3.9,+3.9,85
11,42,Serge Aurier,11.2,13,1.16,12,1,0,0,0,0,1,0.09,1,0,0,0,0,0,42,11.2,21,14,12,7,2,6,10,60.0,4,136,42,30.9,61,49,26,22,7,1,15,23,44,18,0,42,11.2,627,734,85.4,11498,3965,250,282,88.7,302,343,88.0,64,86,74.4,1,1.2,-0.2,7,36,15,7,50,42,11.2,869,38,300,406,208,22,777,10,17,58.8,10,1,544,2018,1126,48,15,3,13,12,591,555,93.9,30,42,11.2,0,11,2,18.2,0.98,0.18,0.00,0.00,15.1,0,0,0,0.8,0.8,0.07,-0.8,-0.8,79
12,44,Iddrisu Baba,21.5,18,0.84,15,0,0,2,0,1,1,0.05,1,0,0,0,0,0,44,21.5,71,51,37,31,3,21,37,56.8,16,388,127,32.7,150,206,32,34,6,0,28,36,107,44,1,44,21.5,623,775,80.4,12803,3801,213,254,83.9,280,324,86.4,117,162,72.2,0,0.3,-0.3,8,59,9,1,67,44,21.5,1023,74,331,640,117,9,1010,15,27,55.6,17,2,648,3211,1447,48,22,0,13,28,557,524,94.1,6,44,21.5,2,22,8,36.4,1.02,0.37,0.09,0.25,24.3,0,0,0,1.5,1.5,0.07,+0.5,+0.5,75
13,48,Alejandro Balde,2.1,3,1.44,2,0,0,0,1,0,0,0.00,0,0,0,0,0,0,48,2.1,4,2,2,1,1,0,0,,0,38,9,23.7,17,12,9,5,2,0,3,2,6,0,0,48,2.1,140,152,92.1,2156,435,73,73,100.0,58,64,90.6,5,9,55.6,0,0.1,-0.1,1,3,4,1,10,48,2.1,182,2,28,107,61,5,176,2,6,33.3,3,0,152,684,332,18,8,2,6,3,162,148,91.4,8,48,2.1,0,1,0,0.0,0.48,0.00,0.00,,21.6,0,0,0,0.0,0.0,0.03,0.0,0.0,68
14,50,Mikel Balenziaga,22.5,20,0.89,15,2,1,1,1,0,1,0.04,0,0,0,0,1,0,50,22.5,50,36,20,27,3,26,45,57.8,19,270,79,29.3,89,139,42,55,4,0,51,52,102,69,0,50,22.5,766,1004,76.3,12992,5167,372,416,89.4,317,409,77.5,59,136,43.4,0,0.5,-0.5,8,41,12,4,72,50,22.5,1233,93,374,625,286,10,1020,9,15,60.0,9,1,611,2538,1332,58,20,1,12,13,610,569,93.3,29,50,22.5,0,6,2,33.3,0.27,0.09,0.00,0.00,25.3,0,0,0,0.2,0.2,0.03,-0.2,-0.2,75
15,52,Barbero,0.2,1,4.29,0,1,0,0,0,0,0,0.00,0,0,0,0,0,0,52,0.2,1,1,1,0,0,0,0,,0,10,1,10.0,1,3,6,0,0,0,0,0,1,0,0,52,0.2,6,13,46.2,63,0,6,11,54.5,0,2,0.0,0,0,,0,0.0,0.0,1,0,0,0,0,52,0.2,19,0,1,7,11,3,18,1,1,100.0,1,0,14,23,4,0,0,0,3,2,24,13,54.2,4,52,0.2,0,0,0,,0.00,0.00,,,,0,0,0,0.0,0.0,,0.0,0.0,67
16,58,Ander Barrenetxea,6.1,16,2.63,12,0,3,0,1,0,3,0.49,2,0,1,0,0,0,58,6.1,21,15,13,7,1,7,18,38.9,11,130,38,29.2,34,55,41,5,0,0,5,7,28,3,0,58,6.1,136,187,72.7,2121,569,70,86,81.4,49,64,76.6,10,16,62.5,1,1.0,0.0,8,5,8,1,14,58,6.1,288,6,45,138,131,26,287,17,35,48.6,19,1,244,1308,767,41,12,7,22,12,267,208,77.9,45,58,6.1,1,8,2,25.0,1.32,0.33,0.13,0.50,16.2,0,0,0,0.4,0.4,0.04,+0.6,+0.6,74
17,59,Marc Bartra,22.1,11,0.50,8,2,0,1,0,0,0,0.00,0,0,0,0,0,0,59,22.1,44,20,25,16,3,20,41,48.8,21,203,68,33.5,112,78,13,50,21,0,29,43,87,122,2,59,22.1,919,1108,82.9,21052,6768,238,261,91.2,489,526,93.0,184,303,60.7,0,0.1,-0.1,6,69,3,0,56,59,22.1,1378,238,792,603,49,25,1344,7,8,87.5,7,0,795,4174,2151,55,6,0,4,5,872,857,98.3,3,59,22.1,1,15,3,20.0,0.68,0.14,0.07,0.33,15.1,0,0,0,1.4,1.4,0.10,-0.4,-0.4,81
18,68,Pedro Benito,0.3,0,0.00,0,0,0,0,0,0,0,0.00,0,0,0,0,0,0,68,0.3,0,0,0,0,0,0,1,0.0,1,15,2,13.3,0,10,5,0,0,0,0,0,0,0,0,68,0.3,4,6,66.7,60,12,3,4,75.0,1,2,50.0,0,0,,0,0.0,0.0,0,2,0,0,1,68,0.3,8,0,0,6,3,0,8,0,1,0.0,1,0,4,29,18,1,0,0,1,0,18,7,38.9,0,68,0.3,0,0,0,,0.00,0.00,,,,0,0,0,0.0,0.0,,0.0,0.0,62
19,69,Karim Benzema,28.8,124,4.30,103,0,13,6,2,0,21,0.73,16,0,4,1,0,0,69,28.8,11,5,2,5,4,2,9,22.2,7,261,76,29.1,17,79,165,10,0,0,10,7,18,15,0,69,28.8,1058,1249,84.7,15601,3568,630,709,88.9,306,355,86.2,74,95,77.9,12,9.5,+2.5,61,66,84,4,137,69,28.8,1521,16,69,566,971,231,1456,35,49,71.4,36,6,1120,5190,2994,182,61,46,31,23,1727,1298,75.2,219,69,28.8,27,118,47,39.8,4.10,1.63,0.17,0.43,15.5,3,7,11,23.5,15.1,0.13,+3.5,+4.9,91
20,70,Yuri Berchiche,11.3,19,1.68,16,1,0,0,1,1,3,0.27,3,0,0,0,0,0,70,11.3,29,18,15,10,4,8,16,50.0,8,155,49,31.6,72,63,20,29,7,0,22,28,57,22,0,70,11.3,509,641,79.4,8813,4221,238,273,87.2,218,265,82.3,40,76,52.6,2,0.6,+1.4,6,47,12,7,63,70,11.3,776,36,237,388,207,10,662,4,10,40.0,5,0,446,2764,1606,68,28,2,7,10,454,424,93.4,17,70,11.3,1,8,3,37.5,0.71,0.27,0.13,0.33,20.4,0,0,0,0.4,0.4,0.05,+0.6,+0.6,82
21,73,Blanco,0.3,1,2.90,1,0,0,0,0,0,1,2.90,1,0,0,0,0,0,73,0.3,0,0,0,0,0,0,1,0.0,1,9,2,22.2,6,3,0,1,1,0,0,2,2,1,1,73,0.3,17,18,94.4,277,37,8,8,100.0,8,9,88.9,1,1,100.0,0,0.0,0.0,0,1,0,0,1,73,0.3,23,2,12,10,3,0,23,2,2,100.0,2,1,18,97,61,0,1,0,0,0,14,14,100.0,0,73,0.3,0,0,0,,0.00,0.00,,,,0,0,0,0.0,0.0,,0.0,0.0,71
22,74,Yassine Bounou,31.0,4,0.13,3,1,0,0,0,0,2,0.06,1,1,0,0,0,0,74,31.0,0,0,0,0,0,0,0,,0,1,0,0.0,0,0,1,0,0,0,0,0,0,0,1,74,31.0,811,1072,75.7,24713,11905,107,108,99.1,396,401,98.8,304,559,54.4,2,0.6,+1.4,2,8,0,0,0,74,31.0,1138,1047,1137,3,0,0,840,1,1,100.0,1,0,572,2229,835,0,0,0,0,0,573,572,99.8,0,74,31.0,0,0,0,,0.00,0.00,,,,0,0,0,0.0,0.0,,0.0,0.0,84
23,76,Martin Braithwaite,2.6,3,1.15,3,0,0,0,0,0,1,0.38,1,0,0,0,0,0,76,2.6,1,1,0,0,1,0,0,,0,32,15,46.9,3,10,19,4,0,0,4,0,1,4,0,76,2.6,46,57,80.7,673,104,29,32,90.6,15,20,75.0,1,2,50.0,1,1.3,-0.3,2,1,2,0,3,76,2.6,92,4,10,44,44,15,90,3,5,60.0,3,0,68,248,163,10,2,3,9,6,104,70,67.3,16,76,2.6,2,7,3,42.9,2.68,1.15,0.29,0.67,12.0,0,0,0,1.0,1.0,0.15,+1.0,+1.0,76
24,78,Claudio Bravo,16.2,3,0.19,2,1,0,0,0,0,0,0.00,0,0,0,0,0,0,78,16.2,0,0,0,0,0,0,0,,0,3,0,0.0,3,0,0,0,0,0,0,0,0,1,0,78,16.2,325,507,64.1,11328,7440,56,57,98.2,116,120,96.7,153,330,46.4,0,0.2,-0.2,1,7,1,0,0,78,16.2,537,464,535,3,0,0,369,0,0,,0,0,263,1298,795,0,0,0,0,0,235,231,98.3,0,78,16.2,0,0,0,,0.00,0.00,,,,0,0,0,0.0,0.0,,0.0,0.0,78
25,81,Ante Budimir,19.3,31,1.61,16,0,2,3,9,1,4,0.21,2,0,0,0,2,0,81,19.3,23,11,2,15,6,4,15,26.7,11,403,108,26.8,25,171,207,24,7,0,17,7,30,12,0,81,19.3,225,362,62.2,3202,533,139,205,67.8,61,105,58.1,13,18,72.2,2,1.3,+0.7,9,19,4,1,16,81,19.3,620,21,52,300,305,97,599,9,27,33.3,12,0,286,1109,553,32,14,3,65,32,901,426,47.3,120,81,19.3,8,44,18,40.9,2.28,0.93,0.14,0.33,11.5,0,2,2,8.4,7.1,0.16,-0.4,-1.1,76
26,82,Sergio Busquets,35.5,85,2.39,75,1,1,0,3,5,3,0.08,3,0,0,0,0,0,82,35.5,95,72,34,49,12,46,85,54.1,39,633,217,34.3,185,343,105,58,8,0,50,57,152,51,0,82,35.5,2462,2799,88.0,48573,11342,961,1045,92.0,1043,1148,90.9,407,519,78.4,0,1.9,-1.9,33,260,34,1,223,82,35.5,3109,93,626,2067,547,26,3023,18,20,90.0,18,2,2040,7059,3756,157,38,1,14,20,2373,2293,96.6,67,82,35.5,2,14,4,28.6,0.39,0.11,0.14,0.50,19.7,0,0,0,0.7,0.7,0.05,+1.3,+1.3,85
27,85,Leandro Cabrera,37.0,26,0.70,21,2,0,3,0,0,4,0.11,2,1,0,1,0,0,85,37.0,43,27,32,10,1,21,41,51.2,20,279,86,30.8,184,75,20,46,23,1,23,65,108,237,3,85,37.0,1405,1850,75.9,31621,14539,398,459,86.7,678,774,87.6,305,573,53.2,0,0.3,-0.3,7,106,2,0,92,85,37.0,2268,465,1280,979,99,25,2081,5,7,71.4,5,0,1241,5114,2233,32,11,0,6,6,1385,1367,98.7,7,85,37.0,2,17,6,35.3,0.46,0.16,0.12,0.33,10.2,0,0,0,1.3,1.3,0.08,+0.7,+0.7,75
28,91,Eduardo Camavinga,13.7,31,2.26,26,0,1,0,2,2,3,0.22,3,0,0,0,0,0,91,13.7,50,32,21,21,8,18,33,54.5,15,345,91,26.4,115,172,58,28,2,0,26,18,68,16,0,91,13.7,758,841,90.1,14817,3289,308,332,92.8,327,355,92.1,118,135,87.4,1,1.2,-0.2,13,65,6,2,60,91,13.7,1015,40,255,598,245,23,1007,21,32,65.6,21,1,759,3688,1969,68,28,2,18,17,810,761,94.0,40,91,13.7,2,12,5,41.7,0.87,0.36,0.17,0.40,23.6,0,0,0,1.0,1.0,0.08,+1.0,+1.0,79
29,93,Sergio Canales,31.0,117,3.77,100,3,4,4,3,3,13,0.42,11,0,1,0,1,0,93,31.0,31,27,10,13,8,10,32,31.3,22,318,96,30.2,73,153,92,20,1,0,19,19,50,13,0,93,31.0,1551,1867,83.1,28685,6995,713,788,90.5,554,636,87.1,228,335,68.1,8,5.1,+2.9,62,148,62,5,182,93,31.0,2128,29,300,1203,823,92,2070,28,52,53.8,29,5,1639,9976,5460,233,82,13,51,41,1957,1724,88.1,152,93,31.0,5,55,23,41.8,1.77,0.74,0.09,0.22,20.1,3,0,0,4.7,4.7,0.09,+0.3,+0.3,84
30,95,Ander Capa,0.0,0,0.00,0,0,0,0,0,0,0,0.00,0,0,0,0,0,0,95,0.0,0,0,0,0,0,0,0,,0,1,1,100.0,1,0,0,0,0,0,0,0,0,0,0,95,0.0,1,2,50.0,20,20,0,1,0.0,1,1,100.0,0,0,,0,0.0,0.0,0,1,0,0,1,95,0.0,3,0,1,1,1,0,3,0,0,,0,0,2,21,17,1,0,0,0,0,3,3,100.0,0,95,0.0,0,1,0,0.0,22.50,0.00,0.00,,23.0,0,0,0,0.0,0.0,0.03,0.0,0.0,77
31,101,Carmona,0.3,0,0.00,0,0,0,0,0,0,0,0.00,0,0,0,0,0,0,101,0.3,0,0,0,0,0,0,0,,0,2,2,100.0,2,0,0,0,0,0,0,1,1,1,0,101,0.3,6,12,50.0,158,49,1,2,50.0,2,5,40.0,3,4,75.0,0,0.0,0.0,0,2,0,0,1,101,0.3,15,3,9,5,1,1,10,1,1,100.0,1,0,7,33,29,3,0,1,0,0,4,4,100.0,0,101,0.3,0,0,0,,0.00,0.00,,,,0,0,0,0.0,0.0,,0.0,0.0,60
32,102,Yannick Carrasco,28.7,115,4.01,62,22,22,6,2,1,12,0.42,5,4,2,1,0,0,102,28.7,36,23,16,12,8,22,46,47.8,24,340,108,31.8,105,119,116,23,6,0,17,37,73,16,0,102,28.7,977,1284,76.1,15383,5155,553,635,87.1,315,402,78.4,76,174,43.7,6,6.2,-0.2,55,54,47,10,94,102,28.7,1643,36,246,646,885,165,1434,73,126,57.9,78,8,1213,6817,4237,226,57,52,69,59,1394,1089,78.1,181,102,28.7,6,49,10,20.4,1.71,0.35,0.08,0.40,18.3,1,2,2,6.1,4.6,0.09,-0.1,-0.6,63
33,104,Dani Carvajal,17.2,38,2.21,35,0,1,0,0,2,6,0.35,5,0,1,0,0,0,104,17.2,35,22,15,12,8,12,31,38.7,19,233,65,27.9,90,85,58,33,9,0,24,34,69,35,2,104,17.2,1040,1205,86.3,18625,5014,476,521,91.4,411,467,88.0,134,176,76.1,3,2.4,+0.6,26,45,27,8,68,104,17.2,1375,80,400,573,467,40,1223,8,20,40.0,9,0,839,3420,1692,73,28,6,12,13,971,913,94.0,59,104,17.2,1,10,2,20.0,0.58,0.12,0.10,0.50,19.7,0,0,0,0.5,0.5,0.05,+0.5,+0.5,84
34,105,William Carvalho,20.1,50,2.49,42,0,4,1,1,2,7,0.35,3,0,1,1,1,1,105,20.1,48,34,19,27,2,18,38,47.4,20,291,88,30.2,95,173,23,23,7,0,16,22,70,30,0,105,20.1,1164,1319,88.2,21488,5487,513,569,90.2,473,513,92.2,158,198,79.8,3,1.5,+1.5,21,141,22,0,133,105,20.1,1555,39,276,1053,321,47,1541,38,53,71.7,39,3,1182,5087,2531,95,17,4,17,27,1300,1202,92.5,47,105,20.1,2,33,10,30.3,1.65,0.50,0.06,0.20,15.8,0,0,0,3.1,3.1,0.09,-1.1,-1.1,80
35,106,Casemiro,28.5,63,2.21,56,0,0,1,2,4,11,0.39,8,0,0,1,1,1,106,28.5,90,64,51,34,5,32,70,45.7,38,445,179,40.2,209,189,47,65,19,0,46,59,149,84,3,106,28.5,1714,1983,86.4,34844,9441,672,744,90.3,680,774,87.9,322,395,81.5,3,2.6,+0.4,24,181,20,2,144,106,28.5,2373,179,743,1312,409,33,2327,13,24,54.2,14,3,1402,5345,2997,97,25,2,23,22,1711,1631,95.3,46,106,28.5,1,41,9,22.0,1.44,0.32,0.02,0.11,24.5,1,0,0,2.4,2.4,0.06,-1.4,-1.4,89
36,108,Catena,36.0,25,0.69,17,2,0,2,2,2,3,0.08,2,0,0,1,0,0,108,36.0,36,22,21,15,0,20,36,55.6,16,190,68,35.8,110,73,7,50,27,2,23,55,91,191,0,108,36.0,1383,1672,82.7,35586,13242,291,332,87.7,652,715,91.2,430,601,71.5,2,0.7,+1.3,7,86,2,0,73,108,36.0,2024,339,1199,874,54,38,1939,6,10,60.0,7,1,1119,5596,3099,38,3,0,5,4,1271,1248,98.2,4,108,36.0,2,22,6,27.3,0.61,0.17,0.09,0.33,9.9,0,0,0,1.6,1.6,0.07,+0.4,+0.4,76
37,109,Dani Ceballos,3.1,13,4.24,11,0,0,2,0,0,2,0.65,1,0,0,1,0,0,109,3.1,12,6,5,7,0,5,8,62.5,3,66,20,30.3,18,32,16,6,2,0,4,7,19,0,0,109,3.1,238,263,90.5,4350,1084,107,117,91.5,98,104,94.2,29,35,82.9,0,0.1,-0.1,3,16,5,1,13,109,3.1,312,8,73,192,81,12,310,3,7,42.9,3,1,255,1356,588,20,11,1,7,4,258,249,96.5,11,109,3.1,0,10,3,30.0,3.26,0.98,0.00,0.00,19.8,1,0,0,0.7,0.7,0.07,-0.7,-0.7,77
38,111,Chapela,4.4,5,1.13,4,0,0,0,1,0,1,0.23,1,0,0,0,0,0,111,4.4,7,3,2,1,4,0,5,0.0,5,85,19,22.4,31,34,20,7,1,0,6,6,13,5,0,111,4.4,56,90,62.2,1308,619,15,23,65.2,26,36,72.2,12,24,50.0,0,0.2,-0.2,2,10,1,0,14,111,4.4,134,7,40,62,43,4,133,2,5,40.0,2,0,84,547,341,11,4,0,8,4,99,70,70.7,8,111,4.4,0,3,0,0.0,0.68,0.00,0.00,,22.5,0,0,0,0.1,0.1,0.02,-0.1,-0.1,66
39,113,Denis Cheryshev,6.3,15,2.40,10,2,0,0,1,2,3,0.48,1,0,0,0,1,1,113,6.3,10,5,5,1,4,5,14,35.7,9,111,25,22.5,20,55,36,11,1,0,10,13,23,12,0,113,6.3,108,169,63.9,1990,535,48,68,70.6,44,62,71.0,12,27,44.4,1,0.3,+0.7,3,8,5,1,14,113,6.3,259,10,49,93,131,23,244,6,13,46.2,7,4,146,741,380,22,6,4,12,5,195,134,68.7,23,113,6.3,0,11,4,36.4,1.76,0.64,0.00,0.00,15.7,0,0,0,1.0,1.0,0.09,-1.0,-1.0,75
40,114,Samuel Chukwueze,14.8,50,3.38,36,0,9,2,2,1,7,0.47,3,0,2,2,0,0,114,14.8,11,7,4,6,1,5,8,62.5,3,160,51,31.9,42,52,66,6,0,0,6,15,26,5,0,114,14.8,344,473,72.7,5823,1244,173,217,79.7,132,170,77.6,31,57,54.4,3,4.4,-1.4,27,7,25,3,41,114,14.8,695,3,78,307,392,118,689,58,109,53.2,62,8,594,3685,2376,130,37,41,43,37,697,551,79.1,100,114,14.8,3,34,7,20.6,2.30,0.47,0.09,0.43,16.2,0,0,0,4.4,4.4,0.13,-1.4,-1.4,79
41,121,Eray Cömert,4.5,3,0.66,3,0,0,0,0,0,0,0.00,0,0,0,0,0,0,121,4.5,5,2,4,1,0,3,5,60.0,2,39,11,28.2,22,16,1,4,3,0,1,6,11,11,0,121,4.5,158,190,83.2,3901,1078,31,34,91.2,85,92,92.4,41,62,66.1,0,0.0,0.0,0,14,0,0,10,121,4.5,220,34,119,111,5,4,216,0,0,,0,0,135,882,394,13,0,0,1,0,144,144,100.0,1,121,4.5,0,3,1,33.3,0.66,0.22,0.00,0.00,7.7,0,0,0,0.4,0.4,0.13,-0.4,-0.4,71
42,122,Santi Comesaña,29.8,54,1.81,44,2,2,2,2,2,5,0.17,3,0,1,1,0,0,122,29.8,91,64,49,31,11,34,96,35.4,62,790,247,31.3,267,388,135,61,8,0,53,54,145,39,2,122,29.8,1241,1488,83.4,23731,7137,508,591,86.0,525,594,88.4,175,233,75.1,2,2.5,-0.5,28,130,22,3,149,122,29.8,1844,73,424,1173,344,59,1801,37,60,61.7,39,1,1176,5445,3032,120,28,3,19,33,1310,1187,90.6,62,122,29.8,1,34,5,14.7,1.14,0.17,0.03,0.20,12.5,1,0,0,4.0,4.0,0.12,-3.0,-3.0,75
43,123,Diego Conde,0.1,0,0.00,0,0,0,0,0,0,0,0.00,0,0,0,0,0,0,123,0.1,0,0,0,0,0,0,0,,0,0,0,,0,0,0,0,0,0,0,0,0,0,0,123,0.1,0,6,0.0,0,0,0,0,,0,0,,0,6,0.0,0,0.0,0.0,0,0,0,0,0,123,0.1,6,5,6,0,0,0,3,0,0,,0,0,2,14,11,0,0,0,0,0,2,2,100.0,0,123,0.1,0,0,0,,0.00,0.00,,,,0,0,0,0.0,0.0,,0.0,0.0,65
44,124,Francis Coquelin,9.2,17,1.84,12,0,0,1,3,1,1,0.11,1,0,0,0,0,0,124,9.2,28,14,8,16,4,11,17,64.7,6,158,66,41.8,45,71,42,14,4,0,10,16,44,11,0,124,9.2,424,480,88.3,7303,1623,199,222,89.6,165,178,92.7,45,54,83.3,1,0.7,+0.3,10,43,11,0,44,124,9.2,605,19,105,345,191,28,599,15,21,71.4,15,0,427,1947,1018,45,15,2,15,20,486,433,89.1,47,124,9.2,2,5,2,40.0,0.54,0.22,0.40,1.00,13.8,0,0,0,0.3,0.3,0.05,+1.7,+1.7,80
45,127,Thierry Correia,15.7,22,1.40,17,0,1,0,1,3,1,0.06,1,0,0,0,0,0,127,15.7,49,31,31,15,3,12,28,42.9,16,339,98,28.9,166,104,69,31,5,0,26,35,84,29,0,127,15.7,450,648,69.4,8990,3945,176,218,80.7,203,264,76.9,65,137,47.4,1,0.9,+0.1,9,42,14,6,57,127,15.7,840,39,274,359,250,16,702,10,30,33.3,15,1,430,2257,1239,49,15,2,20,14,449,393,87.5,35,127,15.7,0,3,1,33.3,0.19,0.06,0.00,0.00,19.4,0,0,0,0.3,0.3,0.09,-0.3,-0.3,76
46,130,Thibaut Courtois,36.0,3,0.08,3,0,0,0,0,0,1,0.03,1,0,0,0,0,0,130,36.0,0,0,0,0,0,0,1,0.0,1,4,0,0.0,4,0,0,0,0,0,0,0,0,1,1,130,36.0,936,1139,82.2,23757,12759,176,176,100.0,516,517,99.8,239,441,54.2,0,0.0,0.0,0,4,0,0,1,130,36.0,1209,1091,1206,3,0,0,959,0,0,,0,0,658,2927,1463,0,0,0,0,0,670,664,99.1,0,130,36.0,0,0,0,,0.00,0.00,,,,0,0,0,0.0,0.0,,0.0,0.0,90
47,133,Juan Cruz Armada,21.5,6,0.28,5,1,0,0,0,0,0,0.00,0,0,0,0,0,0,133,21.5,28,15,21,6,1,11,20,55.0,9,155,55,35.5,77,69,9,26,13,0,13,44,72,54,0,133,21.5,786,951,82.6,16138,5992,254,282,90.1,417,475,87.8,111,179,62.0,0,0.0,0.0,2,56,4,1,65,133,21.5,1105,116,480,617,63,6,1017,8,11,72.7,8,1,674,3836,1766,47,8,1,0,7,658,638,97.0,9,133,21.5,0,3,0,0.0,0.14,0.00,0.00,,17.2,0,0,0,0.3,0.3,0.10,-0.3,-0.3,66
48,135,Jorge Cuenca,29.8,7,0.23,6,0,0,0,1,0,1,0.03,1,0,0,0,0,0,135,29.8,54,26,41,12,1,20,30,66.7,10,238,77,32.4,141,91,6,51,18,1,33,60,114,148,1,135,29.8,747,1070,69.8,16527,6548,211,271,77.9,387,470,82.3,139,303,45.9,0,0.1,-0.1,2,49,1,0,58,135,29.8,1414,170,746,660,52,28,1358,7,8,87.5,7,0,684,2892,1272,32,5,0,11,6,739,714,96.6,3,135,29.8,1,16,6,37.5,0.54,0.20,0.06,0.17,11.0,0,0,0,0.7,0.7,0.04,+0.3,+0.3,73
49,136,Matheus Cunha,11.8,22,1.86,12,0,0,3,6,1,7,0.59,4,0,0,1,2,0,136,11.8,26,17,6,13,7,3,12,25.0,9,260,72,27.7,29,110,121,15,4,0,11,8,34,8,0,136,11.8,167,233,71.7,2417,532,98,121,81.0,50,64,78.1,10,20,50.0,4,2.2,+1.8,8,8,11,0,23,136,11.8,415,13,47,181,206,68,402,7,13,53.8,8,0,237,1259,694,37,9,9,36,16,529,269,50.9,80,136,11.8,6,36,14,38.9,3.05,1.19,0.17,0.43,15.1,0,0,0,6.3,6.3,0.18,-0.3,-0.3,81
50,137,Sergi Darder,34.7,88,2.53,68,7,1,4,4,4,14,0.40,13,0,0,1,0,0,137,34.7,43,26,18,16,9,12,49,24.5,37,530,127,24.0,151,290,89,34,2,0,32,44,87,32,2,137,34.7,1442,1746,82.6,28706,8082,593,653,90.8,594,671,88.5,230,360,63.9,9,4.9,+4.1,41,176,43,6,156,137,34.7,2045,64,446,1308,491,43,1946,42,64,65.6,44,3,1525,9412,5188,200,73,13,26,43,1678,1564,93.2,64,137,34.7,3,44,17,38.6,1.27,0.49,0.07,0.18,23.2,0,0,0,2.8,2.8,0.06,+0.2,+0.2,82
51,138,Rodrigo De Paul,23.9,85,3.56,57,23,1,1,1,2,5,0.21,4,1,0,0,0,0,138,23.9,56,30,22,25,9,23,50,46.0,27,505,123,24.4,138,281,86,35,3,0,32,31,87,19,0,138,23.9,1125,1420,79.2,23080,7494,453,512,88.5,428,490,87.3,213,356,59.8,1,4.1,-3.1,52,153,41,7,149,138,23.9,1687,27,314,1055,436,18,1565,24,40,60.0,25,3,1210,6585,3501,160,50,6,30,25,1279,1183,92.5,49,138,23.9,3,23,9,39.1,0.96,0.38,0.13,0.33,22.4,0,0,0,1.6,1.6,0.07,+1.4,+1.4,84
52,139,Thomas Delaney,17.2,15,0.87,11,0,0,2,1,1,2,0.12,1,0,0,1,0,0,139,17.2,43,24,19,21,3,9,24,37.5,15,267,76,28.5,97,144,26,30,13,0,17,21,64,36,1,139,17.2,632,801,78.9,12054,2924,268,306,87.6,248,302,82.1,103,162,63.6,1,0.6,+0.4,10,45,8,2,39,139,17.2,981,58,267,571,171,26,966,6,9,66.7,7,0,569,2190,997,34,9,1,8,13,705,641,90.9,22,139,17.2,2,17,5,29.4,0.99,0.29,0.12,0.40,11.8,0,0,0,1.3,1.3,0.07,+0.7,+0.7,81
53,141,Yusuf Demir,2.1,5,2.34,0,3,0,0,2,0,0,0.00,0,0,0,0,0,0,141,2.1,2,1,2,0,0,0,4,0.0,4,39,19,48.7,17,13,9,5,0,0,5,0,2,1,0,141,2.1,77,85,90.6,969,186,52,55,94.5,19,22,86.4,2,4,50.0,0,0.0,0.0,1,2,2,0,2,141,2.1,116,2,14,38,68,9,105,5,10,50.0,6,1,86,317,176,12,2,2,5,7,95,77,81.1,18,141,2.1,0,1,0,0.0,0.47,0.00,0.00,,12.0,0,0,0,0.1,0.1,0.06,-0.1,-0.1,65
54,142,Memphis Depay,20.6,76,3.70,43,18,6,3,6,0,11,0.53,5,1,2,1,2,0,142,20.6,12,7,3,3,6,2,10,20.0,8,210,62,29.5,14,85,111,13,2,0,11,6,18,3,0,142,20.6,725,965,75.1,10974,2829,460,519,88.6,173,239,72.4,65,146,44.5,2,3.9,-1.9,45,32,30,10,70,142,20.6,1253,8,53,491,778,156,1096,34,66,51.5,38,0,841,3553,2260,149,36,41,80,42,1273,955,75.0,244,142,20.6,12,56,29,51.8,2.72,1.41,0.14,0.28,18.7,6,4,5,11.0,7.2,0.13,+1.0,+0.8,85
55,143,Sergiño Dest,16.8,39,2.32,30,1,7,0,1,0,3,0.18,3,0,0,0,0,0,143,16.8,36,24,22,10,4,19,28,67.9,9,237,82,34.6,105,77,55,26,4,0,22,17,53,14,0,143,16.8,880,1000,88.0,13944,4131,470,497,94.6,358,403,88.8,44,72,61.1,3,2.8,+0.2,19,59,17,4,69,143,16.8,1199,26,285,554,457,54,1068,31,59,52.5,32,1,886,4798,2998,141,39,19,33,33,915,853,93.2,67,143,16.8,0,12,3,25.0,0.71,0.18,0.00,0.00,15.6,0,0,0,1.5,1.5,0.13,-1.5,-1.5,77
56,144,Boulaye Dia,14.1,32,2.27,24,0,3,2,0,3,7,0.50,5,0,1,1,0,0,144,14.1,10,9,3,4,3,1,5,20.0,4,209,56,26.8,22,78,109,11,1,0,10,8,18,4,0,144,14.1,195,257,75.9,2829,375,102,130,78.5,69,84,82.1,8,16,50.0,5,1.9,+3.1,17,4,3,0,12,144,14.1,413,4,42,182,213,88,398,13,23,56.5,13,0,274,1355,621,27,7,9,37,25,552,308,55.8,119,144,14.1,5,37,11,29.7,2.62,0.78,0.14,0.45,14.1,0,0,0,5.0,5.0,0.14,0.0,0.0,79
57,145,Mouctar Diakhaby,21.6,9,0.42,6,0,1,0,1,1,1,0.05,1,0,0,0,0,0,145,21.6,45,32,26,16,3,17,25,68.0,8,241,84,34.9,119,107,15,50,20,0,30,57,102,106,0,145,21.6,542,700,77.4,13316,4453,120,146,82.2,268,306,87.6,149,237,62.9,1,0.1,+0.9,3,48,2,1,50,145,21.6,970,175,519,443,57,19,934,12,17,70.6,13,1,500,3035,1543,42,4,1,4,6,462,446,96.5,4,145,21.6,0,8,1,12.5,0.37,0.05,0.00,0.00,10.1,0,0,0,0.5,0.5,0.06,-0.5,-0.5,73
58,148,Landry Dimata,6.0,16,2.66,11,0,1,0,3,1,0,0.00,0,0,0,0,0,0,148,6.0,3,2,1,1,1,0,2,0.0,2,90,25,27.8,7,45,38,2,0,0,2,3,6,7,0,148,6.0,71,99,71.7,1047,169,40,52,76.9,22,30,73.3,5,6,83.3,0,0.2,-0.2,5,7,2,0,5,148,6.0,181,8,17,97,81,20,176,4,8,50.0,4,0,115,554,297,14,6,2,22,10,276,136,49.3,42,148,6.0,0,8,0,0.0,1.33,0.00,0.00,,10.9,0,0,0,1.3,1.3,0.17,-1.3,-1.3,72
59,149,Stole Dimitrievski,30.8,3,0.10,1,2,0,0,0,0,0,0.00,0,0,0,0,0,0,149,30.8,0,0,0,0,0,0,0,,0,2,0,0.0,2,0,0,0,0,0,0,0,0,1,2,149,30.8,538,955,56.3,19858,14443,87,87,100.0,177,182,97.3,272,683,39.8,0,0.0,0.0,0,20,0,0,0,149,30.8,1028,927,1024,7,0,0,702,0,0,,0,0,430,2427,1514,0,0,0,0,0,369,368,99.7,0,149,30.8,0,0,0,,0.00,0.00,,,,0,0,0,0.0,0.0,,0.0,0.0,78
60,153,Marko Dmitrović,6.0,0,0.00,0,0,0,0,0,0,0,0.00,0,0,0,0,0,0,153,6.0,0,0,0,0,0,0,0,,0,0,0,,0,0,0,0,0,0,0,0,0,0,1,153,6.0,187,224,83.5,5088,2358,39,39,100.0,95,95,100.0,53,90,58.9,0,0.0,0.0,0,2,0,0,0,153,6.0,238,209,237,1,0,0,195,0,0,,0,0,131,341,141,0,0,0,0,0,132,132,100.0,0,153,6.0,0,0,0,,0.00,0.00,,,,0,0,0,0.0,0.0,,0.0,0.0,80
61,157,John Donald,2.0,3,1.50,1,0,0,0,0,2,0,0.00,0,0,0,0,0,0,157,2.0,8,6,4,3,1,2,5,40.0,3,34,14,41.2,18,15,1,6,3,0,3,3,11,3,0,157,2.0,78,89,87.6,1419,550,26,28,92.9,43,47,91.5,6,11,54.5,0,0.0,0.0,1,10,0,0,6,157,2.0,113,9,50,64,8,2,108,0,0,,0,0,67,333,221,14,2,0,1,1,68,65,95.6,1,157,2.0,0,2,1,50.0,1.00,0.50,0.00,0.00,14.5,0,0,0,0.2,0.2,0.09,-0.2,-0.2,60
62,158,Domingos Duarte,18.7,7,0.37,6,0,0,1,0,0,0,0.00,0,0,0,0,0,0,158,18.7,20,9,11,8,1,6,10,60.0,4,122,41,33.6,65,51,6,33,21,1,12,26,46,98,3,158,18.7,548,702,78.1,12800,4801,135,159,84.9,286,334,85.6,122,197,61.9,0,0.0,0.0,1,36,0,0,40,158,18.7,896,158,494,427,28,12,866,1,3,33.3,1,0,447,2345,1071,21,4,0,4,1,491,480,97.8,1,158,18.7,1,6,1,16.7,0.32,0.05,0.17,1.00,8.7,0,0,0,0.7,0.7,0.11,+0.3,+0.3,77
63,161,Unai Dufur,1.0,0,0.00,0,0,0,0,0,0,0,0.00,0,0,0,0,0,0,161,1.0,1,1,0,1,0,0,0,,0,7,3,42.9,4,3,0,1,0,0,1,3,4,3,0,161,1.0,37,50,74.0,827,276,11,13,84.6,20,25,80.0,6,11,54.5,0,0.0,0.0,0,4,0,0,6,161,1.0,59,5,19,39,2,1,59,0,0,,0,0,30,127,49,1,0,0,0,0,34,33,97.1,0,161,1.0,0,1,0,0.0,1.00,0.00,0.00,,6.7,0,0,0,0.0,0.0,0.04,0.0,0.0,62
64,162,Hugo Duro,20.4,32,1.57,21,0,3,1,6,1,7,0.34,2,0,1,1,2,1,162,20.4,31,20,12,15,4,11,40,27.5,29,524,140,26.7,104,228,192,30,2,0,28,8,39,13,1,162,20.4,282,391,72.1,3889,883,163,206,79.1,91,125,72.8,11,27,40.7,1,0.9,+0.1,14,10,3,0,19,162,20.4,657,24,99,278,317,73,639,13,24,54.2,14,2,370,1067,508,23,9,5,63,53,759,429,56.5,92,162,20.4,7,31,15,48.4,1.52,0.74,0.23,0.47,11.4,0,0,0,3.8,3.8,0.12,+3.2,+3.2,77
65,163,Hugo Duro,0.1,0,0.00,0,0,0,0,0,0,0,0.00,0,0,0,0,0,0,163,0.1,0,0,0,0,0,0,0,,0,1,0,0.0,0,0,1,0,0,0,0,0,0,0,0,163,0.1,3,4,75.0,35,0,2,2,100.0,1,1,100.0,0,0,,0,0.0,0.0,0,0,0,0,0,163,0.1,6,0,0,0,6,5,6,0,0,,0,0,2,5,2,0,0,0,0,0,5,5,100.0,2,163,0.1,0,2,1,50.0,15.00,7.50,0.00,0.00,16.0,0,0,0,0.1,0.1,0.06,-0.1,-0.1,77
66,164,Aritz Elustondo,23.4,10,0.43,7,0,0,1,1,1,1,0.04,1,0,0,0,0,0,164,23.4,26,16,20,6,0,6,14,42.9,8,168,62,36.9,88,65,15,32,14,0,18,50,76,103,0,164,23.4,991,1164,85.1,21437,6878,286,323,88.5,501,561,89.3,193,258,74.8,1,0.2,+0.8,2,58,3,0,72,164,23.4,1391,190,705,685,94,20,1318,7,10,70.0,7,0,835,5218,2793,76,10,0,4,6,858,838,97.7,8,164,23.4,4,16,7,43.8,0.68,0.30,0.25,0.57,12.8,0,0,0,2.1,2.1,0.13,+1.9,+1.9,82
67,165,Adri Embarba,22.1,81,3.67,38,23,8,4,5,3,6,0.27,2,3,0,1,0,0,165,22.1,42,25,21,12,9,14,47,29.8,33,349,87,24.9,101,154,94,42,3,0,39,29,71,27,0,165,22.1,491,794,61.8,8450,2659,252,311,81.0,155,238,65.1,63,187,33.7,2,2.5,-0.5,36,23,23,12,36,165,22.1,1133,42,188,436,606,52,973,32,70,45.7,37,5,683,4091,2410,131,42,18,51,47,839,660,78.7,96,165,22.1,0,49,16,32.7,2.22,0.73,0.00,0.00,22.9,15,0,0,3.1,3.1,0.06,-3.1,-3.1,75
68,167,Youssef En-Nesyri,14.2,12,0.85,9,0,1,1,1,0,4,0.28,2,0,1,0,1,0,167,14.2,9,5,4,3,2,3,12,25.0,9,226,51,22.6,15,109,102,13,5,0,8,5,14,18,0,167,14.2,126,183,68.9,1947,330,61,81,75.3,41,60,68.3,12,22,54.5,1,1.3,-0.3,6,9,2,0,11,167,14.2,334,21,45,149,150,67,318,6,16,37.5,6,0,156,579,253,14,2,6,28,14,487,220,45.2,77,167,14.2,5,36,12,33.3,2.54,0.85,0.11,0.33,11.6,0,1,1,5.8,5.1,0.14,-0.8,-1.1,80
69,170,Sergio Escudero,15.9,37,2.32,24,3,1,6,3,0,4,0.25,3,0,1,0,0,0,170,15.9,47,23,23,19,5,20,46,43.5,26,235,75,31.9,107,95,33,36,4,0,32,33,80,45,0,170,15.9,524,721,72.7,10338,4511,213,248,85.9,228,289,78.9,73,157,46.5,1,1.1,-0.1,10,35,13,4,46,170,15.9,924,48,281,472,211,15,760,3,13,23.1,3,0,442,1917,1034,40,10,3,8,15,477,414,86.8,26,170,15.9,2,21,3,14.3,1.32,0.19,0.10,0.67,26.5,4,0,0,1.5,1.5,0.07,+0.5,+0.5,75
70,171,Alfonso Espino,37.0,72,1.95,52,10,2,2,1,5,4,0.11,3,0,0,0,0,1,171,37.0,113,78,61,39,13,43,116,37.1,73,725,223,30.8,364,264,97,84,12,0,72,91,204,86,2,171,37.0,1124,1778,63.2,22133,10055,472,567,83.2,447,627,71.3,180,472,38.1,2,3.9,-1.9,40,90,35,22,100,171,37.0,2233,156,802,1004,553,51,1857,23,40,57.5,25,1,1152,6164,3370,129,47,7,33,28,1141,1019,89.3,86,171,37.0,2,27,8,29.6,0.73,0.22,0.07,0.25,20.3,0,0,0,1.6,1.4,0.05,+0.4,+0.6,78
71,174,Abdessamad Ezzalzouli,6.4,11,1.71,6,0,2,1,1,1,1,0.16,0,0,0,1,0,0,174,6.4,15,10,9,4,2,5,8,62.5,3,101,33,32.7,28,39,34,6,0,0,6,11,26,0,0,174,6.4,138,189,73.0,1783,282,105,122,86.1,21,34,61.8,7,15,46.7,0,0.6,-0.6,5,2,3,1,9,174,6.4,306,0,46,102,195,60,301,29,47,61.7,30,2,273,1819,1242,59,17,23,24,22,297,229,77.1,50,174,6.4,1,16,3,18.8,2.48,0.47,0.06,0.33,16.2,0,0,0,1.3,1.3,0.08,-0.3,-0.3,70
72,175,Radamel Falcao,9.3,14,1.50,7,0,2,3,2,0,3,0.32,0,0,0,2,1,0,175,9.3,3,1,1,1,1,0,2,0.0,2,148,46,31.1,8,62,78,5,1,0,4,0,3,12,0,175,9.3,133,174,76.4,1967,261,69,87,79.3,50,63,79.4,6,7,85.7,0,0.7,-0.7,5,10,2,1,7,175,9.3,295,12,21,155,129,43,282,3,6,50.0,3,0,158,513,221,14,3,5,35,15,457,226,49.5,46,175,9.3,6,33,15,45.5,3.54,1.61,0.18,0.40,12.7,2,0,0,4.4,4.4,0.13,+1.6,+1.6,76
73,178,Ansu Fati,3.7,10,2.68,7,0,0,0,2,1,2,0.54,1,0,0,0,1,0,178,3.7,4,2,0,2,2,0,0,,0,71,21,29.6,4,31,36,5,0,0,5,3,7,0,0,178,3.7,136,164,82.9,1708,284,87,99,87.9,35,42,83.3,4,6,66.7,0,0.7,-0.7,2,2,4,0,7,178,3.7,230,0,12,85,149,38,221,6,15,40.0,8,1,177,849,519,33,7,10,12,10,237,194,81.9,37,178,3.7,4,18,8,44.4,4.82,2.14,0.22,0.50,16.8,1,0,0,1.4,1.4,0.08,+2.6,+2.6,79
74,180,Nabil Fekir,31.0,161,5.19,78,49,9,4,15,6,19,0.61,11,5,2,0,1,0,180,31.0,48,34,6,29,13,5,27,18.5,22,602,156,25.9,85,330,187,17,1,0,16,16,64,4,0,180,31.0,1216,1507,80.7,20704,6682,615,664,92.6,403,470,85.7,142,269,52.8,8,6.8,+1.2,83,114,42,3,139,180,31.0,1964,7,126,959,1026,154,1759,57,103,55.3,61,3,1497,8072,4310,237,84,52,86,84,1788,1467,82.0,228,180,31.0,6,84,31,36.9,2.71,1.00,0.07,0.19,21.2,10,0,0,5.0,5.0,0.06,+1.0,+1.0,85
75,181,Felipe,16.7,9,0.54,8,0,0,1,0,0,1,0.06,1,0,0,0,0,0,181,16.7,22,16,13,7,2,8,16,50.0,8,142,51,35.9,74,64,4,25,13,0,12,32,54,76,1,181,16.7,659,793,83.1,13485,4345,214,235,91.1,326,364,89.6,103,164,62.8,1,0.4,+0.6,5,30,1,0,32,181,16.7,965,136,519,460,34,18,932,4,4,100.0,4,0,541,3145,1423,34,2,0,1,4,569,546,96.0,3,181,16.7,2,11,4,36.4,0.66,0.24,0.18,0.50,8.8,0,0,0,1.0,1.0,0.09,+1.0,+1.0,81
76,185,Fernando,20.6,23,1.12,21,1,1,0,0,0,3,0.15,2,1,0,0,0,0,185,20.6,29,23,17,10,2,10,37,27.0,27,201,74,36.8,100,91,10,35,13,0,22,42,71,46,0,185,20.6,1121,1248,89.8,24782,5214,338,363,93.1,548,578,94.8,227,282,80.5,1,0.3,+0.7,5,65,5,0,51,185,20.6,1420,130,544,810,155,12,1385,6,9,66.7,6,2,947,4004,1977,55,22,0,11,8,1021,992,97.2,18,185,20.6,1,7,1,14.3,0.34,0.05,0.14,1.00,15.6,0,0,0,0.6,0.6,0.09,+0.4,+0.4,83
77,186,Fidel,25.1,72,2.87,54,13,2,0,1,2,10,0.40,9,1,0,0,0,0,186,25.1,38,20,15,12,11,13,48,27.1,35,386,112,29.0,139,165,82,15,1,0,14,18,56,22,0,186,25.1,813,1095,74.2,13674,5337,440,513,85.8,258,327,78.9,96,197,48.7,6,5.1,+0.9,40,85,21,9,112,186,25.1,1362,40,250,689,519,59,1277,23,55,41.8,24,3,980,4793,2932,141,46,15,46,51,1191,1000,84.0,102,186,25.1,5,16,7,43.8,0.64,0.28,0.25,0.57,15.4,1,1,1,3.1,2.3,0.14,+1.9,+1.7,77
78,188,Dimitri Foulquier,26.0,23,0.88,15,2,1,1,4,0,4,0.15,1,1,0,0,2,0,188,26.0,48,26,22,22,4,13,23,56.5,10,401,103,25.7,166,182,53,51,6,0,45,53,101,56,0,188,26.0,705,1007,70.0,13590,6113,285,338,84.3,307,408,75.2,99,210,47.1,1,0.7,+0.3,10,68,12,5,73,188,26.0,1268,89,395,653,308,18,1028,16,25,64.0,19,5,651,3937,2438,90,36,3,17,22,631,575,91.1,19,188,26.0,0,16,5,31.3,0.61,0.19,0.00,0.00,21.4,0,0,0,0.8,0.8,0.05,-0.8,-0.8,75
79,189,Dimitri Foulquier,2.0,2,1.00,2,0,0,0,0,0,0,0.00,0,0,0,0,0,0,189,2.0,2,2,2,0,0,1,3,33.3,2,18,3,16.7,3,10,5,1,1,1,0,2,4,4,0,189,2.0,52,76,68.4,740,388,31,35,88.6,17,22,77.3,3,10,30.0,0,0.0,0.0,1,4,1,1,5,189,2.0,92,3,24,53,19,0,68,1,1,100.0,1,0,36,162,73,4,1,0,2,3,50,43,86.0,1,189,2.0,0,0,0,,0.00,0.00,,,,0,0,0,0.0,0.0,,0.0,0.0,75
80,190,Juan Foyth,21.4,27,1.26,26,0,1,0,0,0,1,0.05,1,0,0,0,0,0,190,21.4,72,46,39,23,10,32,51,62.7,19,331,108,32.6,174,113,44,45,8,1,37,34,106,56,1,190,21.4,1000,1180,84.7,18468,7273,407,451,90.2,487,559,87.1,97,140,69.3,1,1.8,-0.8,11,73,12,1,81,190,21.4,1414,89,493,778,254,19,1215,20,30,66.7,22,1,858,5166,2969,94,33,5,12,20,859,805,93.7,18,190,21.4,1,6,2,33.3,0.28,0.09,0.17,0.50,11.3,0,0,0,0.5,0.5,0.09,+0.5,+0.5,79
81,222,Gori,0.1,1,10.00,1,0,0,0,0,0,0,0.00,0,0,0,0,0,0,222,0.1,0,0,0,0,0,0,0,,0,3,0,0.0,1,2,0,1,0,0,1,0,0,0,0,222,0.1,4,5,80.0,77,37,1,1,100.0,3,3,100.0,0,1,0.0,0,0.0,0.0,0,1,0,0,2,222,0.1,6,0,2,3,2,0,6,0,0,,0,0,5,56,49,0,1,0,0,0,5,5,100.0,0,222,0.1,0,0,0,,0.00,0.00,,,,0,0,0,0.0,0.0,,0.0,0.0,64
82,225,Dominik Greif,1.0,0,0.00,0,0,0,0,0,0,0,0.00,0,0,0,0,0,0,225,1.0,0,0,0,0,0,0,0,,0,0,0,,0,0,0,0,0,0,0,0,0,0,0,225,1.0,20,31,64.5,489,206,8,8,100.0,5,5,100.0,7,18,38.9,0,0.0,0.0,0,0,0,0,0,225,1.0,33,32,33,0,0,0,21,0,0,,0,0,13,25,20,0,0,0,0,0,10,10,100.0,0,225,1.0,0,0,0,,0.00,0.00,,,,0,0,0,0.0,0.0,,0.0,0.0,72
83,227,Antoine Griezmann,18.8,51,2.71,39,8,0,1,2,1,11,0.58,10,0,0,0,0,1,227,18.8,29,20,10,14,5,12,29,41.4,17,405,113,27.9,70,199,136,18,1,0,17,18,47,15,0,227,18.8,560,710,78.9,8706,1834,311,359,86.6,176,219,80.4,47,87,54.0,4,3.4,+0.6,26,34,12,1,44,227,18.8,916,16,111,443,414,82,875,19,32,59.4,19,2,597,2844,1419,68,26,10,34,20,954,682,71.5,135,227,18.8,3,45,13,28.9,2.39,0.69,0.07,0.23,16.0,3,0,0,4.8,4.8,0.11,-1.8,-1.8,83
84,228,Antoine Griezmann,2.9,5,1.71,5,0,0,0,0,0,1,0.34,1,0,0,0,0,0,228,2.9,9,6,3,6,0,2,6,33.3,4,67,28,41.8,11,38,18,5,0,0,5,6,15,5,0,228,2.9,85,99,85.9,1708,345,38,44,86.4,27,30,90.0,17,18,94.4,0,0.0,0.0,0,6,0,0,10,228,2.9,146,5,24,84,47,8,146,3,6,50.0,3,1,111,513,252,10,3,1,6,7,145,109,75.2,20,228,2.9,0,4,0,0.0,1.37,0.00,0.00,,12.3,0,0,0,0.4,0.4,0.09,-0.4,-0.4,83
85,232,Nemanja Gudelj,11.6,8,0.69,7,0,0,0,0,1,0,0.00,0,0,0,0,0,0,232,11.6,22,16,12,7,3,9,11,81.8,2,131,46,35.1,62,57,12,23,8,0,15,18,40,47,1,232,11.6,601,669,89.8,12163,2649,216,230,93.9,283,300,94.3,96,124,77.4,0,0.1,-0.1,2,27,0,0,20,232,11.6,781,99,400,385,36,3,759,0,0,,0,0,493,2581,1184,25,3,0,5,2,546,522,95.6,4,232,11.6,0,4,2,50.0,0.34,0.17,0.00,0.00,25.7,1,0,0,0.1,0.1,0.03,-0.1,-0.1,79
86,234,Ander Guevara,9.6,9,0.93,9,0,0,0,0,0,0,0.00,0,0,0,0,0,0,234,9.6,20,10,9,9,2,10,19,52.6,9,176,55,31.3,66,89,21,23,6,0,17,14,34,13,0,234,9.6,531,604,87.9,10046,1985,199,224,88.8,258,287,89.9,64,72,88.9,0,0.2,-0.2,5,39,5,0,33,234,9.6,696,30,194,440,106,10,681,1,1,100.0,1,0,447,2248,1333,47,6,3,9,10,499,480,96.2,15,234,9.6,0,2,0,0.0,0.21,0.00,0.00,,24.3,0,0,0,0.1,0.1,0.04,-0.1,-0.1,76
87,242,Munir El Haddadi,5.3,11,2.09,9,0,0,2,0,0,1,0.19,1,0,0,0,0,0,242,5.3,6,3,0,5,1,2,6,33.3,4,95,25,26.3,19,49,27,9,1,0,8,8,14,5,0,242,5.3,106,137,77.4,1601,348,57,65,87.7,34,45,75.6,7,13,53.8,0,0.6,-0.6,6,6,6,2,10,242,5.3,212,4,27,101,93,21,211,1,3,33.3,1,0,128,506,239,11,5,0,12,11,220,143,65.0,26,242,5.3,2,13,7,53.8,2.47,1.33,0.15,0.29,13.1,0,0,0,1.6,1.6,0.14,+0.4,+0.4,79
88,244,Eden Hazard,8.0,44,5.52,36,0,4,0,4,0,1,0.13,1,0,0,0,0,0,244,8.0,8,6,5,3,0,3,6,50.0,3,75,20,26.7,21,37,17,3,1,0,2,8,16,1,0,244,8.0,366,411,89.1,5376,946,223,247,90.3,113,124,91.1,20,21,95.2,1,2.6,-1.6,28,16,12,0,21,244,8.0,509,5,46,204,302,69,498,19,23,82.6,19,0,409,2706,1651,99,28,17,17,17,525,439,83.6,100,244,8.0,0,12,7,58.3,1.51,0.88,0.00,0.00,15.1,0,0,0,1.2,1.2,0.10,-1.2,-1.2,84
89,245,Kike Hermoso,1.0,0,0.00,0,0,0,0,0,0,0,0.00,0,0,0,0,0,0,245,1.0,2,2,2,0,0,1,1,100.0,0,8,3,37.5,4,4,0,5,2,0,3,1,3,11,0,245,1.0,47,51,92.2,983,195,15,15,100.0,26,27,96.3,6,9,66.7,0,0.0,0.0,0,0,0,0,0,245,1.0,72,7,51,19,2,2,72,1,1,100.0,1,0,43,122,41,1,0,0,1,0,46,46,100.0,0,245,1.0,1,2,1,50.0,2.00,1.00,0.50,1.00,10.2,0,0,0,0.2,0.2,0.08,+0.8,+0.8,66
90,246,Mario Hermoso,20.7,23,1.11,19,3,0,1,0,0,2,0.10,2,0,0,0,0,0,246,20.7,28,15,20,6,2,18,43,41.9,25,176,68,38.6,104,52,20,29,3,0,26,36,64,53,1,246,20.7,1125,1309,85.9,23019,8169,430,461,93.3,489,538,90.9,195,281,69.4,1,0.6,+0.4,8,90,11,2,84,246,20.7,1468,104,573,793,188,29,1366,5,9,55.6,6,0,929,4618,2605,79,28,0,7,9,1018,983,96.6,13,246,20.7,2,17,4,23.5,0.82,0.19,0.12,0.50,15.7,0,0,0,2.0,2.0,0.12,0.0,0.0,80
91,252,Yangel Herrera,18.3,24,1.31,17,0,2,1,3,1,4,0.22,2,0,0,0,1,1,252,18.3,51,45,20,25,6,8,25,32.0,17,438,140,32.0,155,226,57,30,5,0,25,30,81,40,0,252,18.3,717,858,83.6,12080,3415,346,398,86.9,295,348,84.8,58,78,74.4,1,0.8,+0.2,12,64,6,1,56,252,18.3,1099,58,300,678,179,19,1082,21,31,67.7,22,2,722,2856,1104,43,14,0,19,31,819,731,89.3,43,252,18.3,1,15,3,20.0,0.82,0.16,0.07,0.33,18.7,0,0,0,1.0,1.0,0.07,0.0,0.0,76
92,253,Matthew Hoppe,1.5,4,2.75,4,0,0,0,0,0,1,0.69,1,0,0,0,0,0,253,1.5,1,1,0,0,1,0,3,0.0,3,36,7,19.4,4,15,17,0,0,0,0,0,1,0,0,253,1.5,26,36,72.2,348,26,18,20,90.0,6,10,60.0,1,1,100.0,1,0.2,+0.8,3,1,0,0,0,253,1.5,48,0,6,25,21,3,43,0,3,0.0,0,0,28,64,13,0,0,0,4,2,74,37,50.0,11,253,1.5,0,2,0,0.0,1.37,0.00,0.00,,15.0,0,0,0,0.1,0.1,0.05,-0.1,-0.1,69
93,258,Iglesias,8.0,16,2.00,10,2,1,0,3,0,1,0.13,1,0,0,0,0,0,258,8.0,21,15,12,9,0,5,18,27.8,13,148,44,29.7,64,61,23,21,2,0,19,18,39,22,0,258,8.0,178,342,52.0,4261,2287,57,73,78.1,63,110,57.3,55,140,39.3,1,1.0,0.0,8,14,8,4,22,258,8.0,444,23,139,224,110,2,347,5,11,45.5,5,1,200,1046,518,25,10,0,9,5,217,177,81.6,9,258,8.0,0,5,0,0.0,0.63,0.00,0.00,,34.9,0,0,0,0.1,0.1,0.02,-0.1,-0.1,59
94,259,Borja Iglesias,17.5,33,1.89,25,1,0,2,4,1,4,0.23,1,0,0,0,2,1,259,17.5,6,4,1,1,4,2,8,25.0,6,260,46,17.7,14,98,148,9,1,0,8,7,13,5,0,259,17.5,242,340,71.2,3672,542,137,180,76.1,70,92,76.1,19,34,55.9,0,3.1,-3.1,16,8,12,1,18,259,17.5,519,6,29,236,276,95,484,12,33,36.4,17,2,333,1420,608,37,10,14,41,28,709,397,56.0,112,259,17.5,10,38,17,44.7,2.17,0.97,0.18,0.41,14.8,0,3,3,8.5,6.2,0.16,+1.5,+0.8,81
95,262,Alexander Isak,23.8,60,2.52,35,0,9,7,8,1,5,0.21,2,0,1,2,0,0,262,23.8,14,9,2,8,4,3,11,27.3,8,259,66,25.5,19,81,159,15,3,0,12,4,18,8,0,262,23.8,332,455,73.0,4761,948,201,247,81.4,96,129,74.4,19,33,57.6,2,3.0,-1.0,19,23,21,2,39,262,23.8,740,13,49,310,447,139,698,42,92,45.7,48,4,534,2883,1725,97,34,27,55,35,914,564,61.7,183,262,23.8,6,71,32,45.1,2.99,1.35,0.06,0.13,15.4,3,2,3,10.9,8.6,0.12,-4.9,-4.6,80
96,263,Isco,3.7,19,5.17,15,1,0,1,2,0,2,0.54,2,0,0,0,0,0,263,3.7,10,6,7,3,0,3,12,25.0,9,75,22,29.3,21,39,15,1,0,0,1,2,12,0,0,263,3.7,238,269,88.5,4287,1138,107,117,91.5,89,95,93.7,32,43,74.4,0,1.0,-1.0,9,25,6,0,24,263,3.7,318,4,50,176,123,19,304,11,15,73.3,11,2,263,1502,853,46,12,4,8,10,282,262,92.9,20,263,3.7,1,11,3,27.3,2.99,0.82,0.09,0.33,14.7,0,0,0,1.2,1.2,0.11,-0.2,-0.2,82
97,264,Nicolas Jackson,1.8,5,2.73,4,0,0,0,1,0,1,0.55,0,0,0,0,1,0,264,1.8,2,1,1,0,1,0,2,0.0,2,50,15,30.0,11,21,18,1,0,0,1,2,4,1,0,264,1.8,41,54,75.9,576,98,24,31,77.4,14,16,87.5,1,2,50.0,0,0.5,-0.5,3,2,1,0,3,264,1.8,88,1,5,42,51,17,86,3,6,50.0,4,0,60,368,231,9,5,3,8,6,111,70,63.1,23,264,1.8,0,5,1,20.0,2.73,0.55,0.00,0.00,10.9,0,0,0,0.8,0.8,0.15,-0.8,-0.8,70
98,266,Adnan Januzaj,18.1,66,3.66,34,18,5,7,2,0,6,0.33,1,0,1,3,1,0,266,18.1,18,10,2,9,7,3,17,17.6,14,190,58,30.5,43,92,55,22,3,0,19,17,35,14,0,266,18.1,478,736,64.9,9685,3392,212,258,82.2,168,222,75.7,89,220,40.5,0,3.4,-3.4,33,54,30,12,74,266,18.1,1053,19,110,479,546,62,927,43,85,50.6,48,4,790,3848,2229,147,44,15,61,62,900,751,83.4,101,266,18.1,3,40,13,32.5,2.22,0.72,0.03,0.08,22.7,9,2,2,4.0,2.5,0.06,-1.0,-1.5,81
99,272,Jofre,0.2,4,18.00,3,0,0,0,1,0,2,9.00,1,0,0,0,1,0,272,0.2,1,1,0,0,1,1,1,100.0,0,3,2,66.7,0,0,3,0,0,0,0,0,1,0,0,272,0.2,6,8,75.0,131,52,3,3,100.0,1,2,50.0,2,3,66.7,1,0.3,+0.7,2,0,2,2,0,272,0.2,13,0,0,4,11,3,13,0,0,,0,0,10,117,82,6,2,1,1,0,14,11,78.6,5,272,0.2,0,0,0,,0.00,0.00,,,,0,0,0,0.0,0.0,,0.0,0.0,68
100,279,Joselu,34.7,71,2.05,47,1,1,11,9,2,9,0.26,6,0,0,1,1,1,279,34.7,17,8,0,12,5,6,27,22.2,21,460,125,27.2,39,193,228,26,5,0,21,11,28,47,0,279,34.7,687,1122,61.2,10410,2417,411,568,72.4,214,374,57.2,43,102,42.2,4,4.0,0.0,30,67,18,4,80,279,34.7,1523,54,121,778,657,159,1461,16,48,33.3,19,6,648,1938,655,37,7,11,74,39,1771,1168,66.0,183,279,34.7,14,90,33,36.7,2.59,0.95,0.09,0.24,18.0,3,6,7,12.4,7.0,0.08,+1.6,+1.0,80
101,284,Juanmi,23.7,46,1.94,31,0,6,1,5,3,6,0.25,4,0,1,0,1,0,284,23.7,47,29,11,23,13,16,57,28.1,41,461,120,26.0,117,207,137,28,3,0,25,17,64,9,1,284,23.7,417,520,80.2,6592,1551,225,261,86.2,132,156,84.6,37,57,64.9,4,2.5,+1.5,19,19,9,4,34,284,23.7,798,24,121,349,377,108,778,26,43,60.5,27,5,532,2616,1309,72,18,11,48,37,827,528,63.8,124,284,23.7,16,55,30,54.5,2.32,1.27,0.29,0.53,13.5,0,0,0,11.8,11.8,0.21,+4.2,+4.2,79
102,285,Lago Junior,2.0,3,1.53,1,0,1,0,1,0,0,0.00,0,0,0,0,0,0,285,2.0,3,3,3,0,0,2,3,66.7,1,38,9,23.7,16,9,13,0,0,0,0,3,6,1,0,285,2.0,27,48,56.3,369,107,21,27,77.8,5,11,45.5,1,5,20.0,0,0.0,0.0,0,0,0,0,1,285,2.0,86,2,14,28,50,11,85,5,8,62.5,6,1,64,364,259,16,2,4,7,8,95,69,72.6,10,285,2.0,0,6,1,16.7,3.05,0.51,0.00,0.00,16.3,0,0,0,0.3,0.3,0.05,-0.3,-0.3,72
103,291,Koke,27.9,54,1.94,46,3,0,1,3,1,7,0.25,7,0,0,0,0,0,291,27.9,50,31,14,30,6,20,64,31.3,44,483,158,32.7,153,247,83,35,6,0,29,30,80,33,0,291,27.9,1508,1761,85.6,26184,7784,708,754,93.9,613,690,88.8,150,249,60.2,2,1.9,+0.1,26,165,27,5,136,291,27.9,1979,61,430,1200,454,33,1930,14,23,60.9,14,1,1383,5162,2731,109,28,2,17,28,1629,1518,93.2,48,291,27.9,1,12,6,50.0,0.43,0.22,0.08,0.17,25.4,0,0,0,1.0,1.0,0.09,0.0,0.0,83
104,292,Luca Koleosho,0.0,0,0.00,0,0,0,0,0,0,0,0.00,0,0,0,0,0,0,292,0.0,0,0,0,0,0,0,0,,0,3,1,33.3,2,0,1,0,0,0,0,0,0,1,0,292,0.0,1,1,100.0,11,4,1,1,100.0,0,0,,0,0,,0,0.0,0.0,0,0,0,0,0,292,0.0,2,1,1,0,1,1,2,0,0,,0,0,1,17,16,1,0,1,0,0,2,1,50.0,0,292,0.0,0,0,0,,0.00,0.00,,,,0,0,0,0.0,0.0,,0.0,0.0,60
105,293,Geoffrey Kondogbia,20.9,23,1.10,19,0,2,0,0,2,4,0.19,3,0,0,0,0,1,293,20.9,75,47,24,44,7,19,44,43.2,25,428,152,35.5,142,230,56,27,6,0,21,55,130,31,0,293,20.9,880,1008,87.3,17035,4149,379,416,91.1,341,383,89.0,139,180,77.2,2,1.0,+1.0,9,70,11,0,71,293,20.9,1259,69,372,804,162,6,1253,17,22,77.3,17,0,849,4189,1932,72,20,0,17,27,820,781,95.2,10,293,20.9,1,15,1,6.7,0.72,0.05,0.07,1.00,24.0,0,0,0,0.5,0.5,0.03,+0.5,+0.5,82
106,295,Toni Kroos,23.4,84,3.59,55,26,2,0,0,1,4,0.17,3,1,0,0,0,0,295,23.4,44,31,14,22,8,22,46,47.8,24,367,100,27.2,102,204,61,13,4,1,9,17,61,11,0,295,23.4,2076,2258,91.9,43854,12542,820,841,97.5,790,824,95.9,435,548,79.4,3,3.5,-0.5,50,269,41,5,208,295,23.4,2423,62,510,1450,612,25,2238,8,19,42.1,8,2,1745,7388,3806,143,37,2,9,10,2056,1990,96.8,33,295,23.4,1,46,12,26.1,1.97,0.51,0.02,0.08,23.5,4,0,0,2.0,2.0,0.04,-1.0,-1.0,88
107,296,Takefusa Kubo,17.8,69,3.87,43,6,5,2,12,1,4,0.22,3,0,0,0,1,0,296,17.8,28,24,12,13,3,8,30,26.7,22,339,97,28.6,97,130,112,32,3,0,29,20,48,8,0,296,17.8,363,516,70.3,5885,2113,193,243,79.4,120,169,71.0,38,67,56.7,0,2.6,-2.6,31,29,26,7,63,296,17.8,796,10,115,351,402,74,761,36,68,52.9,43,3,600,3701,2397,140,39,23,42,42,710,537,75.6,83,296,17.8,1,49,9,18.4,2.75,0.50,0.02,0.11,19.8,3,0,0,3.1,3.1,0.06,-2.1,-2.1,74
108,301,Toni Lato,6.6,10,1.53,9,0,0,0,1,0,1,0.15,1,0,0,0,0,0,301,6.6,12,6,8,3,1,9,14,64.3,5,120,38,31.7,61,37,22,11,1,0,10,11,23,20,0,301,6.6,234,310,75.5,4605,1720,96,112,85.7,106,129,82.2,27,56,48.2,1,0.5,+0.5,2,21,4,2,23,301,6.6,372,20,124,154,107,6,306,8,10,80.0,10,1,183,860,399,17,4,0,3,4,187,166,88.8,10,301,6.6,0,0,0,,0.00,0.00,,,,0,0,0,0.0,0.0,,0.0,0.0,73
109,302,Robin Le Normand,37.0,6,0.16,3,1,0,2,0,0,2,0.05,2,0,0,0,0,0,302,37.0,46,27,34,8,4,19,35,54.3,16,295,105,35.6,181,99,15,50,23,0,27,59,105,176,1,302,37.0,1888,2109,89.5,40928,9960,496,552,89.9,1019,1092,93.3,356,439,81.1,1,0.2,+0.8,3,84,4,0,89,302,37.0,2464,443,1392,1161,59,34,2406,3,4,75.0,4,0,1573,9594,5717,111,7,1,7,5,1717,1694,98.7,4,302,37.0,1,18,4,22.2,0.49,0.11,0.06,0.25,9.6,0,0,0,1.3,1.3,0.07,-0.3,-0.3,81
110,304,Wu Lei,5.3,11,2.09,10,0,0,1,0,0,0,0.00,0,0,0,0,0,0,304,5.3,4,4,2,2,0,1,5,20.0,4,82,24,29.3,15,45,22,6,0,0,6,5,9,3,0,304,5.3,72,101,71.3,1077,234,41,51,80.4,23,30,76.7,4,11,36.4,0,1.0,-1.0,5,2,1,0,6,304,5.3,152,3,21,84,58,21,148,2,8,25.0,2,0,86,403,219,13,3,2,12,3,168,92,54.8,27,304,5.3,1,7,5,71.4,1.33,0.95,0.14,0.20,14.6,0,0,0,0.7,0.7,0.11,+0.3,+0.3,73
111,306,Iñigo Lekue,21.4,32,1.50,23,6,1,1,0,1,4,0.19,2,0,1,0,0,1,306,21.4,41,25,20,15,6,23,47,48.9,24,285,93,32.6,104,126,55,52,11,1,41,37,78,54,0,306,21.4,887,1207,73.5,16766,7774,368,415,88.7,395,503,78.5,109,248,44.0,2,2.1,-0.1,15,78,17,11,75,306,21.4,1434,97,450,701,365,14,1152,15,31,48.4,18,4,763,3948,2075,100,35,7,17,19,781,734,94.0,22,306,21.4,0,7,1,14.3,0.33,0.05,0.00,0.00,23.4,0,0,0,0.2,0.2,0.03,-0.2,-0.2,75
112,307,Thomas Lemar,16.0,62,3.87,44,7,3,5,3,0,11,0.69,7,1,1,2,0,0,307,16.0,26,16,10,12,4,6,19,31.6,13,280,88,31.4,71,136,73,20,1,0,19,18,44,8,0,307,16.0,637,810,78.6,11003,3308,323,367,88.0,212,259,81.9,84,144,58.3,5,3.1,+1.9,32,48,35,14,74,307,16.0,989,21,126,479,460,50,909,31,51,60.8,31,0,714,3964,2197,126,40,11,14,27,813,707,87.0,70,307,16.0,4,29,8,27.6,1.81,0.50,0.14,0.50,18.3,1,0,0,3.4,3.4,0.12,+0.6,+0.6,83
113,311,Marcos Llorente,27.2,41,1.51,37,2,1,0,1,0,4,0.15,4,0,0,0,0,0,311,27.2,52,33,24,23,5,21,43,48.8,22,402,139,34.6,150,146,106,42,9,0,33,42,94,47,0,311,27.2,1060,1321,80.2,16938,4974,584,661,88.4,352,445,79.1,89,140,63.6,2,2.8,-0.8,25,51,26,12,69,311,27.2,1584,58,405,706,567,62,1422,18,28,64.3,20,1,1078,5183,2531,135,40,14,24,32,1188,996,83.8,134,311,27.2,0,16,2,12.5,0.59,0.07,0.00,0.00,20.6,0,0,0,0.8,0.8,0.05,-0.8,-0.8,84
114,314,Renan Lodi,13.1,18,1.37,17,0,0,0,1,0,2,0.15,2,0,0,0,0,0,314,13.1,32,17,15,13,4,14,31,45.2,17,184,65,35.3,68,69,47,30,4,0,26,27,59,13,0,314,13.1,502,640,78.4,8267,2309,258,292,88.4,191,233,82.0,38,79,48.1,2,1.9,+0.1,11,19,9,5,25,314,13.1,798,31,243,346,268,39,700,17,34,50.0,18,1,487,2873,1756,65,21,4,16,12,574,488,85.0,57,314,13.1,2,10,4,40.0,0.76,0.30,0.20,0.50,17.0,0,0,0,0.7,0.7,0.07,+1.3,+1.3,80
115,319,Anthony Lozano,18.6,36,1.94,20,0,3,6,6,1,9,0.48,3,0,1,2,2,1,319,18.6,11,9,2,4,5,2,13,15.4,11,251,63,25.1,26,134,91,18,4,0,14,8,19,7,0,319,18.6,186,303,61.4,2727,606,116,166,69.9,45,75,60.0,16,32,50.0,2,1.0,+1.0,10,11,6,3,19,319,18.6,565,14,49,297,270,86,548,25,49,51.0,27,1,384,2265,1452,71,28,18,66,42,750,406,54.1,99,319,18.6,7,49,20,40.8,2.64,1.08,0.14,0.35,14.3,0,0,0,5.2,5.2,0.11,+1.8,+1.8,72
116,324,Andriy Lunin,2.0,0,0.00,0,0,0,0,0,0,0,0.00,0,0,0,0,0,0,324,2.0,0,0,0,0,0,0,0,,0,1,0,0.0,1,0,0,0,0,0,0,0,0,0,0,324,2.0,72,82,87.8,1683,769,18,18,100.0,38,40,95.0,16,24,66.7,0,0.0,0.0,0,0,0,0,0,324,2.0,89,85,89,0,0,0,59,0,0,,0,0,39,118,68,0,0,0,0,0,41,41,100.0,0,324,2.0,0,0,0,,0.00,0.00,,,,0,0,0,0.0,0.0,,0.0,0.0,75
117,326,Pablo Maffeo,32.7,54,1.65,33,2,5,3,8,3,10,0.31,6,0,1,0,3,0,326,32.7,85,55,47,25,13,31,56,55.4,25,415,128,30.8,182,167,66,79,15,0,64,72,157,73,0,326,32.7,901,1317,68.4,15683,6809,442,513,86.2,353,488,72.3,89,262,34.0,4,2.4,+1.6,24,35,32,22,69,326,32.7,1763,108,544,840,500,53,1454,45,70,64.3,47,2,963,5157,3124,129,47,10,30,62,967,866,89.6,60,326,32.7,1,29,7,24.1,0.89,0.21,0.03,0.14,20.5,0,0,0,1.7,1.7,0.06,-0.7,-0.7,78
118,327,Nemanja Maksimović,32.6,42,1.29,35,1,1,1,2,2,1,0.03,1,0,0,0,0,0,327,32.6,64,40,26,30,8,21,57,36.8,36,618,167,27.0,131,354,133,75,13,0,62,64,128,38,0,327,32.6,689,880,78.3,10920,2246,359,421,85.3,247,305,81.0,53,102,52.0,2,0.7,+1.3,20,48,7,2,41,327,32.6,1190,62,255,669,314,70,1163,12,18,66.7,12,0,610,3013,1395,82,23,5,27,17,731,615,84.1,42,327,32.6,1,30,5,16.7,0.92,0.15,0.03,0.20,15.1,0,0,0,2.5,2.5,0.08,-1.5,-1.5,79
119,330,Giorgi Mamardashvili,18.0,1,0.06,1,0,0,0,0,0,0,0.00,0,0,0,0,0,0,330,18.0,0,0,0,0,0,0,0,,0,2,1,50.0,2,0,0,0,0,0,0,0,0,0,0,330,18.0,288,495,58.2,11612,8318,38,40,95.0,87,88,98.9,161,365,44.1,0,0.0,0.0,0,4,0,0,0,330,18.0,547,462,543,4,0,0,325,0,0,,0,0,190,1064,595,0,0,0,1,1,140,139,99.3,0,330,18.0,0,0,0,,0.00,0.00,,,,0,0,0,0.0,0.0,,0.0,0.0,77
120,331,Reinildo Mandava,14.4,10,0.69,9,1,0,0,0,0,0,0.00,0,0,0,0,0,0,331,14.4,38,22,27,10,1,16,28,57.1,12,176,59,33.5,99,68,9,30,8,0,22,32,70,40,0,331,14.4,543,668,81.3,9073,3862,251,273,91.9,245,290,84.5,35,83,42.2,0,0.1,-0.1,3,34,4,0,33,331,14.4,813,56,379,396,92,9,720,4,9,44.4,4,1,492,2546,1311,32,9,2,11,4,449,437,97.3,16,331,14.4,0,2,0,0.0,0.14,0.00,0.00,,7.2,0,0,0,0.2,0.2,0.12,-0.2,-0.2,79
121,334,Nikola Maraš,11.6,3,0.26,2,0,0,1,0,0,0,0.00,0,0,0,0,0,0,334,11.6,12,11,9,3,0,8,16,50.0,8,77,36,46.8,42,32,3,27,14,0,13,16,28,62,0,334,11.6,380,447,85.0,8219,2498,100,112,89.3,209,234,89.3,68,97,70.1,0,0.0,0.0,1,14,0,0,28,334,11.6,570,81,324,268,13,11,556,0,0,,0,0,306,1630,878,14,1,0,2,1,331,325,98.2,1,334,11.6,0,2,0,0.0,0.17,0.00,0.00,,10.5,0,0,0,0.1,0.1,0.05,-0.1,-0.1,72
122,335,Marcelo,5.8,14,2.40,13,0,0,0,0,1,2,0.34,2,0,0,0,0,0,335,5.8,8,4,4,2,2,4,10,40.0,6,33,14,42.4,14,9,10,7,2,0,5,6,14,6,0,335,5.8,385,468,82.3,6665,1664,202,222,91.0,147,166,88.6,34,68,50.0,2,0.6,+1.4,9,26,12,4,31,335,5.8,516,18,98,235,226,18,476,9,12,75.0,9,0,408,1727,1094,54,23,4,5,2,432,407,94.2,34,335,5.8,0,8,3,37.5,1.37,0.51,0.00,0.00,20.2,0,0,0,0.3,0.3,0.04,-0.3,-0.3,79
123,340,Mariano,3.8,10,2.63,7,0,2,0,0,1,2,0.53,1,0,0,0,0,1,340,3.8,2,2,1,0,1,0,0,,0,63,11,17.5,9,24,30,1,0,0,1,1,3,4,0,340,3.8,44,58,75.9,683,149,25,30,83.3,13,15,86.7,4,8,50.0,1,0.6,+0.4,5,2,4,0,5,340,3.8,98,3,10,43,52,21,91,5,8,62.5,5,0,58,290,166,13,3,3,10,3,127,74,58.3,21,340,3.8,1,14,3,21.4,3.68,0.79,0.07,0.33,12.8,0,0,0,2.2,2.2,0.16,-1.2,-1.2,74
124,345,Ander Martin,1.0,5,5.11,2,1,1,1,0,0,0,0.00,0,0,0,0,0,0,345,1.0,1,1,0,0,1,0,1,0.0,1,35,9,25.7,6,20,9,1,0,0,1,3,4,1,0,345,1.0,36,46,78.3,502,103,23,27,85.2,9,11,81.8,3,6,50.0,0,0.1,-0.1,2,1,2,1,2,345,1.0,63,2,6,26,33,5,58,1,3,33.3,1,1,40,160,91,7,2,2,5,0,53,44,83.0,7,345,1.0,0,4,2,50.0,4.09,2.05,0.00,0.00,21.5,0,0,0,0.2,0.2,0.04,-0.2,-0.2,65
125,355,Borja Mayoral,11.6,27,2.33,23,0,2,2,0,0,6,0.52,4,0,1,1,0,0,355,11.6,8,5,1,5,2,3,3,100.0,0,158,35,22.2,14,67,77,15,5,0,10,9,17,3,0,355,11.6,194,252,77.0,2945,531,116,137,84.7,45,64,70.3,22,27,81.5,1,1.1,-0.1,12,11,6,3,14,355,11.6,384,8,31,204,170,50,371,14,30,46.7,15,1,261,1177,547,29,9,6,30,19,445,267,60.0,70,355,11.6,6,16,6,37.5,1.38,0.52,0.31,0.83,15.8,0,1,1,2.7,2.0,0.12,+3.3,+3.0,74
126,356,Jordi Mboula,4.8,7,1.45,4,0,0,0,0,3,1,0.21,0,0,0,0,0,1,356,4.8,5,3,2,2,1,1,6,16.7,5,80,26,32.5,17,32,31,10,2,0,8,2,7,0,0,356,4.8,52,90,57.8,708,168,35,47,74.5,16,34,47.1,0,3,0.0,0,0.1,-0.1,2,4,1,0,4,356,4.8,148,6,24,78,68,13,147,9,14,64.3,10,1,103,760,515,24,7,6,14,11,173,99,57.2,22,356,4.8,0,5,0,0.0,1.04,0.00,0.00,,13.2,0,0,0,0.3,0.3,0.06,-0.3,-0.3,71
127,362,Ferland Mendy,19.3,53,2.75,48,2,2,0,1,0,3,0.16,2,0,0,0,1,0,362,19.3,26,16,14,9,3,9,20,45.0,11,138,51,37.0,63,44,31,32,2,0,30,33,59,20,0,362,19.3,1247,1361,91.6,19015,5667,722,760,95.0,407,440,92.5,85,103,82.5,1,1.3,-0.3,20,76,17,5,73,362,19.3,1546,74,418,700,560,41,1404,31,51,60.8,32,3,1159,6118,3335,146,59,15,16,14,1199,1132,94.4,65,362,19.3,2,12,6,50.0,0.62,0.31,0.17,0.33,18.5,0,0,0,1.1,1.1,0.09,+0.9,+0.9,83
128,364,Mikel Merino,32.1,69,2.15,52,0,3,4,7,3,10,0.31,5,0,0,3,2,0,364,32.1,76,50,24,42,10,22,61,36.1,39,579,177,30.6,149,315,115,62,11,0,51,37,113,60,2,364,32.1,1367,1759,77.7,24200,7934,647,763,84.8,529,642,82.4,159,269,59.1,2,3.5,-1.5,27,157,39,4,179,364,32.1,2178,105,462,1276,546,90,2155,21,37,56.8,23,1,1459,5243,2278,81,34,7,34,57,1688,1532,90.8,95,364,32.1,3,44,15,34.1,1.37,0.47,0.07,0.20,16.7,0,0,0,4.3,4.3,0.10,-1.3,-1.3,83
129,369,Luis Milla,30.8,71,2.30,46,19,1,1,2,2,7,0.23,3,3,0,1,0,0,369,30.8,51,31,27,21,3,17,55,30.9,38,518,158,30.5,189,256,73,38,7,0,31,40,91,31,0,369,30.8,1149,1447,79.4,23378,7769,464,519,89.4,447,504,88.7,208,366,56.8,3,4.1,-1.1,42,146,22,11,145,369,30.8,1700,76,372,1066,387,27,1516,22,34,64.7,24,2,1063,6477,3557,138,39,6,14,19,1090,1011,92.8,40,369,30.8,3,19,3,15.8,0.62,0.10,0.00,0.00,24.0,3,3,3,3.6,1.3,0.07,-0.6,-1.3,79
130,370,Pere Milla,18.3,28,1.53,21,0,2,3,1,1,5,0.27,3,0,1,1,0,0,370,18.3,29,18,17,10,2,11,45,24.4,34,396,91,23.0,97,196,103,26,2,0,24,21,50,21,0,370,18.3,391,534,73.2,6322,1618,200,253,79.1,137,178,77.0,36,71,50.7,3,1.9,+1.1,12,20,12,3,35,370,18.3,800,43,160,412,276,53,779,18,39,46.2,20,2,543,2347,1168,43,15,5,42,47,783,534,68.2,81,370,18.3,8,29,14,48.3,1.59,0.77,0.28,0.57,12.5,0,0,0,4.4,4.4,0.15,+3.6,+3.6,76
131,373,Rafa Mir,20.1,31,1.54,18,0,4,5,4,0,5,0.25,3,0,0,2,0,0,373,20.1,7,7,1,3,3,0,8,0.0,8,284,79,27.8,21,122,141,8,3,0,5,4,11,17,0,373,20.1,242,352,68.8,3905,401,124,163,76.1,97,137,70.8,14,26,53.8,0,0.4,-0.4,9,12,7,1,17,373,20.1,573,20,62,298,240,86,535,14,25,56.0,16,2,289,1543,688,25,11,10,68,28,847,407,48.1,94,373,20.1,10,61,22,36.1,3.04,1.10,0.16,0.45,12.3,0,0,0,7.6,7.6,0.12,+2.4,+2.4,79
132,375,Juan Miranda,8.7,15,1.72,13,0,0,0,1,1,3,0.34,3,0,0,0,0,0,375,8.7,22,13,14,4,4,7,20,35.0,13,131,40,30.5,59,44,28,19,5,0,14,13,35,28,0,375,8.7,394,515,76.5,7031,2824,173,192,90.1,177,217,81.6,37,90,41.1,2,1.5,+0.5,8,25,9,4,35,375,8.7,611,30,171,308,156,10,507,2,7,28.6,2,0,330,1025,516,28,10,1,5,2,387,349,90.2,25,375,8.7,0,6,2,33.3,0.69,0.23,0.00,0.00,27.7,2,0,0,0.1,0.1,0.02,-0.1,-0.1,59
133,376,Stefan Mitrović,29.6,8,0.27,7,0,0,1,0,0,0,0.00,0,0,0,0,0,0,376,29.6,17,8,11,6,0,8,13,61.5,5,141,48,34.0,93,43,5,38,17,0,21,41,58,113,1,376,29.6,712,907,78.5,16747,5221,174,200,87.0,366,422,86.7,163,267,61.0,0,0.0,0.0,2,18,1,0,25,376,29.6,1130,193,684,474,23,13,1076,2,3,66.7,2,0,506,2887,1028,13,0,0,4,2,571,557,97.5,3,376,29.6,1,5,1,20.0,0.17,0.03,0.20,1.00,11.4,0,0,0,0.2,0.2,0.03,+0.8,+0.8,74
134,377,Luka Modrić,22.6,73,3.23,58,8,3,3,0,1,11,0.49,8,1,0,2,0,0,377,22.6,20,13,7,10,3,7,20,35.0,13,296,89,30.1,60,150,86,14,5,0,9,31,51,6,0,377,22.6,1527,1734,88.1,28816,8248,698,741,94.2,555,613,90.5,234,297,78.8,8,4.2,+3.8,38,174,38,4,163,377,22.6,1909,25,390,983,669,58,1808,26,41,63.4,27,4,1446,7590,3750,171,42,13,24,26,1640,1548,94.4,86,377,22.6,2,27,10,37.0,1.20,0.44,0.04,0.10,20.1,1,1,1,2.7,2.0,0.07,-0.7,-1.0,88
135,378,Johan Mojica,31.7,50,1.58,43,2,3,0,2,0,8,0.25,7,0,0,0,1,0,378,31.7,45,29,31,10,4,21,29,72.4,8,350,103,29.4,182,114,54,45,3,0,42,65,110,58,0,378,31.7,1419,1857,76.4,26244,11612,693,765,90.6,513,619,82.9,188,375,50.1,5,4.5,+0.5,31,77,46,26,119,378,31.7,2214,119,748,981,643,28,1883,26,77,33.8,33,6,1434,7139,3892,184,77,8,47,27,1459,1316,90.2,76,378,31.7,2,16,4,25.0,0.50,0.13,0.13,0.50,23.8,0,0,0,0.7,0.7,0.04,+1.3,+1.3,77
136,379,Jorge Molina,21.8,50,2.29,39,0,3,3,5,0,5,0.23,5,0,0,0,0,0,379,21.8,10,6,2,3,5,1,12,8.3,11,223,68,30.5,20,113,90,15,4,0,11,6,16,12,0,379,21.8,344,532,64.7,5094,1358,203,284,71.5,110,169,65.1,21,40,52.5,5,3.1,+1.9,28,33,10,1,45,379,21.8,743,18,58,367,348,105,726,5,16,31.3,7,2,383,1346,640,39,9,6,39,31,945,580,61.4,132,379,21.8,10,45,22,48.9,2.06,1.01,0.22,0.45,13.1,0,0,1,6.1,5.3,0.12,+3.9,+4.7,58
137,380,Jon Moncayola,32.4,57,1.76,38,15,0,4,0,0,4,0.12,3,1,0,0,0,0,380,32.4,40,19,18,17,5,17,45,37.8,28,559,139,24.9,167,290,102,54,10,0,44,34,74,34,0,380,32.4,1089,1398,77.9,22644,5739,391,444,88.1,477,555,85.9,202,342,59.1,3,2.3,+0.7,34,105,25,8,101,380,32.4,1655,74,341,961,431,32,1562,11,17,64.7,11,0,951,3667,1710,67,21,2,24,20,1259,1091,86.7,79,380,32.4,2,41,12,29.3,1.27,0.37,0.05,0.17,24.5,1,0,0,2.2,2.2,0.05,-0.2,-0.2,75
138,382,Gonzalo Montiel,11.8,21,1.77,19,0,0,1,1,0,3,0.25,3,0,0,0,0,0,382,11.8,13,4,9,3,1,8,16,50.0,8,100,38,38.0,47,36,17,16,2,0,14,15,28,16,0,382,11.8,547,704,77.7,9572,3241,243,278,87.4,249,298,83.6,46,97,47.4,2,1.3,+0.7,11,30,12,7,44,382,11.8,794,32,246,391,204,18,694,5,9,55.6,5,1,476,2398,1406,48,18,1,11,3,558,511,91.6,41,382,11.8,1,5,1,20.0,0.42,0.08,0.20,1.00,18.1,0,0,0,0.3,0.3,0.07,+0.7,+0.7,79
139,385,Jon Morcillo,0.6,0,0.00,0,0,0,0,0,0,0,0.00,0,0,0,0,0,0,385,0.6,0,0,0,0,0,0,3,0.0,3,23,7,30.4,8,14,1,1,0,0,1,0,0,0,0,385,0.6,20,34,58.8,273,75,13,16,81.3,7,10,70.0,0,6,0.0,0,0.0,0.0,0,1,0,0,2,385,0.6,42,1,7,15,23,2,41,0,1,0.0,0,0,31,236,140,7,1,0,3,1,33,28,84.8,5,385,0.6,0,1,0,0.0,1.67,0.00,0.00,,6.0,0,0,0,0.4,0.4,0.38,-0.4,-0.4,71
140,386,Alberto Moreno,13.6,38,2.80,28,5,0,3,2,0,3,0.22,0,2,0,1,0,0,386,13.6,16,12,6,9,1,5,20,25.0,15,188,55,29.3,66,78,44,17,2,0,15,36,52,12,1,386,13.6,500,623,80.3,8783,2312,229,267,85.8,209,246,85.0,53,88,60.2,2,2.0,0.0,19,25,22,7,38,386,13.6,785,25,145,370,322,42,725,8,15,53.3,12,2,538,2648,1482,69,28,5,27,16,675,538,79.7,77,386,13.6,3,22,10,45.5,1.62,0.74,0.14,0.30,17.5,1,0,0,3.0,3.0,0.14,0.0,0.0,64
141,388,Gerard Moreno,13.2,49,3.70,39,0,5,1,2,2,6,0.45,4,0,0,0,1,1,388,13.2,7,4,3,3,1,2,7,28.6,5,114,36,31.6,16,56,42,9,1,0,8,7,14,13,0,388,13.2,323,472,68.4,6092,1697,149,195,76.4,115,161,71.4,52,78,66.7,3,4.7,-1.7,29,38,25,4,59,388,13.2,637,16,51,324,302,82,626,34,54,63.0,34,3,496,2175,1006,65,22,10,27,29,706,532,75.4,110,388,13.2,9,36,13,36.1,2.72,0.98,0.22,0.62,14.1,0,1,2,6.5,5.0,0.14,+2.5,+3.0,85
142,389,Tete Morente,18.1,34,1.87,27,2,2,1,1,1,4,0.22,2,1,1,0,0,0,389,18.1,26,14,13,9,4,10,26,38.5,16,317,83,26.2,88,138,91,31,1,0,30,17,43,14,0,389,18.1,418,596,70.1,6829,2027,241,290,83.1,128,185,69.2,42,80,52.5,3,2.1,+0.9,17,28,19,11,46,389,18.1,828,17,135,400,368,53,801,27,61,44.3,30,3,581,3322,1706,86,22,10,36,25,757,557,73.6,91,389,18.1,3,29,8,27.6,1.60,0.44,0.10,0.38,18.1,0,0,0,3.2,3.2,0.11,-0.2,-0.2,73
143,391,Manu Morlanes,12.7,23,1.81,17,1,1,1,0,3,5,0.39,3,0,0,1,0,1,391,12.7,30,20,10,16,4,8,29,27.6,21,243,63,25.9,111,116,16,22,5,0,17,22,52,25,0,391,12.7,562,644,87.3,9786,3066,263,281,93.6,234,253,92.5,55,89,61.8,0,0.3,-0.3,5,59,6,2,58,391,12.7,765,33,188,507,123,5,734,11,13,84.6,11,2,491,2636,1392,65,17,2,6,10,496,476,96.0,7,391,12.7,2,8,2,25.0,0.63,0.16,0.25,1.00,18.6,0,0,0,0.8,0.8,0.10,+1.2,+1.2,73
144,394,Cristhian Mosquera,2.4,0,0.00,0,0,0,0,0,0,0,0.00,0,0,0,0,0,0,394,2.4,6,3,5,1,0,4,6,66.7,2,37,3,8.1,21,10,6,2,0,0,2,5,11,2,0,394,2.4,67,76,88.2,1444,366,19,20,95.0,37,41,90.2,10,14,71.4,0,0.0,0.0,0,8,0,0,6,394,2.4,91,11,36,57,3,1,88,0,1,0.0,1,0,51,300,104,3,0,0,1,0,58,55,94.8,0,394,2.4,0,1,0,0.0,0.42,0.00,0.00,,7.0,0,0,0,0.1,0.1,0.12,-0.1,-0.1,66
145,396,Iker Muniain,30.9,172,5.56,87,56,12,3,13,1,21,0.68,9,5,3,1,2,1,396,30.9,35,21,11,19,5,17,39,43.6,22,341,85,24.9,71,169,101,27,1,0,26,23,58,7,0,396,30.9,1246,1590,78.4,21703,8092,619,689,89.8,435,524,83.0,160,304,52.6,10,9.5,+0.5,108,112,72,12,191,396,30.9,1914,14,156,958,949,86,1649,60,106,56.6,67,13,1355,7078,3773,220,83,20,47,52,1555,1365,87.8,136,396,30.9,4,38,16,42.1,1.23,0.52,0.08,0.19,18.7,6,1,3,6.7,4.3,0.11,-2.7,-1.3,84
146,397,Aihen Muñoz,14.9,17,1.14,10,4,1,1,1,0,1,0.07,0,0,0,1,0,0,397,14.9,37,18,18,16,3,18,31,58.1,13,209,75,35.9,82,103,24,20,1,0,19,26,63,38,1,397,14.9,581,758,76.6,10251,4414,256,290,88.3,272,321,84.7,45,112,40.2,0,0.5,-0.5,6,46,10,4,40,397,14.9,929,37,295,452,241,10,770,13,27,48.1,14,1,525,2411,1461,65,29,4,18,16,531,496,93.4,24,397,14.9,0,7,0,0.0,0.47,0.00,0.00,,25.8,0,0,0,0.2,0.1,0.02,-0.2,-0.1,75
147,399,Vedat Muriqi,16.0,36,2.25,26,0,4,4,0,2,6,0.38,4,0,1,1,0,0,399,16.0,4,3,2,1,1,1,5,20.0,4,173,46,26.6,12,80,81,22,1,0,21,12,16,26,0,399,16.0,264,466,56.7,3687,782,158,237,66.7,77,155,49.7,12,33,36.4,3,1.6,+1.4,13,18,13,2,33,399,16.0,681,28,74,330,307,89,664,8,15,53.3,8,1,299,1459,706,43,14,8,44,16,795,503,63.3,110,399,16.0,5,49,15,30.6,3.07,0.94,0.06,0.20,14.9,0,2,2,5.2,3.7,0.08,-0.2,-0.7,75
148,400,Yunus Musah,14.0,24,1.72,18,1,3,0,1,1,2,0.14,2,0,0,0,0,0,400,14.0,25,9,6,13,6,8,22,36.4,14,293,70,23.9,75,142,76,19,1,0,18,14,39,11,0,400,14.0,289,394,73.4,5211,1283,126,158,79.7,111,150,74.0,37,52,71.2,0,1.1,-1.1,10,25,8,5,30,400,14.0,564,13,80,274,280,43,538,28,49,57.1,30,4,412,2801,1841,73,36,16,32,27,474,385,81.2,61,400,14.0,1,7,2,28.6,0.50,0.14,0.14,0.50,15.2,0,0,0,0.4,0.4,0.05,+0.6,+0.6,73
149,406,Loum Ndiaye,25.7,15,0.58,12,0,0,3,0,0,0,0.00,0,0,0,0,0,0,406,25.7,54,32,27,26,1,22,59,37.3,37,558,120,21.5,190,312,56,42,11,0,31,42,96,84,1,406,25.7,613,825,74.3,12480,3045,215,270,79.6,301,370,81.4,92,159,57.9,0,0.1,-0.1,4,64,4,1,58,406,25.7,1178,99,331,756,137,32,1170,27,39,69.2,27,3,650,2931,1311,56,9,1,33,24,674,593,88.0,20,406,25.7,2,34,8,23.5,1.32,0.31,0.06,0.25,22.0,0,0,0,2.3,2.3,0.07,-0.3,-0.3,73
150,411,Fernando Niño,9.8,22,2.24,15,0,2,0,4,1,0,0.00,0,0,0,0,0,0,411,9.8,11,5,6,1,4,3,10,30.0,7,190,48,25.3,32,76,82,16,4,0,12,4,15,12,0,411,9.8,146,209,69.9,2005,293,93,123,75.6,34,55,61.8,10,14,71.4,0,0.3,-0.3,9,9,2,0,6,411,9.8,340,17,42,168,145,46,324,8,16,50.0,9,0,163,876,510,25,8,6,24,19,424,235,55.4,62,411,9.8,2,23,13,56.5,2.34,1.32,0.09,0.15,12.2,0,0,0,4.1,4.1,0.18,-2.1,-2.1,71
151,412,Peru Nolaskoain,0.0,0,0.00,0,0,0,0,0,0,0,0.00,0,0,0,0,0,0,412,0.0,0,0,0,0,0,0,0,,0,1,0,0.0,0,1,0,0,0,0,0,0,0,0,0,412,0.0,2,2,100.0,24,5,1,1,100.0,1,1,100.0,0,0,,0,0.0,0.0,0,0,0,0,0,412,0.0,2,0,0,2,0,0,2,0,0,,0,0,2,1,0,0,0,0,0,0,2,2,100.0,0,412,0.0,0,0,0,,0.00,0.00,,,,0,0,0,0.0,0.0,,0.0,0.0,68
152,417,Jan Oblak,38.0,1,0.03,1,0,0,0,0,0,0,0.00,0,0,0,0,0,0,417,38.0,0,0,0,0,0,0,0,,0,1,0,0.0,1,0,0,0,0,0,0,0,0,1,3,417,38.0,638,1095,58.3,21547,13992,91,92,98.9,247,251,98.4,296,748,39.6,0,0.0,0.0,0,13,1,0,0,417,38.0,1155,1034,1152,4,1,1,767,2,2,100.0,2,0,515,2609,1411,0,0,0,1,0,450,449,99.8,0,417,38.0,0,1,0,0.0,0.03,0.00,0.00,,14.0,0,0,0,0.0,0.0,0.02,0.0,0.0,89
153,418,Lucas Ocampos,23.6,46,1.95,28,2,8,2,3,3,7,0.30,4,0,3,0,0,0,418,23.6,54,27,25,21,8,25,54,46.3,29,397,107,27.0,109,174,114,39,3,0,36,28,82,24,0,418,23.6,660,861,76.7,11343,2631,340,386,88.1,248,304,81.6,59,127,46.5,4,1.8,+2.2,14,24,15,5,58,418,23.6,1269,31,198,549,612,127,1202,41,90,45.6,46,3,911,4618,2585,141,39,28,81,58,1196,915,76.5,163,418,23.6,6,51,16,31.4,2.16,0.68,0.12,0.38,16.5,0,0,0,5.7,5.7,0.11,+0.3,+0.3,81
154,419,Lucas Olaza,3.3,9,2.75,8,1,0,0,0,0,0,0.00,0,0,0,0,0,0,419,3.3,5,3,3,1,1,1,1,100.0,0,35,12,34.3,17,10,8,7,1,0,6,4,9,6,0,419,3.3,162,210,77.1,2718,1106,74,88,84.1,75,87,86.2,13,28,46.4,0,0.3,-0.3,6,11,6,3,16,419,3.3,245,8,58,128,77,2,204,3,3,100.0,3,1,156,570,249,11,7,0,3,4,144,140,97.2,8,419,3.3,1,4,1,25.0,1.22,0.31,0.25,1.00,17.6,0,0,0,0.7,0.7,0.21,+0.3,+0.3,75
155,424,Pedro Ortiz,0.1,2,25.71,2,0,0,0,0,0,0,0.00,0,0,0,0,0,0,424,0.1,0,0,0,0,0,0,0,,0,3,0,0.0,1,0,2,0,0,0,0,0,0,1,0,424,0.1,14,14,100.0,324,68,5,5,100.0,7,7,100.0,2,2,100.0,0,0.4,-0.4,1,2,1,0,3,424,0.1,16,1,2,9,5,1,16,0,0,,0,0,12,34,25,1,0,0,0,0,14,14,100.0,0,424,0.1,0,1,1,100.0,12.86,12.86,0.00,0.00,8.0,0,0,0,0.4,0.4,0.37,-0.4,-0.4,60
156,425,Milutin Osmajić,2.9,1,0.35,0,0,0,0,1,0,0,0.00,0,0,0,0,0,0,425,2.9,3,2,0,3,0,0,0,,0,47,10,21.3,5,27,15,0,0,0,0,2,5,4,0,425,2.9,27,50,54.0,341,58,19,30,63.3,6,12,50.0,0,2,0.0,0,0.0,0.0,0,1,0,0,1,425,2.9,89,6,11,40,41,10,84,1,6,16.7,3,0,44,146,58,3,1,1,10,6,151,60,39.7,6,425,2.9,0,4,0,0.0,1.40,0.00,0.00,,11.7,0,0,0,0.3,0.3,0.07,-0.3,-0.3,69
157,427,Mikel Oyarzabal,18.6,63,3.39,33,17,4,7,2,0,6,0.32,2,2,0,2,0,0,427,18.6,23,14,10,10,3,3,17,17.6,14,269,75,27.9,61,103,105,24,2,0,22,16,39,15,0,427,18.6,441,652,67.6,7679,2079,215,260,82.7,164,214,76.6,49,126,38.9,3,3.4,-0.4,39,14,23,6,38,427,18.6,872,18,118,336,489,85,764,21,41,51.2,22,4,571,3136,1760,92,36,15,37,32,736,571,77.6,124,427,18.6,9,38,12,31.6,2.05,0.65,0.13,0.42,18.0,5,4,5,9.1,5.3,0.15,-0.1,-0.3,84
158,430,Gavi Paez,25.7,52,2.02,43,0,5,1,2,1,13,0.51,10,0,2,0,1,0,430,25.7,44,32,12,21,11,14,36,38.9,22,573,149,26.0,123,273,177,47,0,0,47,34,78,17,0,430,25.7,1115,1270,87.8,17381,3422,643,683,94.1,358,407,88.0,89,123,72.4,5,3.1,+1.9,18,116,28,4,75,430,25.7,1634,18,159,924,683,98,1617,37,65,56.9,38,0,1323,6657,3224,182,58,15,52,56,1470,1251,85.1,125,430,25.7,2,31,8,25.8,1.20,0.31,0.06,0.25,14.5,0,0,0,4.0,4.0,0.13,-2.0,-2.0,79
159,431,Helibelton Palacios,21.5,12,0.56,11,0,1,0,0,0,0,0.00,0,0,0,0,0,0,431,21.5,65,34,54,10,1,26,45,57.8,19,300,89,29.7,199,81,20,41,9,1,32,38,103,59,0,431,21.5,721,939,76.8,12642,5568,324,366,88.5,323,394,82.0,62,127,48.8,0,0.2,-0.2,7,48,7,4,59,431,21.5,1169,90,447,573,207,8,980,21,27,77.8,22,0,643,3181,1880,70,20,3,8,15,678,615,90.7,19,431,21.5,0,1,0,0.0,0.05,0.00,0.00,,11.3,0,0,0,0.1,0.1,0.06,-0.1,-0.1,73
160,433,Daniel Parejo,30.0,112,3.73,62,45,2,0,2,1,15,0.50,9,6,0,0,0,0,433,30.0,46,33,20,17,9,15,52,28.8,37,484,147,30.4,129,258,97,49,7,0,42,34,80,20,2,433,30.0,1808,2151,84.1,37979,11995,633,690,91.7,814,895,90.9,331,498,66.5,10,6.6,+3.4,69,222,43,9,216,433,30.0,2368,69,447,1419,593,20,2127,20,30,66.7,21,4,1550,6106,2828,116,28,1,14,22,1770,1676,94.7,42,433,30.0,2,16,5,31.3,0.53,0.17,0.06,0.20,23.4,3,1,1,1.7,1.0,0.06,+0.3,0.0,86
161,435,Javier Pastore,5.8,20,3.43,19,0,1,0,0,0,0,0.00,0,0,0,0,0,0,435,5.8,5,3,1,2,2,3,7,42.9,4,102,22,21.6,34,37,31,5,1,0,4,5,10,1,0,435,5.8,224,285,78.6,3994,1199,106,126,84.1,85,99,85.9,27,45,60.0,0,0.9,-0.9,11,22,13,2,28,435,5.8,342,5,55,191,128,20,333,7,17,41.2,7,2,242,1309,646,39,13,3,6,10,318,272,85.5,39,435,5.8,0,8,2,25.0,1.37,0.34,0.00,0.00,17.7,0,0,0,0.4,0.4,0.05,-0.4,-0.4,76
162,436,Gabriel Paulista,17.7,3,0.17,3,0,0,0,0,0,1,0.06,1,0,0,0,0,0,436,17.7,25,12,19,6,0,10,14,71.4,4,100,34,34.0,63,33,4,21,12,0,9,67,92,116,1,436,17.7,484,601,80.5,12081,3930,112,128,87.5,226,261,86.6,138,200,69.0,1,0.1,+0.9,3,28,2,0,30,436,17.7,812,173,486,351,15,8,753,2,5,40.0,3,0,396,2408,1381,29,0,0,3,3,331,325,98.2,2,436,17.7,2,6,3,50.0,0.34,0.17,0.33,0.67,15.3,0,0,0,0.9,0.9,0.14,+1.1,+1.1,82
163,437,Alfonso Pedraza,18.9,40,2.12,33,0,4,2,1,0,8,0.42,7,0,1,0,0,0,437,18.9,34,18,20,10,4,9,34,26.5,25,265,77,29.1,92,110,63,22,3,0,19,55,89,37,0,437,18.9,733,1005,72.9,12097,4258,382,431,88.6,276,363,76.0,56,144,38.9,4,3.2,+0.8,22,45,24,9,62,437,18.9,1256,63,330,510,504,82,1078,30,56,53.6,31,5,806,4872,2981,138,46,28,37,24,855,754,88.2,91,437,18.9,4,23,9,39.1,1.22,0.48,0.17,0.44,16.0,0,0,0,1.6,1.6,0.07,+2.4,+2.4,78
164,438,Pedri,9.8,39,3.97,27,6,1,2,3,0,6,0.61,4,0,0,1,1,0,438,9.8,18,12,5,8,5,5,21,23.8,16,216,70,32.4,59,98,59,20,1,0,19,11,29,4,1,438,9.8,521,613,85.0,10053,2259,212,240,88.3,212,238,89.1,81,101,80.2,1,1.1,-0.1,16,54,18,0,55,438,9.8,727,12,93,384,301,24,703,12,20,60.0,14,1,569,2807,1262,63,16,5,8,22,634,558,88.0,56,438,9.8,3,12,5,41.7,1.22,0.51,0.25,0.60,17.8,0,0,0,1.1,1.1,0.09,+1.9,+1.9,85
165,439,Pedrosa,30.2,43,1.42,29,1,4,2,5,2,2,0.07,2,0,0,0,0,0,439,30.2,59,35,35,19,5,20,42,47.6,22,350,94,26.9,178,108,64,52,11,0,41,54,113,87,0,439,30.2,967,1280,75.5,16785,6322,445,502,88.6,418,522,80.1,81,185,43.8,1,1.8,-0.8,22,51,17,10,58,439,30.2,1685,140,583,737,509,57,1448,43,79,54.4,48,6,1024,6139,3738,149,58,17,54,40,1049,940,89.6,70,439,30.2,1,25,7,28.0,0.83,0.23,0.04,0.14,23.2,0,0,0,1.2,1.2,0.05,-0.2,-0.2,76
166,450,Alex Petxa,4.6,9,1.97,7,0,1,0,1,0,0,0.00,0,0,0,0,0,0,450,4.6,12,10,4,7,1,4,8,50.0,4,77,30,39.0,32,37,8,9,2,0,7,10,22,7,0,450,4.6,203,271,74.9,3741,1396,86,99,86.9,86,105,81.9,26,58,44.8,0,0.2,-0.2,1,20,4,1,19,450,4.6,330,11,89,178,83,2,280,3,12,25.0,3,0,187,807,391,22,10,0,4,3,199,189,95.0,3,450,4.6,0,2,1,50.0,0.44,0.22,0.00,0.00,17.2,0,0,0,0.2,0.2,0.08,-0.2,-0.2,66
167,453,Cristiano Piccini,3.6,6,1.68,5,1,0,0,0,0,0,0.00,0,0,0,0,0,0,453,3.6,16,11,11,4,1,7,13,53.8,6,72,23,31.9,36,23,13,4,2,0,2,9,25,9,0,453,3.6,96,140,68.6,2084,1166,36,44,81.8,32,43,74.4,27,49,55.1,0,0.2,-0.2,2,9,4,3,12,453,3.6,183,13,69,83,43,3,150,7,8,87.5,7,0,94,545,334,13,7,1,1,3,81,73,90.1,3,453,3.6,1,3,1,33.3,0.84,0.28,0.33,1.00,17.7,0,0,0,0.1,0.1,0.04,+0.9,+0.9,74
168,456,Yeremi Pino,18.6,46,2.47,33,0,7,1,5,0,10,0.54,5,0,4,1,0,0,456,18.6,31,13,12,10,9,10,29,34.5,19,279,74,26.5,67,104,108,44,5,0,39,19,50,9,1,456,18.6,432,542,79.7,6406,1487,249,299,83.3,146,172,84.9,19,29,65.5,4,3.2,+0.8,22,9,30,8,47,456,18.6,806,18,110,300,455,106,799,26,59,44.1,28,1,587,3044,1665,97,19,21,48,29,864,584,67.6,125,456,18.6,6,26,15,57.7,1.39,0.80,0.23,0.40,11.4,0,0,0,6.2,6.2,0.24,-0.2,-0.2,79
169,458,Ezequiel Ponce,7.4,17,2.29,12,0,2,2,0,1,1,0.13,0,0,1,0,0,0,458,7.4,8,7,3,4,1,2,3,66.7,1,128,37,28.9,16,57,55,6,1,0,5,4,12,6,0,458,7.4,122,166,73.5,1714,238,82,98,83.7,28,41,68.3,8,11,72.7,0,0.3,-0.3,6,5,4,1,8,458,7.4,264,6,22,147,111,32,256,11,22,50.0,11,1,176,697,254,13,4,2,23,13,282,193,68.4,58,458,7.4,1,15,5,33.3,2.02,0.67,0.07,0.20,12.8,0,0,0,2.0,2.0,0.14,-1.0,-1.0,74
170,460,Portu,17.7,34,1.92,27,3,0,2,1,1,4,0.23,3,0,0,0,1,0,460,17.7,20,11,7,6,7,7,25,28.0,18,340,82,24.1,81,122,137,31,4,0,27,11,31,8,0,460,17.7,359,486,73.9,5031,1534,222,269,82.5,114,154,74.0,11,31,35.5,2,2.0,0.0,20,17,21,7,41,460,17.7,673,11,90,282,355,96,655,9,16,56.3,10,0,474,2352,1532,97,32,19,35,27,699,483,69.1,110,460,17.7,1,24,9,37.5,1.36,0.51,0.00,0.00,14.4,0,1,1,3.1,2.3,0.10,-2.1,-2.3,78
171,466,Javi Puado,24.9,39,1.56,32,0,2,3,2,0,3,0.12,2,0,1,0,0,0,466,24.9,27,19,18,9,0,12,29,41.4,17,356,105,29.5,105,138,113,24,2,1,22,25,52,15,0,466,24.9,548,654,83.8,7759,1394,339,371,91.4,165,196,84.2,23,36,63.9,1,1.2,-0.2,21,25,19,2,41,466,24.9,906,34,169,448,381,73,891,23,52,44.2,25,0,666,4445,2262,112,44,15,44,34,869,646,74.3,104,466,24.9,4,40,12,30.0,1.60,0.48,0.10,0.33,14.6,0,0,0,4.9,4.9,0.12,-0.9,-0.9,78
172,474,Uroš Račić,13.4,21,1.57,15,2,1,1,1,1,0,0.00,0,0,0,0,0,0,474,13.4,33,25,10,20,3,12,30,40.0,18,319,97,30.4,105,176,38,25,7,0,18,20,53,29,0,474,13.4,380,506,75.1,8403,1989,133,167,79.6,151,183,82.5,86,134,64.2,0,0.7,-0.7,7,49,6,1,45,474,13.4,659,33,162,384,145,16,648,10,16,62.5,11,0,382,1727,712,33,12,2,13,13,431,387,89.8,17,474,13.4,0,16,1,6.3,1.19,0.07,0.00,0.00,20.7,0,0,0,0.9,0.9,0.06,-0.9,-0.9,75
173,477,Antonio Raillo,17.0,3,0.18,3,0,0,0,0,0,0,0.00,0,0,0,0,0,0,477,17.0,21,12,17,3,1,5,8,62.5,3,147,54,36.7,89,48,10,28,15,0,13,27,48,83,1,477,17.0,532,615,86.5,11170,3785,161,173,93.1,276,298,92.6,87,130,66.9,0,0.0,0.0,0,34,0,0,31,477,17.0,792,153,499,317,39,14,760,0,0,,0,0,403,3075,1670,33,7,1,1,1,445,432,97.1,1,477,17.0,2,9,3,33.3,0.53,0.18,0.22,0.67,10.0,0,0,0,1.1,1.1,0.12,+0.9,+0.9,73
174,478,Ivan Rakitić,24.2,75,3.09,42,25,0,5,2,1,10,0.41,5,4,0,1,0,0,478,24.2,40,27,13,21,6,17,38,44.7,21,364,102,28.0,77,193,94,47,10,0,37,26,66,35,1,478,24.2,1396,1652,84.5,28945,7045,530,575,92.2,602,668,90.1,242,347,69.7,6,2.8,+3.2,40,140,16,3,107,478,24.2,1896,57,419,1125,438,28,1746,7,21,33.3,9,1,1228,4710,2137,84,22,2,26,17,1447,1346,93.0,66,478,24.2,4,29,10,34.5,1.20,0.41,0.10,0.30,21.4,4,1,2,3.4,1.9,0.06,+0.6,+1.1,82
175,484,Karim Rekik,12.2,16,1.31,13,0,0,0,0,3,2,0.16,2,0,0,0,0,0,484,12.2,19,13,9,9,1,6,11,54.5,5,120,49,40.8,53,51,16,15,6,0,9,15,34,34,0,484,12.2,693,757,91.5,13097,3704,255,275,92.7,352,370,95.1,77,99,77.8,2,0.3,+1.7,5,29,4,1,26,484,12.2,864,80,399,416,89,15,822,7,10,70.0,8,0,631,2381,1163,22,10,1,12,7,670,634,94.6,11,484,12.2,0,4,0,0.0,0.33,0.00,0.00,,8.3,0,0,0,0.4,0.4,0.09,-0.4,-0.4,77
176,490,Rober,22.3,17,0.76,16,0,0,1,0,0,3,0.13,2,0,0,1,0,0,490,22.3,45,28,31,11,3,24,36,66.7,12,260,95,36.5,142,95,23,35,17,0,18,56,101,98,1,490,22.3,846,1042,81.2,17543,7409,288,311,92.6,402,448,89.7,150,264,56.8,0,0.4,-0.4,5,56,3,1,69,490,22.3,1269,193,749,523,78,13,1232,4,5,80.0,4,0,749,4261,2345,57,19,0,7,4,772,752,97.4,3,490,22.3,1,8,1,12.5,0.36,0.04,0.13,1.00,7.0,0,0,0,1.4,1.4,0.18,-0.4,-0.4,69
177,491,Sergi Roberto,4.4,9,2.03,9,0,0,0,0,0,1,0.23,1,0,0,0,0,0,491,4.4,10,6,4,3,3,2,5,40.0,3,41,11,26.8,9,20,12,3,0,0,3,2,12,4,0,491,4.4,241,268,89.9,3887,908,124,132,93.9,93,100,93.0,20,29,69.0,1,0.3,+0.7,5,16,2,0,15,491,4.4,299,10,61,159,94,8,282,5,5,100.0,5,1,203,935,492,19,6,0,6,3,245,217,88.6,12,491,4.4,2,4,3,75.0,0.90,0.68,0.50,0.67,9.0,0,0,0,1.6,1.6,0.41,+0.4,+0.4,80
178,501,Rodrygo,16.9,65,3.84,40,6,9,2,7,1,11,0.65,8,0,1,1,1,0,501,16.9,20,15,9,5,6,3,17,17.6,14,293,70,23.9,68,121,104,25,0,0,25,18,38,5,0,501,16.9,558,673,82.9,7105,1627,384,411,93.4,128,160,80.0,18,51,35.3,4,1.6,+2.4,26,26,20,1,40,501,16.9,903,8,81,369,517,120,862,27,63,42.9,31,2,693,3846,2575,155,34,37,47,21,922,704,76.4,127,501,16.9,4,35,15,42.9,2.07,0.89,0.11,0.27,15.8,0,0,0,4.6,4.6,0.13,-0.6,-0.6,81
179,506,Aitor Ruibal,9.5,30,3.15,23,0,4,1,2,0,1,0.11,0,0,0,0,1,0,506,9.5,24,15,14,5,5,9,31,29.0,22,198,53,26.8,65,83,50,14,0,0,14,16,40,4,0,506,9.5,262,340,77.1,4084,1396,146,168,86.9,94,117,80.3,16,32,50.0,0,0.7,-0.7,10,21,12,2,38,506,9.5,474,10,82,211,215,30,451,15,35,42.9,20,1,327,1398,915,56,11,4,13,16,444,335,75.5,54,506,9.5,0,19,3,15.8,2.00,0.32,0.00,0.00,18.9,0,0,0,1.2,1.2,0.06,-1.2,-1.2,74
180,512,Youssouf Sabaly,8.8,14,1.60,13,0,0,0,1,0,1,0.11,1,0,0,0,0,0,512,8.8,12,7,12,0,0,6,12,50.0,6,81,28,34.6,44,19,18,23,4,0,19,19,31,15,1,512,8.8,419,499,84.0,6508,2257,216,231,93.5,166,194,85.6,25,48,52.1,1,0.6,+0.4,8,17,5,1,24,512,8.8,605,37,200,285,162,11,530,6,16,37.5,7,0,383,1881,1144,47,17,3,16,11,410,384,93.7,24,512,8.8,0,4,1,25.0,0.46,0.11,0.00,0.00,25.1,0,0,0,0.1,0.1,0.03,-0.1,-0.1,76
181,513,Salvi,15.5,20,1.29,13,2,0,5,0,0,3,0.19,1,0,0,2,0,0,513,15.5,18,10,7,9,2,3,16,18.8,13,241,54,22.4,57,120,64,22,2,0,20,8,26,21,0,513,15.5,222,356,62.4,3485,1225,123,153,80.4,75,109,68.8,17,69,24.6,1,1.4,-0.4,9,11,15,5,26,513,15.5,507,19,108,210,224,38,483,7,15,46.7,8,1,298,1982,1199,46,18,6,28,11,493,312,63.3,56,513,15.5,2,19,8,42.1,1.23,0.52,0.11,0.25,15.8,0,0,1,3.0,2.2,0.12,-1.0,-0.2,74
182,515,Oihan Sancet,15.8,56,3.54,37,1,4,5,3,6,6,0.38,4,0,1,0,0,1,515,15.8,18,11,3,10,5,4,7,57.1,3,270,77,28.5,20,110,140,9,1,0,8,7,25,11,0,515,15.8,356,461,77.2,5487,1214,194,230,84.3,115,156,73.7,25,39,64.1,4,2.8,+1.2,24,33,23,2,45,515,15.8,684,13,45,325,363,83,673,19,35,54.3,22,1,506,2351,1160,78,31,14,47,56,791,554,70.0,183,515,15.8,6,31,14,45.2,1.96,0.89,0.19,0.43,14.2,0,0,0,2.6,2.6,0.09,+3.4,+3.4,76
183,523,Alvaro Sanz,0.3,1,3.10,1,0,0,0,0,0,0,0.00,0,0,0,0,0,0,523,0.3,0,0,0,0,0,0,0,,0,8,2,25.0,1,5,2,0,0,0,0,1,1,0,0,523,0.3,12,14,85.7,219,19,5,5,100.0,5,5,100.0,2,3,66.7,0,0.0,0.0,1,1,0,0,0,523,0.3,16,0,3,8,5,0,15,0,0,,0,0,12,77,18,2,0,0,0,1,14,12,85.7,1,523,0.3,0,0,0,,0.00,0.00,,,,0,0,0,0.0,0.0,,0.0,0.0,65
184,526,Esteban Saveljich,18.9,7,0.37,6,0,0,1,0,0,0,0.00,0,0,0,0,0,0,526,18.9,20,12,12,8,0,7,12,58.3,5,131,49,37.4,66,63,2,28,12,0,16,22,42,94,0,526,18.9,495,583,84.9,11490,3004,105,117,89.7,283,307,92.2,102,144,70.8,0,0.3,-0.3,2,16,4,2,25,526,18.9,754,118,448,334,19,11,735,0,1,0.0,0,0,417,2582,1117,21,1,0,0,4,449,437,97.3,1,526,18.9,0,9,3,33.3,0.48,0.16,0.00,0.00,7.5,0,0,0,0.8,0.8,0.09,-0.8,-0.8,71
185,527,Stefan Savić,27.1,9,0.33,7,0,0,2,0,0,0,0.00,0,0,0,0,0,0,527,27.1,43,14,29,12,2,21,37,56.8,16,221,70,31.7,118,86,17,38,13,0,25,37,80,102,1,527,27.1,1148,1378,83.3,25360,7977,340,386,88.1,563,614,91.7,232,349,66.5,0,0.1,-0.1,2,75,1,0,80,527,27.1,1619,184,855,813,72,28,1577,8,8,100.0,8,0,994,5800,3554,79,17,0,7,4,1069,1054,98.6,7,527,27.1,0,16,5,31.3,0.59,0.18,0.00,0.00,7.9,0,0,0,1.8,1.8,0.11,-1.8,-1.8,84
186,530,Javier Serrano,0.8,1,1.32,1,0,0,0,0,0,1,1.32,1,0,0,0,0,0,530,0.8,2,1,1,1,0,0,3,0.0,3,28,8,28.6,8,20,0,0,0,0,0,0,2,1,0,530,0.8,35,45,77.8,543,93,19,24,79.2,12,16,75.0,2,2,100.0,0,0.0,0.0,0,0,1,0,3,530,0.8,52,4,12,37,4,0,52,0,1,0.0,0,0,38,96,36,3,1,0,0,0,39,38,97.4,2,530,0.8,0,0,0,,0.00,0.00,,,,0,0,0,0.0,0.0,,0.0,0.0,64
187,533,David Silva,19.1,91,4.76,69,9,5,1,5,2,11,0.58,7,1,0,0,3,0,533,19.1,33,28,11,18,4,5,22,22.7,17,316,101,32.0,71,161,84,19,4,0,15,15,48,11,0,533,19.1,913,1043,87.5,15626,3568,444,492,90.2,352,391,90.0,90,113,79.6,4,4.4,-0.4,40,74,43,5,97,533,19.1,1234,20,151,662,519,78,1198,22,44,50.0,26,2,959,4851,2210,135,49,14,30,25,1082,965,89.2,119,533,19.1,2,21,6,28.6,1.10,0.31,0.10,0.33,15.9,0,0,0,2.7,2.7,0.13,-0.7,-0.7,83
188,534,Jonathan Silva,2.5,3,1.19,2,1,0,0,0,0,0,0.00,0,0,0,0,0,0,534,2.5,8,2,4,2,2,2,8,25.0,6,59,13,22.0,16,25,18,8,0,0,8,5,13,7,0,534,2.5,65,97,67.0,1107,536,30,37,81.1,27,34,79.4,6,16,37.5,0,0.1,-0.1,2,6,3,2,8,534,2.5,136,6,44,54,43,2,123,1,2,50.0,2,0,74,373,248,10,3,1,3,3,87,75,86.2,6,534,2.5,0,1,1,100.0,0.40,0.40,0.00,0.00,20.9,0,0,0,0.0,0.0,0.03,0.0,0.0,68
189,535,Rui Silva,21.8,2,0.09,0,2,0,0,0,0,0,0.00,0,0,0,0,0,0,535,21.8,0,0,0,0,0,0,2,0.0,2,2,0,0.0,2,0,0,0,0,0,0,0,0,1,2,535,21.8,515,724,71.1,15464,8945,80,82,97.6,235,240,97.9,199,400,49.8,0,0.0,0.0,1,5,0,0,0,535,21.8,779,679,774,5,1,0,523,0,0,,0,0,335,1592,732,0,0,0,0,1,298,297,99.7,1,535,21.8,0,0,0,,0.00,0.00,,,,0,0,0,0.0,0.0,,0.0,0.0,80
190,541,Alex Sola,0.5,1,2.20,1,0,0,0,0,0,0,0.00,0,0,0,0,0,0,541,0.5,1,1,1,0,0,1,2,50.0,1,6,1,16.7,3,2,1,3,0,0,3,1,2,4,0,541,0.5,15,21,71.4,258,123,7,8,87.5,7,8,87.5,1,3,33.3,0,0.1,-0.1,1,1,0,0,0,541,0.5,33,2,12,15,11,1,28,3,5,60.0,4,1,20,96,46,2,2,0,0,0,16,16,100.0,0,541,0.5,0,1,0,0.0,2.20,0.00,0.00,,19.2,0,0,0,0.1,0.1,0.09,-0.1,-0.1,68
191,544,Carlos Soler,27.5,79,2.87,40,36,0,2,1,0,8,0.29,4,4,0,0,0,0,544,27.5,29,19,11,13,5,8,34,23.5,26,475,138,29.1,112,261,102,30,5,0,25,18,47,35,0,544,27.5,680,984,69.1,13738,4730,303,350,86.6,212,280,75.7,145,313,46.3,5,4.5,+0.5,53,71,34,6,99,544,27.5,1229,45,212,601,487,58,1011,17,37,45.9,20,3,683,3663,1941,80,25,6,34,25,828,699,84.4,84,544,27.5,11,33,14,42.4,1.20,0.51,0.12,0.29,24.1,6,7,7,8.1,2.8,0.09,+2.9,+1.2,83
192,546,David Soria,37.9,3,0.08,2,1,0,0,0,0,0,0.00,0,0,0,0,0,0,546,37.9,0,0,0,0,0,0,1,0.0,1,0,0,,0,0,0,0,0,0,0,0,0,0,1,546,37.9,632,1180,53.6,29206,22307,40,40,100.0,132,135,97.8,458,1001,45.8,0,0.0,0.0,1,25,0,0,0,546,37.9,1272,1079,1264,10,0,0,815,0,0,,0,0,509,2611,1670,0,0,0,0,0,411,408,99.3,0,546,37.9,0,0,0,,0.00,0.00,,,,0,0,0,0.0,0.0,,0.0,0.0,82
193,554,Suso,4.3,10,2.34,8,0,1,1,0,0,3,0.70,2,0,0,1,0,0,554,4.3,5,2,1,4,0,2,7,28.6,5,45,13,28.9,9,28,8,6,0,0,6,1,6,0,0,554,4.3,142,186,76.3,2378,574,79,87,90.8,51,68,75.0,12,25,48.0,1,0.4,+0.6,3,7,9,2,13,554,4.3,228,1,19,102,126,10,219,4,9,44.4,4,1,168,798,397,19,9,1,9,5,212,188,88.7,28,554,4.3,0,6,2,33.3,1.41,0.47,0.00,0.00,22.3,0,0,0,0.2,0.2,0.04,-0.2,-0.2,79
194,561,Marc Tenas,0.6,2,3.33,2,0,0,0,0,0,0,0.00,0,0,0,0,0,0,561,0.6,2,1,2,0,0,1,1,100.0,0,23,8,34.8,3,13,7,1,0,0,1,0,2,0,0,561,0.6,16,24,66.7,225,56,11,14,78.6,5,6,83.3,0,2,0.0,0,0.3,-0.3,1,0,0,0,1,561,0.6,35,2,7,13,17,1,35,1,1,100.0,1,0,23,106,79,3,1,0,3,2,38,28,73.7,5,561,0.6,0,0,0,,0.00,0.00,,,,0,0,0,0.0,0.0,,0.0,0.0,67
195,568,Pau Torres,31.7,24,0.76,20,2,0,1,1,0,3,0.09,3,0,0,0,0,0,568,31.7,28,14,21,6,1,11,21,52.4,10,194,66,34.0,96,86,12,43,25,0,18,44,72,120,2,568,31.7,1715,1992,86.1,39784,13394,420,463,90.7,914,976,93.6,365,516,70.7,1,1.1,-0.1,8,172,6,0,167,568,31.7,2271,309,1190,1202,120,37,2182,30,36,83.3,32,1,1531,11062,7305,179,41,1,14,7,1653,1619,97.9,3,568,31.7,5,25,9,36.0,0.79,0.28,0.20,0.56,7.1,0,0,0,3.2,3.2,0.13,+1.8,+1.8,83
196,569,Roberto Torres,9.0,32,3.56,20,10,0,2,0,0,3,0.33,2,1,0,0,0,0,569,9.0,6,3,2,2,2,3,11,27.3,8,102,20,19.6,26,44,32,11,0,0,11,12,18,7,0,569,9.0,272,437,62.2,5650,1929,121,148,81.8,92,139,66.2,57,129,44.2,2,2.1,-0.1,24,26,14,5,32,569,9.0,519,7,70,230,239,19,454,5,9,55.6,6,1,303,1008,471,25,8,1,16,10,434,339,78.1,41,569,9.0,2,13,3,23.1,1.45,0.33,0.00,0.00,24.3,0,2,2,2.0,0.4,0.03,0.0,-0.4,76
197,575,Beñat Turrientes,2.3,6,2.61,3,1,1,1,0,0,0,0.00,0,0,0,0,0,0,575,2.3,2,1,0,1,1,0,5,0.0,5,38,13,34.2,8,19,11,2,0,0,2,2,4,4,0,575,2.3,81,94,86.2,1461,254,43,46,93.5,24,31,77.4,13,15,86.7,0,0.2,-0.2,3,5,1,0,3,575,2.3,120,4,18,70,46,5,117,8,10,80.0,8,1,96,435,217,10,7,1,2,4,98,86,87.8,8,575,2.3,0,7,2,28.6,3.04,0.87,0.00,0.00,21.1,0,0,0,0.4,0.4,0.06,-0.4,-0.4,68
198,576,Samuel Umtiti,1.0,0,0.00,0,0,0,0,0,0,0,0.00,0,0,0,0,0,0,576,1.0,2,2,1,1,0,2,3,66.7,1,7,5,71.4,4,3,0,2,1,0,1,1,3,2,0,576,1.0,42,50,84.0,898,324,14,15,93.3,22,25,88.0,6,9,66.7,0,0.0,0.0,0,5,0,0,5,576,1.0,57,13,34,26,0,0,54,0,0,,0,0,27,172,120,0,0,0,0,0,38,37,97.4,1,576,1.0,0,0,0,,0.00,0.00,,,,0,0,0,0.0,0.0,,0.0,0.0,79
199,577,Enes Ünal,31.1,69,2.22,41,0,5,7,15,1,4,0.13,3,0,0,0,0,1,577,31.1,34,18,2,17,15,7,34,20.6,27,758,171,22.6,44,405,309,31,6,0,25,7,41,32,0,577,31.1,421,660,63.8,5888,1225,249,348,71.6,125,197,63.5,21,44,47.7,1,1.8,-0.8,26,30,8,3,41,577,31.1,1111,35,79,575,517,129,1065,18,51,35.3,26,3,597,2075,928,48,25,5,107,58,1462,820,56.1,164,577,31.1,16,82,24,29.3,2.64,0.77,0.17,0.58,15.8,7,2,4,10.2,7.1,0.09,+5.8,+6.9,78
200,584,Manu Vallejo,1.1,3,2.76,2,1,0,0,0,0,1,0.92,1,0,0,0,0,0,584,1.1,3,2,1,1,1,0,1,0.0,1,33,9,27.3,7,15,11,1,0,0,1,0,3,1,0,584,1.1,31,44,70.5,510,188,16,18,88.9,11,15,73.3,3,8,37.5,0,0.1,-0.1,2,1,1,0,5,584,1.1,56,2,8,18,34,6,48,1,2,50.0,1,0,37,181,110,5,1,1,2,2,55,36,65.5,5,584,1.1,0,3,1,33.3,2.76,0.92,0.00,0.00,18.8,0,0,0,0.2,0.2,0.07,-0.2,-0.2,75
201,585,Manu Vallejo,4.1,7,1.70,4,3,0,0,0,0,1,0.24,0,1,0,0,0,0,585,4.1,8,4,1,6,1,1,8,12.5,7,123,38,30.9,20,63,40,5,0,0,5,7,15,3,0,585,4.1,83,113,73.5,1555,309,41,55,74.5,27,30,90.0,13,21,61.9,1,0.4,+0.6,4,3,2,0,4,585,4.1,163,4,14,77,81,8,146,1,10,10.0,2,0,85,337,185,9,4,1,7,5,148,99,66.9,23,585,4.1,1,3,2,66.7,0.73,0.49,0.33,0.50,11.9,0,0,0,1.0,1.0,0.32,0.0,0.0,75
202,586,Federico Valverde,20.4,64,3.14,52,1,4,3,1,3,4,0.20,4,0,0,0,0,0,586,20.4,33,21,7,18,8,9,30,30.0,21,303,101,33.3,76,154,73,24,4,0,20,41,74,16,0,586,20.4,1043,1190,87.6,17208,3945,546,596,91.6,369,400,92.3,95,133,71.4,1,2.1,-1.1,24,104,22,3,69,586,20.4,1371,31,244,768,512,43,1353,23,36,63.9,26,0,990,6902,4116,172,81,8,12,16,1155,1058,91.6,69,586,20.4,0,36,9,25.0,1.77,0.44,0.00,0.00,24.1,0,0,0,1.0,1.0,0.03,-1.0,-1.0,84
203,588,Jesus Vazquez,9.0,15,1.66,11,1,2,1,0,0,1,0.11,1,0,0,0,0,0,588,9.0,27,21,14,7,6,9,20,45.0,11,165,57,34.5,68,58,39,18,3,0,15,15,42,19,0,588,9.0,254,345,73.6,3807,1514,144,158,91.1,92,127,72.4,11,35,31.4,0,0.2,-0.2,6,14,3,2,17,588,9.0,474,27,130,203,167,13,388,19,26,73.1,20,1,264,1285,836,37,9,1,22,12,238,209,87.8,21,588,9.0,0,4,1,25.0,0.44,0.11,0.00,0.00,15.6,0,0,0,0.7,0.7,0.17,-0.7,-0.7,70
204,592,Unai Vencedor Paris,26.5,36,1.36,31,1,1,0,2,1,2,0.08,1,0,0,0,1,0,592,26.5,30,19,11,12,7,8,37,21.6,29,421,104,24.7,111,233,77,45,16,0,29,25,55,32,0,592,26.5,1020,1311,77.8,20799,6230,349,413,84.5,489,581,84.2,167,275,60.7,0,0.8,-0.8,15,119,24,5,142,592,26.5,1538,69,319,923,374,25,1495,15,23,65.2,16,1,961,4007,1831,74,25,1,18,21,1123,1048,93.3,37,592,26.5,0,20,1,5.0,0.76,0.04,0.00,0.00,19.7,0,0,0,1.0,1.0,0.05,-1.0,-1.0,77
205,594,Mikel Vesga,15.1,24,1.59,23,0,0,1,0,0,1,0.07,1,0,0,0,0,0,594,15.1,24,13,5,17,2,8,22,36.4,14,281,81,28.8,69,169,43,29,6,0,23,28,52,41,0,594,15.1,561,715,78.5,10736,3495,229,275,83.3,233,274,85.0,85,132,64.4,0,0.9,-0.9,12,67,13,4,95,594,15.1,884,52,185,568,164,18,877,7,11,63.6,7,0,536,2385,1177,53,8,2,13,16,590,558,94.6,20,594,15.1,2,14,4,28.6,0.93,0.27,0.14,0.50,16.9,0,0,0,0.9,0.9,0.07,+1.1,+1.1,74
206,596,Aleix Vidal,21.1,49,2.32,39,4,1,0,4,1,4,0.19,3,0,1,0,0,0,596,21.1,34,27,22,7,5,17,41,41.5,24,226,67,29.6,114,71,41,39,7,0,32,51,85,29,1,596,21.1,878,1085,80.9,15763,5919,366,406,90.1,410,474,86.5,87,156,55.8,0,1.9,-1.9,25,51,27,11,76,596,21.1,1291,68,404,544,440,19,1131,13,33,39.4,14,2,781,3909,2127,88,39,5,22,23,858,770,89.7,52,596,21.1,2,6,3,50.0,0.28,0.14,0.33,0.67,17.7,0,0,0,0.8,0.8,0.13,+1.2,+1.2,73
207,597,Nacho Vidal,32.2,50,1.55,36,3,4,2,5,0,5,0.16,3,1,0,0,1,0,597,32.2,76,43,46,21,9,39,87,44.8,48,446,128,28.7,207,150,89,81,14,0,67,59,135,78,0,597,32.2,1102,1531,72.0,21017,9415,431,518,83.2,511,673,75.9,141,273,51.6,1,2.0,-1.0,18,83,27,10,96,597,32.2,1919,122,583,870,542,40,1557,27,51,52.9,33,4,878,3493,1666,70,21,4,31,21,1000,888,88.8,37,597,32.2,0,21,2,9.5,0.65,0.06,0.00,0.00,19.1,0,0,0,1.1,1.1,0.05,-1.1,-1.1,75
208,599,Tonny Vilhena,10.3,18,1.75,11,5,0,1,1,0,1,0.10,0,1,0,0,0,0,599,10.3,16,7,7,8,1,5,17,29.4,12,195,44,22.6,73,80,42,19,3,0,16,12,28,15,0,599,10.3,245,341,71.8,3926,1335,153,181,84.5,54,80,67.5,31,62,50.0,1,0.9,+0.1,11,15,5,3,19,599,10.3,456,28,92,207,187,24,433,6,8,75.0,6,1,289,1474,871,39,15,2,10,18,362,302,83.4,51,599,10.3,1,15,3,20.0,1.45,0.29,0.07,0.33,20.8,0,0,0,1.0,1.0,0.07,0.0,0.0,76
209,600,Daniel Villahermosa,0.3,0,0.00,0,0,0,0,0,0,0,0.00,0,0,0,0,0,0,600,0.3,0,0,0,0,0,0,0,,0,2,0,0.0,0,1,1,0,0,0,0,0,0,1,0,600,0.3,6,8,75.0,100,27,5,5,100.0,0,1,0.0,1,1,100.0,0,0.0,0.0,0,1,0,0,0,600,0.3,12,1,6,9,0,0,11,1,2,50.0,1,0,10,65,51,1,0,0,0,1,10,10,100.0,0,600,0.3,0,0,0,,0.00,0.00,,,,0,0,0,0.0,0.0,,0.0,0.0,65
210,601,Asier Villalibre,6.1,9,1.48,4,0,1,1,3,0,1,0.16,1,0,0,0,0,0,601,6.1,4,3,2,1,1,2,4,50.0,2,100,27,27.0,5,38,57,7,1,0,6,0,4,6,0,601,6.1,77,125,61.6,1031,132,48,66,72.7,25,39,64.1,1,9,11.1,0,0.1,-0.1,2,6,1,0,3,601,6.1,205,10,13,101,104,31,202,4,8,50.0,5,0,134,623,342,17,10,2,19,9,270,167,61.9,56,601,6.1,2,19,6,31.6,3.12,0.99,0.11,0.33,11.4,0,0,0,2.2,2.2,0.12,-0.2,-0.2,71
211,604,Daniel Vivian,22.1,8,0.36,4,0,0,2,1,1,1,0.05,1,0,0,0,0,0,604,22.1,34,24,22,9,3,17,31,54.8,14,167,65,38.9,88,73,6,33,14,0,19,38,72,121,1,604,22.1,799,944,84.6,18611,6360,195,217,89.9,423,464,91.2,175,247,70.9,1,0.2,+0.8,1,29,0,0,43,604,22.1,1175,218,701,497,44,20,1121,1,3,33.3,1,0,609,3676,1852,34,5,0,0,8,624,616,98.7,3,604,22.1,2,17,8,47.1,0.77,0.36,0.12,0.25,11.3,0,0,0,1.8,1.8,0.11,+0.2,+0.2,76
212,609,Iñaki Williams,30.9,68,2.20,48,0,4,6,7,3,5,0.16,5,0,0,0,0,0,609,30.9,17,11,2,6,9,5,13,38.5,8,432,115,26.6,15,162,255,17,4,0,13,4,21,22,0,609,30.9,446,685,65.1,6529,1309,264,363,72.7,123,189,65.1,32,62,51.6,5,5.4,-0.4,32,20,22,5,48,609,30.9,1064,30,63,429,631,218,1044,28,65,43.1,30,5,688,3553,2115,124,38,46,99,43,1433,849,59.2,369,609,30.9,8,94,34,36.2,3.05,1.10,0.07,0.21,14.0,0,1,1,14.2,13.4,0.14,-6.2,-6.4,81
213,610,Nico Williams,14.9,41,2.76,26,0,6,3,4,2,1,0.07,1,0,0,0,0,0,610,14.9,23,15,6,8,9,6,29,20.7,23,332,83,25.0,68,146,118,24,3,0,21,12,35,4,0,610,14.9,331,465,71.2,4777,1189,201,236,85.2,106,154,68.8,15,46,32.6,0,1.5,-1.5,16,16,16,5,38,610,14.9,700,9,83,255,416,88,692,41,84,48.8,47,6,558,3256,2221,116,27,31,38,32,702,519,73.9,76,610,14.9,0,33,10,30.3,2.22,0.67,0.00,0.00,15.5,0,0,0,3.1,3.1,0.09,-3.1,-3.1,74
214,614,Oier Zarraga,13.0,20,1.54,14,0,2,0,3,1,2,0.15,1,0,0,0,1,0,614,13.0,16,9,5,9,2,4,19,21.1,15,219,45,20.5,52,112,55,21,11,0,10,18,34,8,0,614,13.0,391,503,77.7,7082,2638,165,202,81.7,166,203,81.8,47,73,64.4,0,0.2,-0.2,5,61,9,0,60,614,13.0,631,29,131,342,186,20,626,6,8,75.0,6,0,401,2082,1067,55,17,4,12,14,503,436,86.7,29,614,13.0,1,17,3,17.6,1.31,0.23,0.00,0.00,24.0,0,1,1,1.3,0.5,0.03,-0.3,-0.5,73
215,615,Luca Zidane,7.2,0,0.00,0,0,0,0,0,0,0,0.00,0,0,0,0,0,0,615,7.2,0,0,0,0,0,0,1,0.0,1,2,0,0.0,2,0,0,0,0,0,0,0,0,0,1,615,7.2,169,231,73.2,5513,3832,29,29,100.0,68,69,98.6,72,133,54.1,0,0.0,0.0,0,2,0,0,0,615,7.2,249,227,249,1,0,0,181,2,2,100.0,2,0,127,592,316,0,0,0,0,0,105,105,100.0,0,615,7.2,0,0,0,,0.00,0.00,,,,0,0,0,0.0,0.0,,0.0,0.0,69
216,616,Igor Zubeldia,18.3,8,0.44,6,0,0,1,0,1,0,0.00,0,0,0,0,0,0,616,18.3,26,15,17,9,0,13,21,61.9,8,155,48,31.0,79,56,20,27,9,0,18,31,57,63,0,616,18.3,919,1035,88.8,20319,5700,245,259,94.6,478,519,92.1,192,245,78.4,1,0.2,+0.8,1,49,4,2,42,616,18.3,1193,162,654,594,38,9,1159,2,4,50.0,3,0,779,4975,2813,39,1,0,2,3,827,819,99.0,3,616,18.3,0,9,2,22.2,0.49,0.11,0.00,0.00,17.8,0,0,0,0.8,0.8,0.09,-0.8,-0.8,78
