,Rk,Player,90s,SCA,SCA90,PassLive,PassDead,TO,Sh,Fld,Def,GCA,GCA90,PassLive,PassDead,TO,Sh,Fld,Def,Rk,90s,Tkl,TklW,Def 3rd,Mid 3rd,Att 3rd,Tkl,Att,Tkl%,Lost,Blocks,Sh,Pass,Int,Tkl+Int,Clr,Err,Rk,90s,Cmp,Att,Cmp%,TotDist,PrgDist,Cmp,Att,Cmp%,Cmp,Att,Cmp%,Cmp,Att,Cmp%,Ast,xAG,xA,A-xAG,KP,1/3,PPA,CrsPA,PrgP,Rk,90s,Touches,Def Pen,Def 3rd,Mid 3rd,Att 3rd,Att Pen,Live,Att,Succ,Succ%,Tkld,Tkld%,Carries,TotDist,PrgDist,PrgC,1/3,CPA,Mis,Dis,Rec,PrgR,Rk,90s,Gls,Sh,SoT,SoT%,Sh/90,SoT/90,G/Sh,G/SoT,Dist,FK,PK,PKatt,xG,npxG,npxG/Sh,G-xG,np:G-xG,VAL
0,4,Aritz Aduriz,23.9,35,1.46,19,0,2,6,7,1,2,0.08,2,0,0,0,0,0,4,23.9,11,8,2,6,3,1,6,16.7,5,6,0,6,3,14,18,0,4,23.9,337,518,65.1,4422,934,218,296,73.6,86,143,60.1,12,30,40.0,1,1.5,1.6,-0.5,11,41,11,0,45,4,23.9,702,20,41,314,350,108,697,24,19,79.2,5,20.8,411,1876,691,27,19,10,43,42,575,150,4,23.9,9,56,23,41.1,2.34,0.96,0.11,0.26,13.5,0,3,5,11.1,7.6,0.13,-2.1,-1.6,83
1,6,Imanol Agirretxe,2.6,2,0.78,0,0,0,1,1,0,2,0.78,0,0,0,1,1,0,6,2.6,0,0,0,0,0,0,1,0.0,1,0,0,0,0,0,2,0,6,2.6,38,60,63.3,488,81,24,32,75.0,9,16,56.3,1,3,33.3,0,0.0,0.0,0.0,0,1,0,0,5,6,2.6,78,2,3,42,33,11,78,3,3,100.0,0,0.0,46,154,29,1,0,0,8,4,65,8,6,2.6,0,6,2,33.3,2.33,0.78,0.00,0.00,10.4,0,0,0,1.2,1.2,0.19,-1.2,-1.2,73
2,9,David Alba,0.7,0,0.00,0,0,0,0,0,0,0,0.00,0,0,0,0,0,0,9,0.7,1,1,1,0,0,1,1,100.0,0,0,0,0,0,1,7,1,9,0.7,7,9,77.8,178,102,2,3,66.7,3,4,75.0,2,2,100.0,0,0.0,0.0,0.0,0,2,0,0,2,9,0.7,17,5,13,4,0,0,17,0,0,,0,,5,19,8,0,0,0,0,0,4,0,9,0.7,0,0,0,,0.00,0.00,,,,0,0,0,0.0,0.0,,0.0,0.0,63
3,10,Jordi Alba,30.5,64,2.10,61,1,1,1,0,0,11,0.36,10,0,0,1,0,0,10,30.5,63,42,35,22,6,26,52,50.0,26,34,5,29,68,131,67,1,10,30.5,2074,2418,85.8,28727,8911,1320,1416,93.2,597,716,83.4,91,138,65.9,8,6.1,5.3,+1.9,38,99,39,4,135,10,30.5,2688,82,666,1197,845,98,2688,33,23,69.7,10,30.3,1525,5855,3128,58,53,13,30,14,1858,314,10,30.5,2,15,5,33.3,0.49,0.16,0.13,0.40,14.4,0,0,0,2.1,2.1,0.14,-0.1,-0.1,87
4,23,Jordi Amat,22.7,18,0.79,16,0,2,0,0,0,1,0.04,1,0,0,0,0,0,23,22.7,32,23,15,16,1,11,24,45.8,13,14,4,10,38,70,77,2,23,22.7,1444,1609,89.7,27991,7765,497,538,92.4,782,831,94.1,152,201,75.6,0,0.1,0.3,-0.1,5,77,3,0,101,23,22.7,1791,89,701,1035,72,12,1791,22,18,81.8,4,18.2,1288,6324,3346,13,13,0,8,2,1323,5,23,22.7,0,7,1,14.3,0.31,0.04,0.00,0.00,18.2,0,0,0,0.4,0.4,0.06,-0.4,-0.4,76
5,26,Jon Ander Serantes,1.0,0,0.00,0,0,0,0,0,0,0,0.00,0,0,0,0,0,0,26,1.0,0,0,0,0,0,0,0,,0,0,0,0,0,0,0,1,26,1.0,12,33,36.4,636,597,0,0,,2,2,100.0,10,31,32.3,0,0.0,0.0,0.0,0,1,0,0,0,26,1.0,36,29,36,0,0,0,36,0,0,,0,,15,128,104,0,0,0,0,0,7,0,26,1.0,0,0,0,,0.00,0.00,,,,0,0,0,0.0,0.0,,0.0,0.0,76
6,32,Vitorino Antunes,31.1,59,1.90,31,20,3,1,1,3,5,0.16,3,1,1,0,0,0,32,31.1,58,44,42,14,2,38,74,51.4,36,31,3,28,58,116,89,1,32,31.1,862,1366,63.1,15837,8357,400,455,87.9,328,491,66.8,114,345,33.0,2,3.4,3.2,-1.4,28,89,36,15,116,32,31.1,1711,80,517,730,482,8,1710,39,18,46.2,21,53.8,720,3619,1768,45,47,2,40,24,723,65,32,31.1,0,29,3,10.3,0.93,0.10,0.00,0.00,29.8,10,0,1,1.7,0.9,0.03,-1.7,-0.9,80
7,34,Mauro Arambarri,23.6,25,1.06,18,0,1,2,2,2,2,0.08,1,0,0,1,0,0,34,23.6,56,41,19,30,7,14,47,29.8,33,26,3,23,25,81,36,0,34,23.6,435,629,69.2,9748,2632,147,191,77.0,162,217,74.7,115,178,64.6,1,1.9,1.3,-0.9,9,53,7,1,76,34,23.6,843,39,226,517,117,15,843,24,13,54.2,11,45.8,445,2094,723,12,10,2,14,29,389,15,34,23.6,1,21,3,14.3,0.89,0.13,0.05,0.33,23.4,1,0,0,1.6,1.6,0.08,-0.6,-0.6,76
8,35,Guilherme Arana,2.1,2,0.93,2,0,0,0,0,0,0,0.00,0,0,0,0,0,0,35,2.1,4,2,3,1,0,1,1,100.0,0,0,0,0,5,9,8,0,35,2.1,105,123,85.4,1310,461,81,86,94.2,19,25,76.0,2,7,28.6,0,0.0,0.0,0.0,0,2,0,0,4,35,2.1,139,9,56,55,29,1,139,1,0,0.0,1,100.0,68,374,224,6,3,1,1,0,77,6,35,2.1,0,0,0,,0.00,0.00,,,,0,0,0,0.0,0.0,,0.0,0.0,73
9,36,Sergio Araujo,0.4,2,4.62,0,0,2,0,0,0,0,0.00,0,0,0,0,0,0,36,0.4,3,2,0,0,3,1,1,100.0,0,0,0,0,0,3,0,0,36,0.4,20,21,95.2,253,39,15,15,100.0,4,4,100.0,0,0,,0,0.0,0.0,0.0,0,3,0,0,0,36,0.4,28,0,1,13,14,1,28,2,2,100.0,0,0.0,19,72,26,0,1,0,2,1,21,4,36,0.4,0,2,0,0.0,4.62,0.00,0.00,,23.0,0,0,0,0.1,0.1,0.05,-0.1,-0.1,75
10,37,Anaitz Arbilla,26.8,39,1.45,29,3,1,4,1,1,5,0.19,4,0,0,1,0,0,37,26.8,38,30,24,12,2,21,40,52.5,19,21,10,11,78,116,108,2,37,26.8,1235,1559,79.2,29963,11577,334,383,87.2,561,638,87.9,331,499,66.3,1,0.4,0.8,+0.6,8,143,10,1,158,37,26.8,1829,99,677,1080,97,6,1829,21,20,95.2,1,4.8,1025,6787,3240,34,14,2,18,3,999,2,37,26.8,2,17,4,23.5,0.63,0.15,0.12,0.50,24.2,8,0,0,0.8,0.8,0.05,+1.2,+1.2,78
11,42,Sergio Asenjo,23.0,2,0.09,1,1,0,0,0,0,1,0.04,1,0,0,0,0,0,42,23.0,2,2,2,0,0,1,5,20.0,4,0,0,0,0,2,11,2,42,23.0,406,657,61.8,13406,10597,50,50,100.0,163,168,97.0,191,434,44.0,0,0.0,0.0,0.0,0,6,0,0,0,42,23.0,714,650,712,2,0,0,714,1,1,100.0,0,0.0,288,2090,1366,0,0,0,1,0,175,0,42,23.0,0,0,0,,0.00,0.00,,,,0,0,0,0.0,0.0,,0.0,0.0,84
12,43,Marco Asensio,20.5,107,5.22,87,10,4,3,2,1,11,0.54,11,0,0,0,0,0,43,20.5,26,17,7,13,6,11,26,42.3,15,15,0,15,9,35,2,0,43,20.5,1062,1264,84.0,15960,3700,627,676,92.8,322,378,85.2,77,130,59.2,6,6.4,3.6,-0.4,52,113,43,7,157,43,20.5,1430,4,78,662,714,80,1430,45,31,68.9,14,31.1,1080,7322,4179,135,98,22,32,25,1184,209,43,20.5,6,56,22,39.3,2.73,1.07,0.11,0.27,19.2,3,0,0,4.5,4.5,0.08,+1.5,+1.5,85
13,44,Iago Aspas,32.6,136,4.17,100,7,14,4,9,2,19,0.58,12,0,6,1,0,0,44,32.6,26,22,10,10,6,5,34,14.7,29,15,1,14,23,49,11,1,44,32.6,992,1316,75.4,14982,3301,592,705,84.0,277,366,75.7,81,125,64.8,5,9.5,7.0,-4.5,69,73,50,7,126,44,32.6,1633,12,113,734,814,176,1630,92,58,63.0,34,37.0,1069,6441,3441,115,77,52,71,47,1282,294,44,32.6,22,91,40,44.0,2.79,1.23,0.22,0.50,16.5,6,2,3,17.3,15.0,0.16,+4.7,+5.0,85
14,45,Carlos Bacca,27.7,75,2.70,51,0,18,5,1,0,14,0.50,8,0,6,0,0,0,45,27.7,10,2,2,4,4,1,12,8.3,11,16,1,15,8,18,16,0,45,27.7,388,538,72.1,5649,1228,232,295,78.6,112,158,70.9,27,41,65.9,6,4.7,4.2,+1.3,30,21,15,1,39,45,27.7,750,19,43,339,377,130,749,53,35,66.0,18,34.0,455,2443,1275,56,19,32,51,25,591,188,45,27.7,15,72,33,45.8,2.60,1.19,0.19,0.42,15.6,0,1,1,14.0,13.2,0.18,+1.0,+0.8,82
15,48,Gareth Bale,20.0,71,3.55,60,0,4,4,3,0,9,0.45,5,0,1,1,2,0,48,20.0,19,13,7,8,4,3,14,21.4,11,13,1,12,12,31,18,0,48,20.0,603,779,77.4,9329,2213,360,408,88.2,162,210,77.1,56,89,62.9,2,5.0,4.1,-3.0,41,32,44,11,87,48,20.0,998,21,97,368,544,127,997,52,31,59.6,21,40.4,705,4066,1828,75,44,28,34,20,824,217,48,20.0,16,76,31,40.8,3.80,1.55,0.20,0.48,15.5,4,1,1,11.8,11.0,0.15,+4.2,+4.0,88
16,49,Mikel Balenziaga,17.2,17,0.99,12,2,1,0,1,1,2,0.12,2,0,0,0,0,0,49,17.2,34,24,17,13,4,15,27,55.6,12,24,5,19,17,51,61,0,49,17.2,599,791,75.7,9534,2681,304,340,89.4,239,315,75.9,35,85,41.2,2,1.0,1.1,+1.0,7,34,16,12,48,49,17.2,971,62,273,465,246,7,971,24,14,58.3,10,41.7,460,2324,1068,29,22,2,19,13,483,71,49,17.2,0,3,0,0.0,0.17,0.00,0.00,,20.6,0,0,0,0.2,0.2,0.06,-0.2,-0.2,75
17,52,Mariano Barbosa,12.5,1,0.08,1,0,0,0,0,0,0,0.00,0,0,0,0,0,0,52,12.5,0,0,0,0,0,0,0,,0,0,0,0,1,1,4,0,52,12.5,225,335,67.2,6683,5191,35,35,100.0,106,106,100.0,84,194,43.3,0,0.0,0.0,0.0,0,1,0,0,0,52,12.5,365,315,365,0,0,0,365,0,0,,0,,162,779,545,0,0,0,0,0,120,0,52,12.5,0,0,0,,0.00,0.00,,,,0,0,0,0.0,0.0,,0.0,0.0,76
18,53,Enis Bardhi,17.6,57,3.25,40,10,2,2,2,1,6,0.34,6,0,0,0,0,0,53,17.6,39,26,14,16,9,10,38,26.3,28,11,0,11,16,55,7,0,53,17.6,520,683,76.1,9176,2631,252,295,85.4,183,220,83.2,63,118,53.4,1,1.3,1.3,-0.3,23,83,8,0,91,53,17.6,875,17,129,451,307,20,875,43,25,58.1,18,41.9,534,2740,1533,39,18,7,42,34,569,57,53,17.6,9,37,13,35.1,2.11,0.74,0.24,0.69,24.6,16,0,0,3.1,3.1,0.08,+5.9,+5.9,78
19,55,Barri,1.3,2,1.59,1,0,1,0,0,0,0,0.00,0,0,0,0,0,0,55,1.3,1,0,0,1,0,0,4,0.0,4,1,1,0,1,2,3,0,55,1.3,10,16,62.5,202,88,5,7,71.4,3,3,100.0,2,3,66.7,0,0.0,0.0,0.0,0,2,0,0,4,55,1.3,24,2,7,13,6,0,24,3,3,100.0,0,0.0,10,94,59,2,2,0,1,1,12,0,55,1.3,0,1,1,100.0,0.80,0.80,0.00,0.00,20.3,0,0,0,0.1,0.1,0.05,-0.1,-0.1,61
20,56,Marc Bartra,15.8,18,1.14,15,0,2,0,1,0,0,0.00,0,0,0,0,0,0,56,15.8,38,28,30,8,0,21,39,53.8,18,19,10,9,32,70,97,1,56,15.8,939,1100,85.4,18744,6976,314,336,93.5,491,527,93.2,123,212,58.0,0,0.7,0.5,-0.7,5,75,3,1,57,56,15.8,1316,139,614,677,38,11,1316,24,22,91.7,2,8.3,864,4697,3054,16,16,2,14,7,868,4,56,15.8,1,13,4,30.8,0.82,0.25,0.08,0.25,23.4,1,0,0,0.8,0.8,0.06,+0.2,+0.2,82
21,58,Jon Bautista,2.0,3,1.49,2,0,0,1,0,0,1,0.50,0,0,0,1,0,0,58,2.0,0,0,0,0,0,0,1,0.0,1,2,0,2,0,0,0,0,58,2.0,27,35,77.1,305,46,16,18,88.9,4,8,50.0,2,3,66.7,0,0.1,0.1,-0.1,1,0,2,0,3,58,2.0,51,0,1,19,32,12,51,1,1,100.0,0,0.0,27,122,53,3,2,2,5,2,35,12,58,2.0,1,7,3,42.9,3.48,1.49,0.14,0.33,11.5,0,0,0,1.3,1.3,0.18,-0.3,-0.3,71
22,60,Claudio Beauvue,18.6,36,1.94,18,0,7,4,7,0,3,0.16,0,0,2,0,1,0,60,18.6,5,3,2,2,1,1,12,8.3,11,7,0,7,2,7,16,0,60,18.6,208,321,64.8,2650,449,125,172,72.7,55,84,65.5,7,22,31.8,0,1.3,0.7,-1.3,9,15,5,0,22,60,18.6,487,17,29,236,225,57,487,23,13,56.5,10,43.5,263,1117,410,18,15,9,56,40,381,70,60,18.6,2,39,9,23.1,2.10,0.48,0.05,0.22,17.3,0,0,0,4.2,4.2,0.11,-2.2,-2.2,75
23,62,Wissam Ben Yedder,18.9,58,3.07,46,0,5,3,3,1,9,0.48,7,0,1,1,0,0,62,18.9,12,8,2,5,5,1,2,50.0,1,10,0,10,5,17,2,0,62,18.9,371,481,77.1,4592,831,242,283,85.5,93,126,73.8,11,22,50.0,3,2.1,2.8,+0.9,28,18,16,0,53,62,18.9,635,5,34,271,338,114,635,30,16,53.3,14,46.7,409,1993,1002,42,28,23,44,31,475,138,62,18.9,9,48,25,52.1,2.54,1.32,0.19,0.36,11.7,1,0,0,12.3,12.3,0.26,-3.3,-3.3,81
24,63,Karim Benzema,23.9,92,3.85,77,0,9,5,1,0,23,0.96,18,0,2,2,1,0,63,23.9,14,8,2,6,6,3,20,15.0,17,18,0,18,8,22,19,0,63,23.9,723,881,82.1,9638,1966,473,541,87.4,159,194,82.0,46,54,85.2,10,6.8,5.3,+3.2,44,59,30,1,98,63,23.9,1070,24,51,433,592,151,1068,49,33,67.3,16,32.7,762,3556,1654,69,43,39,25,41,893,188,63,23.9,5,61,15,24.6,2.55,0.63,0.05,0.20,13.2,0,2,2,12.8,11.2,0.19,-7.8,-8.2,84
25,64,Markel Bergara,16.3,9,0.55,6,0,0,3,0,0,2,0.12,1,0,0,1,0,0,64,16.3,35,22,17,17,1,7,25,28.0,18,10,3,7,23,58,20,0,64,16.3,278,397,70.0,3817,1056,158,212,74.5,85,114,74.6,13,32,40.6,1,0.0,0.2,+1.0,2,19,3,0,28,64,16.3,524,28,130,311,88,25,524,2,2,100.0,0,0.0,162,671,287,5,4,0,15,7,211,18,64,16.3,4,16,9,56.3,0.98,0.55,0.25,0.44,11.5,0,0,0,2.8,2.8,0.20,+1.2,+1.2,77
26,65,Pedro Bigas,9.9,11,1.11,10,0,1,0,0,0,0,0.00,0,0,0,0,0,0,65,9.9,14,9,10,4,0,7,13,53.8,6,18,11,7,16,30,41,2,65,9.9,522,596,87.6,9370,3911,236,258,91.5,224,241,92.9,56,82,68.3,0,0.3,0.2,-0.3,5,24,2,0,32,65,9.9,693,77,365,325,12,3,693,12,10,83.3,2,16.7,453,2487,1414,14,5,0,4,3,473,2,65,9.9,0,4,1,25.0,0.40,0.10,0.00,0.00,18.9,0,0,0,0.2,0.2,0.04,-0.2,-0.2,75
27,67,Emmanuel Boateng,14.2,37,2.61,16,1,5,4,10,1,7,0.49,2,0,2,0,3,0,67,14.2,4,3,0,0,4,0,6,0.0,6,8,1,7,5,9,17,0,67,14.2,143,228,62.7,1890,358,99,138,71.7,31,58,53.4,7,9,77.8,0,1.3,0.4,-1.3,7,18,7,0,21,67,14.2,384,14,50,165,177,57,384,24,15,62.5,9,37.5,207,1104,455,18,12,8,41,19,282,64,67,14.2,6,42,15,35.7,2.96,1.06,0.14,0.40,13.7,0,0,0,7.1,7.1,0.17,-1.1,-1.1,76
28,68,Daniele Bonera,13.2,5,0.38,4,0,0,1,0,0,1,0.08,0,0,0,1,0,0,68,13.2,16,11,8,7,1,10,15,66.7,5,17,12,5,12,28,72,0,68,13.2,493,569,86.6,10077,4150,174,186,93.5,235,254,92.5,79,119,66.4,1,0.6,0.2,+0.4,3,42,2,0,48,68,13.2,698,101,392,297,13,3,698,1,1,100.0,0,0.0,368,1871,1178,6,5,0,4,0,431,0,68,13.2,0,2,0,0.0,0.15,0.00,0.00,,30.4,0,0,0,0.1,0.1,0.05,-0.1,-0.1,76
29,70,Ryad Boudebouz,15.1,56,3.71,44,4,4,0,2,2,6,0.40,4,0,1,0,1,0,70,15.1,32,18,6,21,5,6,26,23.1,20,18,1,17,7,39,8,0,70,15.1,661,862,76.7,10048,2252,373,437,85.4,199,258,77.1,54,104,51.9,3,2.5,2.6,+0.5,26,55,12,1,75,70,15.1,1013,13,96,544,390,25,1013,64,38,59.4,25,39.1,711,3306,1542,47,41,6,28,26,788,102,70,15.1,2,19,12,63.2,1.26,0.79,0.11,0.17,25.1,2,0,0,0.8,0.8,0.04,+1.2,+1.2,80
30,71,Yassine Bounou,29.5,4,0.14,3,1,0,0,0,0,0,0.00,0,0,0,0,0,0,71,29.5,1,1,1,0,0,0,2,0.0,2,0,0,0,4,5,14,0,71,29.5,444,879,50.5,18205,15133,31,31,100.0,118,122,96.7,293,720,40.7,0,0.0,0.1,0.0,0,19,0,0,0,71,29.5,948,802,945,3,0,0,948,1,1,100.0,0,0.0,410,2813,1928,0,0,0,0,0,284,0,71,29.5,0,0,0,,0.00,0.00,,,,0,0,0,0.0,0.0,,0.0,0.0,77
31,77,Burgui,11.5,46,4.00,36,0,2,3,4,1,4,0.35,3,0,1,0,0,0,77,11.5,10,5,2,4,4,2,6,33.3,4,5,0,5,7,17,1,0,77,11.5,271,365,74.2,4218,1500,149,183,81.4,91,122,74.6,22,34,64.7,0,1.6,1.3,-1.6,18,32,15,1,46,77,11.5,459,4,51,209,208,24,459,36,21,58.3,15,41.7,331,2008,1061,35,17,14,23,17,348,75,77,11.5,1,15,4,26.7,1.31,0.35,0.07,0.25,22.6,1,0,0,0.7,0.7,0.05,+0.3,+0.3,75
32,78,Sergio Busquets,28.8,60,2.08,54,0,0,0,4,2,10,0.35,8,0,0,0,1,1,78,28.8,88,48,27,46,15,39,79,49.4,40,37,10,27,51,139,15,1,78,28.8,2031,2249,90.3,35903,11780,848,929,91.3,869,933,93.1,230,266,86.5,4,2.0,1.9,+2.0,24,209,10,0,203,78,28.8,2459,44,558,1594,325,16,2459,23,18,78.3,5,21.7,1444,5413,2637,15,23,3,18,22,1857,29,78,28.8,1,5,3,60.0,0.17,0.10,0.20,0.33,10.7,0,0,0,1.0,1.0,0.20,0.0,0.0,88
33,79,Unai Bustinza,18.2,16,0.88,10,3,0,1,0,2,1,0.05,0,0,0,1,0,0,79,18.2,36,21,25,8,3,21,38,55.3,17,17,9,8,47,83,64,0,79,18.2,540,691,78.1,10452,4246,234,257,91.1,218,268,81.3,81,140,57.9,0,0.2,0.4,-0.2,4,31,4,2,37,79,18.2,885,75,443,354,95,21,885,6,3,50.0,3,50.0,379,1898,911,12,11,0,10,2,412,9,79,18.2,2,15,9,60.0,0.82,0.49,0.13,0.22,9.5,0,0,0,2.4,2.4,0.18,-0.4,-0.4,75
34,80,Erick Cabaco,11.6,5,0.43,3,0,0,1,1,0,1,0.09,0,0,0,0,1,0,80,11.6,25,14,21,4,0,14,20,70.0,6,10,8,2,17,42,71,2,80,11.6,232,324,71.6,4950,2263,71,82,86.6,123,144,85.4,34,87,39.1,0,0.0,0.1,0.0,1,15,1,0,22,80,11.6,449,89,279,167,7,5,449,4,2,50.0,2,50.0,149,795,470,4,1,1,4,1,188,0,80,11.6,0,2,2,100.0,0.17,0.17,0.00,0.00,6.3,0,0,0,0.6,0.6,0.30,-0.6,-0.6,75
35,81,Gustavo Cabral,21.0,13,0.62,9,0,1,2,0,1,1,0.05,1,0,0,0,0,0,81,21.0,29,21,14,15,0,14,38,36.8,24,22,11,11,43,72,106,2,81,21.0,1134,1283,88.4,23771,7263,289,315,91.7,662,700,94.6,169,241,70.1,1,0.3,0.2,+0.7,2,36,0,0,40,81,21.0,1499,137,820,663,22,13,1499,1,1,100.0,0,0.0,839,3449,1757,4,2,1,6,6,991,2,81,21.0,1,10,2,20.0,0.48,0.10,0.10,0.50,11.6,0,0,0,0.7,0.7,0.07,+0.3,+0.3,77
36,82,Leandro Cabrera,8.0,9,1.13,5,2,1,0,0,1,0,0.00,0,0,0,0,0,0,82,8.0,19,10,12,7,0,7,17,41.2,10,9,5,4,22,41,37,0,82,8.0,151,297,50.8,3269,1970,55,72,76.4,60,105,57.1,34,105,32.4,0,0.3,0.2,-0.3,2,29,7,3,32,82,8.0,381,32,155,173,57,3,381,3,3,100.0,0,0.0,111,499,234,5,7,1,1,3,116,4,82,8.0,0,2,1,50.0,0.25,0.12,0.00,0.00,6.9,0,0,0,0.5,0.5,0.24,-0.5,-0.5,72
37,89,Sergio Canales,21.4,129,6.03,70,34,14,8,3,0,11,0.51,5,2,4,0,0,0,89,21.4,30,24,6,18,6,9,32,28.1,23,25,0,25,11,41,3,0,89,21.4,1050,1334,78.7,17549,4452,545,597,91.3,333,412,80.8,129,235,54.9,5,6.0,6.0,-1.0,57,99,40,10,138,89,21.4,1540,11,151,737,682,49,1540,68,46,67.6,22,32.4,1005,6749,3173,79,89,16,29,35,1139,139,89,21.4,4,66,15,22.7,3.08,0.70,0.06,0.27,24.8,6,0,0,3.4,3.4,0.05,+0.6,+0.6,79
38,91,Ander Capa,25.0,44,1.76,38,1,4,0,1,0,5,0.20,5,0,0,0,0,0,91,25.0,57,38,34,14,9,25,38,65.8,13,21,2,19,52,109,50,1,91,25.0,1062,1492,71.2,18906,7912,513,604,84.9,408,543,75.1,123,251,49.0,1,1.5,2.1,-0.5,14,95,26,14,143,91,25.0,1764,49,350,817,619,21,1764,61,34,55.7,27,44.3,829,5224,2987,81,82,11,36,24,907,122,91,25.0,0,6,1,16.7,0.24,0.04,0.00,0.00,20.6,0,0,0,0.2,0.2,0.04,-0.2,-0.2,78
39,94,Daniel Carriço,5.1,3,0.59,2,0,0,1,0,0,0,0.00,0,0,0,0,0,0,94,5.1,7,7,6,1,0,4,7,57.1,3,6,3,3,10,17,22,0,94,5.1,214,249,85.9,4265,1725,78,84,92.9,103,115,89.6,31,45,68.9,0,0.2,0.1,-0.2,2,13,0,0,16,94,5.1,291,39,172,112,8,3,291,0,0,,0,,149,726,356,0,1,0,0,2,166,2,94,5.1,0,2,0,0.0,0.39,0.00,0.00,,12.9,0,0,0,0.1,0.1,0.07,-0.1,-0.1,78
40,96,Dani Carvajal,24.7,70,2.84,63,2,3,1,0,1,5,0.20,4,0,1,0,0,0,96,24.7,59,40,27,22,10,22,38,57.9,16,33,15,18,38,97,42,2,96,24.7,1595,1898,84.0,25751,7152,888,982,90.4,538,627,85.8,132,201,65.7,2,4.2,3.4,-2.2,36,109,42,22,150,96,24.7,2127,89,506,1000,651,58,2127,46,32,69.6,14,30.4,1219,5469,3021,69,45,10,30,19,1424,216,96,24.7,0,13,6,46.2,0.53,0.24,0.00,0.00,20.8,0,0,0,1.0,1.0,0.07,-1.0,-1.0,84
41,97,Casemiro,28.8,68,2.36,57,1,1,3,3,3,11,0.38,6,1,0,3,1,0,97,28.8,109,78,64,39,6,42,84,50.0,42,56,11,45,63,172,49,3,97,28.8,1545,1762,87.7,28541,7974,701,759,92.4,595,666,89.3,209,260,80.4,3,2.7,2.3,+0.3,23,155,13,2,145,97,28.8,2102,123,608,1224,284,29,2102,17,11,64.7,6,35.3,1286,4719,2102,24,32,4,20,33,1418,47,97,28.8,5,32,12,37.5,1.11,0.42,0.16,0.42,23.2,2,0,0,3.3,3.3,0.10,+1.7,+1.7,88
42,98,Kiko Casilla,10.0,0,0.00,0,0,0,0,0,0,0,0.00,0,0,0,0,0,0,98,10.0,1,0,1,0,0,1,1,100.0,0,0,0,0,2,3,6,2,98,10.0,211,268,78.7,5988,4168,23,23,100.0,112,115,97.4,75,128,58.6,0,0.0,0.0,0.0,0,1,0,0,0,98,10.0,289,255,288,1,0,0,289,0,0,,0,,149,610,394,0,1,1,1,0,111,0,98,10.0,0,0,0,,0.00,0.00,,,,0,0,0,0.0,0.0,,0.0,0.0,80
43,105,Dani Ceballos,4.5,20,4.49,14,1,1,0,4,0,3,0.67,1,1,1,0,0,0,105,4.5,8,7,3,2,3,4,16,25.0,12,6,0,6,5,13,1,0,105,4.5,353,380,92.9,5443,1220,195,205,95.1,102,107,95.3,36,42,85.7,0,0.2,0.5,-0.2,4,33,2,0,38,105,4.5,425,6,57,242,131,9,425,20,11,55.0,9,45.0,340,2009,927,13,14,1,6,4,357,17,105,4.5,2,7,4,57.1,1.57,0.90,0.29,0.50,21.6,0,0,0,0.4,0.4,0.06,+1.6,+1.6,78
44,108,Charles,17.6,35,1.99,25,0,0,1,9,0,5,0.28,4,0,0,0,1,0,108,17.6,11,8,2,5,4,1,8,12.5,7,7,0,7,7,18,10,0,108,17.6,286,424,67.5,3687,672,182,257,70.8,66,103,64.1,11,14,78.6,1,1.7,1.3,-0.7,17,22,6,0,32,108,17.6,559,10,30,246,287,91,558,10,4,40.0,6,60.0,256,935,360,8,11,3,26,18,394,66,108,17.6,8,44,15,34.1,2.50,0.85,0.16,0.47,14.5,0,1,1,8.1,7.3,0.17,-0.1,-0.3,79
45,109,Chema,22.4,10,0.45,7,1,0,0,0,2,2,0.09,1,1,0,0,0,0,109,22.4,20,13,14,6,0,9,18,50.0,9,43,27,16,30,50,110,1,109,22.4,535,693,77.2,11905,4783,143,160,89.4,273,309,88.3,111,209,53.1,1,0.9,0.2,+0.1,4,36,3,0,49,109,22.4,904,159,476,417,18,11,904,1,1,100.0,0,0.0,420,1515,719,3,1,0,4,5,474,3,109,22.4,1,7,3,42.9,0.31,0.13,0.14,0.33,14.3,0,0,0,0.5,0.5,0.08,+0.5,+0.5,74
46,110,Denis Cheryshev,10.3,33,3.21,22,0,8,0,2,1,2,0.19,1,0,0,0,1,0,110,10.3,27,16,12,10,5,6,23,26.1,17,18,1,17,13,40,10,0,110,10.3,224,334,67.1,3582,1127,120,149,80.5,83,126,65.9,15,32,46.9,1,3.5,1.5,-2.5,17,21,15,6,38,110,10.3,484,13,89,207,199,40,484,33,16,48.5,17,51.5,281,2207,1326,51,37,17,18,20,333,75,110,10.3,2,29,9,31.0,2.82,0.87,0.07,0.22,18.1,0,0,0,5.1,5.1,0.17,-3.1,-3.1,77
47,111,Leandro Chichizola,27.0,5,0.19,4,1,0,0,0,0,0,0.00,0,0,0,0,0,0,111,27.0,2,0,2,0,0,2,6,33.3,4,0,0,0,4,6,29,3,111,27.0,807,1142,70.7,23394,17039,125,127,98.4,386,394,98.0,295,614,48.0,0,0.0,0.0,0.0,1,9,0,0,0,111,27.0,1237,974,1235,3,0,0,1237,5,5,100.0,0,0.0,678,3800,2531,0,0,0,4,0,545,0,111,27.0,0,0,0,,0.00,0.00,,,,0,0,0,0.0,0.0,,0.0,0.0,77
48,114,Jasper Cillessen,1.0,0,0.00,0,0,0,0,0,0,0,0.00,0,0,0,0,0,0,114,1.0,0,0,0,0,0,0,0,,0,0,0,0,0,0,0,0,114,1.0,25,31,80.6,605,330,4,4,100.0,14,14,100.0,7,13,53.8,0,0.0,0.0,0.0,0,0,0,0,0,114,1.0,34,34,34,0,0,0,34,0,0,,0,,15,79,41,0,0,0,0,0,16,0,114,1.0,0,0,0,,0.00,0.00,,,,0,0,0,0.0,0.0,,0.0,0.0,81
49,115,Coke,15.4,25,1.63,20,0,2,1,1,1,4,0.26,3,0,0,1,0,0,115,15.4,35,23,26,7,2,18,39,46.2,21,17,5,12,34,69,46,0,115,15.4,543,748,72.6,8503,3984,306,352,86.9,181,251,72.1,44,96,45.8,0,0.4,0.6,-0.4,11,43,15,5,67,115,15.4,935,69,323,378,247,27,935,28,19,67.9,9,32.1,462,2555,1459,35,33,6,23,25,486,59,115,15.4,3,11,5,45.5,0.72,0.33,0.27,0.60,17.2,0,0,0,1.9,1.9,0.17,+1.1,+1.1,78
50,117,Francis Coquelin,7.3,11,1.51,9,0,1,1,0,0,1,0.14,1,0,0,0,0,0,117,7.3,18,14,11,6,1,9,16,56.3,7,9,2,7,20,38,23,0,117,7.3,256,310,82.6,4423,1405,126,140,90.0,91,109,83.5,29,41,70.7,0,0.1,0.1,-0.1,2,33,1,0,28,117,7.3,392,21,107,228,61,6,392,18,14,77.8,4,22.2,201,857,439,3,6,1,6,15,220,16,117,7.3,1,4,3,75.0,0.55,0.41,0.25,0.33,16.7,0,0,0,0.3,0.3,0.07,+0.7,+0.7,79
51,122,Diego Costa,11.6,31,2.68,23,0,1,2,3,2,6,0.52,4,0,0,0,1,1,122,11.6,17,11,2,10,5,4,15,26.7,11,14,4,10,5,22,3,0,122,11.6,237,316,75.0,2810,422,157,193,81.3,44,55,80.0,8,13,61.5,3,2.4,1.3,+0.6,13,11,9,1,16,122,11.6,462,7,28,183,252,59,462,32,15,46.9,17,53.1,324,1989,607,27,21,16,50,41,396,122,122,11.6,3,25,10,40.0,2.16,0.86,0.12,0.30,14.9,0,0,0,3.6,3.6,0.14,-0.6,-0.6,85
52,123,Jaume Costa,28.2,60,2.13,48,4,2,3,2,1,0,0.00,0,0,0,0,0,0,123,28.2,67,43,39,22,6,33,51,64.7,18,30,8,22,46,113,97,0,123,28.2,1262,1583,79.7,20464,8096,673,745,90.3,476,596,79.9,97,185,52.4,0,1.7,2.3,-1.7,31,115,31,10,129,123,28.2,1876,107,550,914,429,29,1876,39,27,69.2,12,30.8,926,4606,2831,77,45,14,19,14,1148,107,123,28.2,0,12,3,25.0,0.43,0.11,0.00,0.00,22.4,0,0,0,0.5,0.5,0.04,-0.5,-0.5,79
53,124,Philippe Coutinho,14.4,63,4.37,44,9,6,1,2,1,8,0.56,7,1,0,0,0,0,124,14.4,27,14,8,14,5,9,32,28.1,23,14,0,14,6,33,4,0,124,14.4,728,877,83.0,9986,2462,429,470,91.3,192,224,85.7,44,83,53.0,5,4.2,5.0,+0.8,29,62,29,2,99,124,14.4,1054,8,66,454,550,67,1054,77,46,59.7,31,40.3,777,4665,2247,72,58,24,41,36,853,136,124,14.4,8,37,20,54.1,2.57,1.39,0.22,0.40,21.2,0,0,0,3.6,3.6,0.10,+4.4,+4.4,88
54,127,Sergi Darder,30.9,66,2.14,46,11,3,2,1,3,3,0.10,2,1,0,0,0,0,127,30.9,64,43,29,28,7,19,62,30.6,43,31,5,26,52,116,48,1,127,30.9,1213,1506,80.5,21560,7141,574,646,88.9,448,539,83.1,154,235,65.5,2,2.4,2.5,-0.4,28,162,15,3,191,127,30.9,1782,55,388,1078,337,16,1782,48,34,70.8,14,29.2,1069,4962,2400,32,25,5,29,23,1192,32,127,30.9,1,29,8,27.6,0.94,0.26,0.03,0.13,25.8,2,0,0,1.1,1.1,0.04,-0.1,-0.1,79
55,134,Papakouli Diop,2.9,4,1.36,4,0,0,0,0,0,0,0.00,0,0,0,0,0,0,134,2.9,5,3,1,3,1,0,3,0.0,3,5,2,3,6,11,6,0,134,2.9,63,80,78.8,1074,300,27,32,84.4,28,33,84.8,5,10,50.0,0,0.0,0.0,0.0,2,13,0,0,9,134,2.9,112,8,24,73,15,1,112,0,0,,0,,55,196,61,1,1,0,4,2,53,0,134,2.9,0,1,0,0.0,0.34,0.00,0.00,,24.5,0,0,0,0.0,0.0,0.03,0.0,0.0,77
56,135,Papakouli Diop,10.4,21,2.01,17,1,0,0,1,2,0,0.00,0,0,0,0,0,0,135,10.4,26,20,6,16,4,11,26,42.3,15,3,0,3,13,39,10,0,135,10.4,340,449,75.7,6280,1795,130,162,80.2,158,192,82.3,43,74,58.1,0,0.2,0.5,-0.2,4,52,7,2,65,135,10.4,540,9,59,373,112,18,540,11,8,72.7,3,27.3,269,1028,397,7,6,1,10,5,302,16,135,10.4,0,14,1,7.1,1.34,0.10,0.00,0.00,16.3,0,0,0,1.0,1.0,0.07,-1.0,-1.0,77
57,137,Marko Dmitrović,36.0,8,0.22,5,3,0,0,0,0,0,0.00,0,0,0,0,0,0,137,36.0,4,4,4,0,0,4,11,36.4,7,1,0,1,2,6,26,2,137,36.0,580,1163,49.9,26463,23662,46,47,97.9,134,136,98.5,399,974,41.0,0,0.0,0.2,0.0,1,82,1,0,1,137,36.0,1243,912,1231,15,0,0,1243,6,5,83.3,1,16.7,598,3789,2557,0,0,0,2,1,452,0,137,36.0,0,0,0,,0.00,0.00,,,,0,0,0,0.0,0.0,,0.0,0.0,79
58,139,Mauro dos Santos,10.9,2,0.18,2,0,0,0,0,0,0,0.00,0,0,0,0,0,0,139,10.9,16,14,11,5,0,10,15,66.7,5,7,5,2,12,28,53,1,139,10.9,235,311,75.6,4951,1829,85,99,85.9,103,130,79.2,45,74,60.8,0,0.0,0.1,0.0,0,21,1,0,15,139,10.9,405,56,231,163,14,4,405,2,1,50.0,1,50.0,186,851,404,3,0,0,4,3,197,1,139,10.9,0,1,1,100.0,0.09,0.09,0.00,0.00,9.2,0,0,0,0.1,0.1,0.05,-0.1,-0.1,70
59,144,Hugo Duro,0.2,0,0.00,0,0,0,0,0,0,0,0.00,0,0,0,0,0,0,144,0.2,0,0,0,0,0,0,1,0.0,1,0,0,0,0,0,0,0,144,0.2,6,6,100.0,67,13,4,4,100.0,2,2,100.0,0,0,,0,0.0,0.0,0.0,0,0,0,0,0,144,0.2,10,0,1,4,5,1,10,0,0,,0,,6,20,5,0,1,0,0,1,6,2,144,0.2,0,1,1,100.0,4.74,4.74,0.00,0.00,14.0,0,0,0,0.3,0.3,0.26,-0.3,-0.3,62
60,145,Aritz Elustondo,17.7,14,0.79,9,3,0,1,1,0,2,0.11,1,1,0,0,0,0,145,17.7,32,20,20,9,3,19,30,63.3,11,20,7,13,45,77,84,0,145,17.7,870,1028,84.6,16255,5748,319,357,89.4,464,514,90.3,77,133,57.9,2,0.3,0.5,+1.7,7,48,7,3,61,145,17.7,1248,88,572,607,76,13,1248,7,3,42.9,4,57.1,687,3572,1983,13,7,1,17,5,785,12,145,17.7,3,11,5,45.5,0.62,0.28,0.27,0.60,17.5,0,0,0,1.3,1.3,0.11,+1.7,+1.7,75
61,146,Rodrigo Ely,29.9,16,0.54,13,0,0,2,0,1,1,0.03,1,0,0,0,0,0,146,29.9,32,18,26,6,0,19,34,55.9,15,45,36,9,50,82,183,0,146,29.9,753,1040,72.4,16921,6729,199,250,79.6,396,475,83.4,152,292,52.1,0,0.4,0.2,-0.4,2,40,1,0,46,146,29.9,1388,231,829,518,49,30,1388,3,3,100.0,0,0.0,596,2761,1468,6,1,0,9,3,635,7,146,29.9,1,18,4,22.2,0.60,0.13,0.06,0.25,13.3,0,0,0,1.2,1.2,0.07,-0.2,-0.2,75
62,147,Youssef En-Nesyri,17.7,28,1.58,11,0,7,3,5,2,3,0.17,0,0,1,1,0,1,147,17.7,31,25,10,14,7,6,26,23.1,20,11,0,11,9,40,32,0,147,17.7,190,342,55.6,2524,500,119,179,66.5,43,87,49.4,11,26,42.3,0,0.9,0.4,-0.9,10,13,6,2,23,147,17.7,602,33,74,261,277,64,601,53,18,34.0,35,66.0,319,1829,625,21,27,13,66,36,414,79,147,17.7,4,47,13,27.7,2.65,0.73,0.09,0.31,16.2,0,0,1,5.2,4.4,0.09,-1.2,-0.4,72
63,148,Sergi Enrich,14.8,32,2.17,23,1,0,2,4,2,3,0.20,1,0,0,0,1,1,148,14.8,11,8,3,3,5,2,8,25.0,6,13,1,12,6,17,8,0,148,14.8,289,430,67.2,3759,477,194,275,70.5,58,86,67.4,16,25,64.0,1,1.7,1.0,-0.7,15,17,1,0,21,148,14.8,571,11,26,267,281,60,571,7,4,57.1,3,42.9,292,938,227,4,7,4,47,31,442,88,148,14.8,3,32,11,34.4,2.17,0.74,0.09,0.27,16.0,0,0,0,3.1,3.1,0.10,-0.1,-0.1,80
64,149,Javier Eraso,28.1,62,2.20,39,13,2,4,4,0,6,0.21,2,2,0,2,0,0,149,28.1,32,15,10,18,4,13,42,31.0,29,16,5,11,23,55,17,0,149,28.1,623,875,71.2,9010,2313,386,461,83.7,162,239,67.8,47,104,45.2,3,3.4,2.3,-0.4,33,53,9,4,75,149,28.1,1097,13,135,532,441,69,1097,23,11,47.8,12,52.2,628,2668,1164,39,30,7,56,53,717,145,149,28.1,4,32,13,40.6,1.14,0.46,0.13,0.31,16.5,0,0,0,4.3,4.3,0.14,-0.3,-0.3,76
65,150,Gonzalo Escalante,17.4,29,1.67,23,0,2,2,2,0,0,0.00,0,0,0,0,0,0,150,17.4,59,35,21,32,6,17,39,43.6,22,26,3,23,32,91,19,0,150,17.4,490,674,72.7,7937,1894,236,308,76.6,201,244,82.4,34,76,44.7,0,1.0,0.8,-1.0,10,46,8,2,64,150,17.4,874,26,142,530,216,28,874,21,15,71.4,6,28.6,399,1675,578,11,17,0,19,13,471,22,150,17.4,1,25,5,20.0,1.44,0.29,0.04,0.20,18.2,0,0,0,1.3,1.3,0.05,-0.3,-0.3,78
66,151,Sergio Escudero,25.9,46,1.78,32,7,0,1,2,4,6,0.23,3,2,0,1,0,0,151,25.9,78,49,40,26,12,32,62,51.6,30,35,6,29,66,144,69,1,151,25.9,1303,1651,78.9,20152,8064,724,810,89.4,430,557,77.2,94,179,52.5,2,1.2,1.5,+0.8,14,102,17,4,145,151,25.9,1947,80,514,999,461,33,1947,40,26,65.0,14,35.0,988,4489,2539,56,50,14,29,15,1061,105,151,25.9,0,19,4,21.1,0.73,0.15,0.00,0.00,22.8,2,0,0,1.0,1.0,0.05,-1.0,-1.0,79
67,152,Bernardo Espinosa,31.9,20,0.63,13,0,0,6,1,0,4,0.13,2,0,0,2,0,0,152,31.9,36,22,29,6,1,18,33,54.5,15,27,19,8,66,102,169,0,152,31.9,960,1177,81.6,22797,9392,212,240,88.3,516,585,88.2,225,332,67.8,3,1.1,1.0,+1.9,7,43,3,0,42,152,31.9,1526,223,966,504,61,45,1526,4,2,50.0,2,50.0,647,2640,1074,0,2,1,12,5,829,5,152,31.9,0,26,4,15.4,0.82,0.13,0.00,0.00,11.8,0,0,0,2.7,2.7,0.10,-2.7,-2.7,77
68,154,Beñat Etxebarria,12.4,57,4.58,26,26,2,2,0,1,6,0.48,3,2,0,1,0,0,154,12.4,28,20,12,13,3,13,36,36.1,23,6,1,5,28,56,12,0,154,12.4,642,817,78.6,12632,3735,252,284,88.7,275,328,83.8,107,176,60.8,2,2.4,2.0,-0.4,25,62,16,1,109,154,12.4,918,17,115,565,254,3,918,12,6,50.0,6,50.0,465,2079,985,21,17,1,17,14,567,22,154,12.4,0,13,3,23.1,1.04,0.24,0.00,0.00,28.6,6,0,0,0.5,0.5,0.04,-0.5,-0.5,80
69,155,Xabier Etxeita,4.2,0,0.00,0,0,0,0,0,0,0,0.00,0,0,0,0,0,0,155,4.2,2,2,2,0,0,1,4,25.0,3,3,2,1,7,9,25,1,155,4.2,136,161,84.5,3024,1198,33,36,91.7,76,84,90.5,25,34,73.5,0,0.0,0.0,0.0,0,14,0,0,10,155,4.2,206,31,111,86,9,5,206,0,0,,0,,117,568,345,3,2,1,2,0,123,0,155,4.2,1,4,1,25.0,0.96,0.24,0.25,1.00,9.6,0,0,0,0.4,0.4,0.10,+0.6,+0.6,74
70,160,Zouhair Feddal,14.0,5,0.36,5,0,0,0,0,0,0,0.00,0,0,0,0,0,0,160,14.0,22,14,14,6,2,7,12,58.3,5,17,13,4,36,58,95,2,160,14.0,668,825,81.0,14299,4829,218,240,90.8,314,353,89.0,128,211,60.7,0,0.1,0.2,-0.1,1,64,1,1,66,160,14.0,1011,123,520,466,29,10,1011,3,3,100.0,0,0.0,584,3018,1855,11,10,1,12,3,639,2,160,14.0,3,6,3,50.0,0.43,0.21,0.50,1.00,17.0,1,0,0,0.5,0.5,0.09,+2.5,+2.5,80
71,166,Junior Firpo,13.2,16,1.21,14,1,0,0,1,0,2,0.15,2,0,0,0,0,0,166,13.2,26,17,15,8,3,10,18,55.6,8,21,2,19,20,46,37,1,166,13.2,539,652,82.7,8642,2339,282,320,88.1,219,259,84.6,32,49,65.3,2,1.5,1.2,+0.5,9,23,8,4,40,166,13.2,807,36,247,396,168,28,807,19,8,42.1,11,57.9,491,1907,1034,28,16,8,16,6,503,59,166,13.2,2,13,4,30.8,0.98,0.30,0.15,0.50,15.1,0,0,0,1.3,1.3,0.10,+0.7,+0.7,75
72,169,Pablo Fornals,29.1,114,3.92,95,0,6,5,5,3,17,0.58,16,0,0,1,0,0,169,29.1,52,33,19,26,7,18,60,30.0,42,29,3,26,22,74,18,0,169,29.1,1047,1373,76.3,17421,4820,544,646,84.2,363,458,79.3,110,170,64.7,12,8.6,3.8,+3.4,52,125,40,6,171,169,29.1,1649,26,236,897,534,57,1649,53,27,50.9,26,49.1,1048,5469,2730,74,54,12,53,42,1267,175,169,29.1,3,51,14,27.5,1.75,0.48,0.06,0.21,21.3,1,0,0,2.8,2.8,0.06,+0.2,+0.2,81
73,170,Javi Fuego,6.0,5,0.84,4,0,0,0,0,1,0,0.00,0,0,0,0,0,0,170,6.0,20,13,8,11,1,7,14,50.0,7,7,4,3,3,23,14,0,170,6.0,261,334,78.1,4185,1485,136,158,86.1,94,116,81.0,24,36,66.7,0,0.0,0.1,0.0,0,28,2,0,32,170,6.0,395,23,120,238,40,0,395,2,2,100.0,0,0.0,161,625,218,1,2,0,10,8,235,1,170,6.0,0,1,0,0.0,0.17,0.00,0.00,,27.9,0,0,0,0.0,0.0,0.02,0.0,0.0,78
74,171,Javi Fuego,14.9,11,0.74,6,1,0,0,2,2,0,0.00,0,0,0,0,0,0,171,14.9,34,25,19,12,3,11,28,39.3,17,15,6,9,19,53,23,0,171,14.9,492,625,78.7,7744,2367,253,301,84.1,181,219,82.6,37,62,59.7,0,0.0,0.2,0.0,2,47,1,0,41,171,14.9,747,30,216,470,67,6,747,6,3,50.0,3,50.0,308,1090,440,2,5,0,18,11,414,2,171,14.9,0,6,2,33.3,0.40,0.13,0.00,0.00,19.7,0,0,0,0.4,0.4,0.07,-0.4,-0.4,78
75,173,Gabriel,26.4,65,2.46,44,1,3,2,12,3,4,0.15,3,0,0,1,0,0,173,26.4,90,69,28,54,8,29,74,39.2,45,38,4,34,38,128,27,0,173,26.4,792,1196,66.2,12967,4552,440,608,72.4,228,319,71.5,90,165,54.5,2,2.0,2.4,0.0,21,115,11,2,117,173,26.4,1545,35,269,928,372,62,1544,78,49,62.8,29,37.2,828,3670,1516,31,21,5,52,53,1009,50,173,26.4,5,42,13,31.0,1.59,0.49,0.10,0.31,19.1,3,1,1,5.5,4.7,0.11,-0.5,-0.7,76
76,179,Ganso,5.8,18,3.12,15,2,0,0,1,0,0,0.00,0,0,0,0,0,0,179,5.8,15,11,3,12,0,3,11,27.3,8,7,0,7,2,17,4,0,179,5.8,287,353,81.3,3972,1078,175,203,86.2,85,98,86.7,10,20,50.0,0,0.4,0.5,-0.4,8,32,5,1,33,179,5.8,406,5,44,252,112,11,406,8,4,50.0,4,50.0,259,912,409,7,14,0,12,8,294,17,179,5.8,2,7,3,42.9,1.21,0.52,0.29,0.67,16.3,0,0,0,1.4,1.4,0.20,+0.6,+0.6,76
77,180,Ezequiel Garay,22.5,9,0.40,7,1,0,1,0,0,0,0.00,0,0,0,0,0,0,180,22.5,18,12,15,3,0,10,14,71.4,4,22,11,11,24,42,139,0,180,22.5,939,1098,85.5,19128,6717,280,309,90.6,544,591,92.0,107,179,59.8,0,0.4,0.3,-0.4,3,52,5,2,61,180,22.5,1314,167,730,566,22,8,1314,0,0,,0,,765,3570,1916,7,4,0,5,1,824,1,180,22.5,0,6,1,16.7,0.27,0.04,0.00,0.00,14.4,0,0,0,0.4,0.4,0.07,-0.4,-0.4,82
78,192,Mario Gaspar,31.2,61,1.96,49,4,2,2,0,4,7,0.22,5,0,0,2,0,0,192,31.2,110,66,63,37,10,58,87,66.7,29,58,11,47,58,168,114,0,192,31.2,1406,1817,77.4,22732,9508,750,846,88.7,552,701,78.7,88,192,45.8,3,2.3,2.4,+0.7,31,85,18,6,121,192,31.2,2248,133,737,997,537,42,2248,46,22,47.8,24,52.2,983,5314,3257,83,63,8,27,17,1230,139,192,31.2,2,29,10,34.5,0.93,0.32,0.07,0.20,23.1,0,0,0,1.3,1.3,0.04,+0.7,+0.7,80
79,195,Nacho Gil,8.1,19,2.35,7,9,0,0,3,0,0,0.00,0,0,0,0,0,0,195,8.1,10,6,6,2,2,5,21,23.8,16,9,0,9,6,16,2,0,195,8.1,223,296,75.3,3141,919,137,160,85.6,53,68,77.9,15,38,39.5,0,1.0,1.4,-1.0,10,14,4,1,24,195,8.1,362,2,44,161,161,13,362,14,5,35.7,9,64.3,219,1065,521,13,11,4,17,13,253,45,195,8.1,0,7,2,28.6,0.86,0.25,0.00,0.00,18.4,0,0,0,0.3,0.3,0.05,-0.3,-0.3,72
80,196,Nacho Gil,2.5,10,3.93,4,2,1,0,3,0,2,0.79,0,1,0,0,1,0,196,2.5,6,1,2,4,0,1,8,12.5,7,6,0,6,2,8,2,0,196,2.5,68,90,75.6,1048,402,37,43,86.0,20,23,87.0,7,12,58.3,1,0.4,0.5,+0.6,2,7,2,0,10,196,2.5,126,0,17,48,62,8,126,7,5,71.4,2,28.6,76,356,194,6,5,3,8,1,75,18,196,2.5,0,2,1,50.0,0.79,0.39,0.00,0.00,20.2,0,0,0,0.1,0.1,0.07,-0.1,-0.1,72
81,210,Andoni Gorosabel,0.8,0,0.00,0,0,0,0,0,0,0,0.00,0,0,0,0,0,0,210,0.8,3,2,1,2,0,2,5,40.0,3,1,0,1,4,7,1,0,210,0.8,42,50,84.0,553,107,31,33,93.9,7,10,70.0,2,4,50.0,0,0.0,0.0,0.0,0,3,1,0,2,210,0.8,66,0,18,32,16,0,66,0,0,,0,,33,140,87,0,1,0,6,0,34,6,210,0.8,0,0,0,,0.00,0.00,,,,0,0,0,0.0,0.0,,0.0,0.0,68
82,211,Julio Gracia,0.3,0,0.00,0,0,0,0,0,0,0,0.00,0,0,0,0,0,0,211,0.3,0,0,0,0,0,0,0,,0,0,0,0,1,1,0,0,211,0.3,17,22,77.3,238,53,10,12,83.3,5,6,83.3,1,2,50.0,0,0.0,0.0,0.0,0,0,0,0,1,211,0.3,23,0,0,18,5,0,23,0,0,,0,,20,96,31,1,0,0,0,2,18,0,211,0.3,0,1,0,0.0,3.91,0.00,0.00,,21.3,0,0,0,0.0,0.0,0.03,0.0,0.0,61
83,213,Esteban Granero,13.7,32,2.34,15,11,1,0,4,1,4,0.29,2,0,0,0,1,1,213,13.7,32,22,15,13,4,9,27,33.3,18,19,0,19,19,51,21,0,213,13.7,598,754,79.3,10191,2755,285,315,90.5,237,280,84.6,59,123,48.0,2,2.1,1.7,-0.1,17,53,12,3,74,213,13.7,885,19,162,477,258,12,885,17,9,52.9,8,47.1,521,2468,1021,16,21,0,16,20,567,23,213,13.7,1,13,2,15.4,0.95,0.15,0.08,0.50,24.7,3,0,0,0.6,0.6,0.04,+0.4,+0.4,78
84,214,Antoine Griezmann,28.0,98,3.50,66,8,10,4,8,2,17,0.61,12,0,3,1,1,0,214,28.0,36,24,6,23,7,10,30,33.3,20,20,1,19,10,46,14,0,214,28.0,809,1080,74.9,12542,3324,436,539,80.9,253,314,80.6,70,116,60.3,9,6.8,4.7,+2.2,44,69,44,1,125,214,28.0,1322,21,145,596,601,102,1320,46,28,60.9,18,39.1,764,4324,2096,67,57,20,45,32,1004,185,214,28.0,19,70,38,54.3,2.50,1.36,0.24,0.45,18.0,8,2,2,13.1,11.5,0.16,+5.9,+5.5,89
85,218,Ramiro Guerra,0.8,1,1.27,1,0,0,0,0,0,0,0.00,0,0,0,0,0,0,218,0.8,3,2,1,0,2,2,3,66.7,1,0,0,0,0,3,2,0,218,0.8,26,32,81.3,381,107,15,16,93.8,9,12,75.0,2,3,66.7,0,0.1,0.1,-0.1,1,1,1,1,2,218,0.8,40,0,11,22,7,0,40,2,0,0.0,2,100.0,26,91,32,1,0,0,2,3,29,2,218,0.8,0,0,0,,0.00,0.00,,,,0,0,0,0.0,0.0,,0.0,0.0,70
86,219,Francis Guerrero,11.0,16,1.45,14,1,0,0,1,0,1,0.09,1,0,0,0,0,0,219,11.0,31,19,22,7,2,16,34,47.1,18,16,4,12,21,52,26,0,219,11.0,456,601,75.9,6116,1868,301,341,88.3,121,167,72.5,17,41,41.5,0,0.5,0.9,-0.5,8,18,11,5,23,219,11.0,734,31,206,300,239,15,734,27,17,63.0,10,37.0,461,2344,1099,26,22,7,20,22,462,86,219,11.0,1,4,1,25.0,0.36,0.09,0.25,1.00,20.3,0,0,0,0.3,0.3,0.07,+0.7,+0.7,75
87,220,John Guidetti,13.6,35,2.58,26,0,2,4,2,1,6,0.44,4,0,1,1,0,0,220,13.6,7,7,3,1,3,2,10,20.0,8,10,1,9,2,9,7,0,220,13.6,230,367,62.7,3143,861,143,206,69.4,59,87,67.8,12,27,44.4,3,1.7,1.6,+1.3,13,29,5,0,35,220,13.6,460,8,33,229,202,48,460,11,7,63.6,4,36.4,256,1045,448,12,12,8,25,20,367,77,220,13.6,3,28,11,39.3,2.06,0.81,0.11,0.27,18.9,3,0,0,2.7,2.7,0.10,+0.3,+0.3,79
88,221,John Guidetti,1.3,5,3.91,4,0,1,0,0,0,0,0.00,0,0,0,0,0,0,221,1.3,0,0,0,0,0,0,0,,0,0,0,0,0,0,0,0,221,1.3,28,38,73.7,373,114,17,22,77.3,6,8,75.0,1,2,50.0,0,0.5,0.2,-0.5,2,3,0,0,4,221,1.3,48,1,3,14,31,10,48,1,1,100.0,0,0.0,34,117,32,1,2,2,2,8,45,14,221,1.3,0,5,3,60.0,3.91,2.35,0.00,0.00,14.7,0,0,0,0.9,0.9,0.18,-0.9,-0.9,79
89,223,Gerard Gumbau,15.9,18,1.13,14,0,0,3,0,1,1,0.06,1,0,0,0,0,0,223,15.9,35,26,13,21,1,12,37,32.4,25,12,4,8,14,49,27,0,223,15.9,412,529,77.9,8119,2579,188,228,82.5,147,173,85.0,70,103,68.0,0,0.5,0.2,-0.5,5,62,2,0,49,223,15.9,647,34,172,414,66,6,647,7,6,85.7,1,14.3,329,1345,620,6,6,1,10,7,384,5,223,15.9,1,17,6,35.3,1.07,0.38,0.06,0.17,28.5,0,0,0,0.7,0.7,0.04,+0.3,+0.3,71
90,224,Jon Guridi,0.6,2,3.40,2,0,0,0,0,0,0,0.00,0,0,0,0,0,0,224,0.6,1,0,1,0,0,0,1,0.0,1,1,0,1,0,1,0,0,224,0.6,18,23,78.3,286,67,9,10,90.0,8,9,88.9,1,1,100.0,0,0.0,0.0,0.0,0,1,1,0,3,224,0.6,27,1,3,12,12,2,27,0,0,,0,,16,66,14,0,2,0,2,1,18,1,224,0.6,0,0,0,,0.00,0.00,,,,0,0,0,0.0,0.0,,0.0,0.0,65
91,227,Munir El Haddadi,27.2,95,3.50,55,11,4,5,20,0,12,0.44,7,2,1,1,1,0,227,27.2,25,20,8,9,8,5,14,35.7,9,13,2,11,9,34,5,0,227,27.2,471,724,65.1,6677,1736,260,338,76.9,134,194,69.1,34,83,41.0,6,3.9,3.0,+2.1,41,33,22,6,68,227,27.2,990,6,47,403,548,92,990,51,28,54.9,23,45.1,681,3387,1260,48,42,14,90,87,779,173,227,27.2,10,62,23,37.1,2.28,0.85,0.16,0.43,17.2,5,0,0,9.1,9.1,0.15,+0.9,+0.9,77
92,230,Mario Hermoso,21.4,11,0.51,10,0,0,1,0,0,0,0.00,0,0,0,0,0,0,230,21.4,14,12,13,1,0,8,21,38.1,13,15,8,7,25,39,122,0,230,21.4,712,962,74.0,16861,6691,183,205,89.3,359,423,84.9,166,314,52.9,0,0.2,0.2,-0.2,5,52,2,0,49,230,21.4,1162,139,660,483,25,15,1162,8,5,62.5,3,37.5,617,2818,1469,7,1,1,14,4,659,2,230,21.4,1,11,3,27.3,0.51,0.14,0.09,0.33,24.8,1,0,0,1.0,1.0,0.09,0.0,0.0,73
93,239,Andrew Hjulsager,0.2,0,0.00,0,0,0,0,0,0,0,0.00,0,0,0,0,0,0,239,0.2,0,0,0,0,0,0,2,0.0,2,1,0,1,0,0,0,0,239,0.2,5,8,62.5,95,13,0,0,,5,7,71.4,0,1,0.0,0,0.0,0.0,0.0,0,0,0,0,0,239,0.2,10,0,2,1,7,0,10,0,0,,0,,8,59,9,1,0,0,0,0,7,4,239,0.2,0,1,0,0.0,6.43,0.00,0.00,,27.2,0,0,0,0.0,0.0,0.03,0.0,0.0,69
94,241,Asier Illarramendi,35.1,105,2.99,75,14,3,4,6,3,16,0.46,10,2,2,0,2,0,241,35.1,85,57,35,41,9,37,90,41.1,53,44,8,36,75,160,35,0,241,35.1,2229,2585,86.2,39187,13317,991,1071,92.5,981,1100,89.2,213,310,68.7,5,2.3,3.0,+2.7,34,277,29,7,305,241,35.1,2896,89,673,1843,416,19,2896,39,30,76.9,9,23.1,1877,11279,5904,71,64,3,34,24,2063,33,241,35.1,7,35,11,31.4,1.00,0.31,0.20,0.64,23.0,2,0,0,2.9,2.9,0.08,+4.1,+4.1,84
95,243,Takashi Inui,29.2,82,2.80,52,4,8,5,11,2,12,0.41,7,1,0,2,2,0,243,29.2,39,21,12,19,8,13,42,31.0,29,36,0,36,18,57,10,0,243,29.2,710,936,75.9,10659,1703,407,470,86.6,234,303,77.2,45,93,48.4,2,1.9,1.9,+0.1,26,39,17,10,68,243,29.2,1278,9,116,526,653,94,1278,87,40,46.0,47,54.0,825,5563,2602,99,56,34,68,55,924,217,243,29.2,5,64,21,32.8,2.19,0.72,0.08,0.24,19.7,0,0,0,4.6,4.6,0.07,+0.4,+0.4,80
96,244,Gorka Iraizoz,8.5,2,0.24,2,0,0,0,0,0,0,0.00,0,0,0,0,0,0,244,8.5,1,1,1,0,0,1,2,50.0,1,0,0,0,1,2,9,2,244,8.5,145,249,58.2,5497,4596,9,10,90.0,45,46,97.8,90,191,47.1,0,0.0,0.0,0.0,0,16,0,0,1,244,8.5,276,223,274,2,0,0,276,0,0,,0,,123,732,483,0,0,0,0,0,77,0,244,8.5,0,0,0,,0.00,0.00,,,,0,0,0,0.0,0.0,,0.0,0.0,76
97,245,Carlos Isaac,0.7,0,0.00,0,0,0,0,0,0,0,0.00,0,0,0,0,0,0,245,0.7,1,0,1,0,0,1,3,33.3,2,0,0,0,2,3,1,0,245,0.7,36,44,81.8,512,135,21,24,87.5,13,14,92.9,1,3,33.3,0,0.0,0.0,0.0,0,1,1,0,1,245,0.7,50,0,9,23,18,1,50,2,1,50.0,1,50.0,29,133,47,3,1,0,0,0,31,7,245,0.7,0,1,0,0.0,1.43,0.00,0.00,,26.0,0,0,0,0.0,0.0,0.02,0.0,0.0,64
98,246,Isco,19.7,116,5.89,93,8,4,3,7,1,12,0.61,10,0,0,0,2,0,246,19.7,22,12,5,10,7,5,35,14.3,30,11,0,11,15,37,2,0,246,19.7,1387,1636,84.8,20955,5838,826,889,92.9,415,483,85.9,106,169,62.7,7,6.3,7.0,+0.7,48,159,63,13,220,246,19.7,1846,9,147,903,819,101,1846,83,58,69.9,25,30.1,1503,8888,4591,136,88,30,64,50,1609,229,246,19.7,7,49,19,38.8,2.49,0.96,0.14,0.37,19.2,2,0,0,5.4,5.4,0.11,+1.6,+1.6,89
99,248,Ander Iturraspe,21.2,53,2.51,35,16,0,0,1,1,2,0.09,2,0,0,0,0,0,248,21.2,42,31,18,22,2,10,32,31.3,22,22,7,15,35,77,57,0,248,21.2,1013,1275,79.5,19925,5809,425,494,86.0,388,467,83.1,181,263,68.8,0,2.0,2.4,-2.0,22,113,13,5,124,248,21.2,1466,75,338,879,261,2,1466,6,5,83.3,1,16.7,715,3023,1463,12,19,0,19,11,832,25,248,21.2,0,6,1,16.7,0.28,0.05,0.00,0.00,26.3,0,0,0,0.2,0.2,0.03,-0.2,-0.2,78
100,249,Ivi,19.6,58,2.96,38,7,7,2,3,1,8,0.41,4,2,0,1,1,0,249,19.6,48,34,19,23,6,21,62,33.9,41,21,1,20,15,63,15,0,249,19.6,442,674,65.6,7581,2112,223,286,78.0,128,190,67.4,62,134,46.3,3,2.6,2.7,+0.4,23,41,28,8,82,249,19.6,908,18,140,359,429,43,907,66,33,50.0,33,50.0,564,4117,2129,62,49,14,47,57,608,119,249,19.6,4,38,9,23.7,1.94,0.46,0.08,0.33,23.7,6,1,1,2.7,1.9,0.05,+1.3,+1.1,75
101,250,Adnan Januzaj,17.5,89,5.10,46,6,21,7,9,0,11,0.63,8,0,2,1,0,0,250,17.5,16,11,2,8,6,5,18,27.8,13,12,0,12,11,27,5,0,250,17.5,407,552,73.7,6423,2055,237,263,90.1,113,144,78.5,35,84,41.7,5,5.5,3.6,-0.5,35,38,23,4,68,250,17.5,825,7,58,316,461,95,825,125,67,53.6,58,46.4,646,4728,2549,104,51,44,51,60,677,156,250,17.5,3,60,14,23.3,3.43,0.80,0.05,0.21,18.7,5,0,0,6.3,6.3,0.12,-3.3,-3.3,78
102,251,Jason,19.8,58,2.92,37,5,5,2,6,3,3,0.15,3,0,0,0,0,0,251,19.8,32,25,11,14,7,11,38,28.9,27,14,1,13,20,52,8,0,251,19.8,370,576,64.2,5332,1449,216,273,79.1,108,166,65.1,27,58,46.6,2,2.7,2.6,-0.7,26,21,28,12,55,251,19.8,793,18,111,315,378,57,793,71,25,35.2,46,64.8,502,2677,1210,48,27,20,42,36,544,137,251,19.8,1,33,10,30.3,1.66,0.50,0.03,0.10,18.4,2,0,0,2.6,2.6,0.08,-1.6,-1.6,74
103,254,Jony,2.4,11,4.56,4,4,2,0,1,0,0,0.00,0,0,0,0,0,0,254,2.4,3,2,2,0,1,0,4,0.0,4,1,0,1,2,5,1,0,254,2.4,53,107,49.5,909,372,29,39,74.4,14,31,45.2,9,26,34.6,0,0.3,0.4,-0.3,5,6,5,2,10,254,2.4,138,2,17,37,86,7,138,16,5,31.3,11,68.8,100,582,281,11,7,3,6,8,96,29,254,2.4,0,5,2,40.0,2.07,0.83,0.00,0.00,20.0,1,0,0,0.3,0.3,0.06,-0.3,-0.3,75
104,257,Jozabed,16.4,49,2.99,43,1,2,1,0,2,5,0.31,4,0,0,0,0,1,257,16.4,18,12,7,9,2,3,18,16.7,15,18,2,16,16,34,19,0,257,16.4,763,888,85.9,13360,3475,348,382,91.1,298,331,90.0,89,114,78.1,4,2.4,1.3,+1.6,21,90,11,1,111,257,16.4,1004,29,147,629,236,25,1004,10,6,60.0,4,40.0,653,2795,1199,24,25,1,20,16,785,60,257,16.4,0,18,5,27.8,1.10,0.31,0.00,0.00,17.3,1,0,0,1.7,1.7,0.10,-1.7,-1.7,77
105,258,Juanfran,34.0,64,1.88,52,6,4,1,1,0,3,0.09,2,1,0,0,0,0,258,34.0,64,44,38,22,4,35,65,53.8,30,29,11,18,63,127,121,0,258,34.0,1335,1869,71.4,22134,10014,682,785,86.9,478,644,74.2,129,312,41.3,1,3.9,3.4,-2.9,31,130,41,27,157,258,34.0,2246,145,693,999,588,35,2246,72,47,65.3,25,34.7,1107,6657,3670,96,65,6,21,22,1242,164,258,34.0,0,24,7,29.2,0.71,0.21,0.00,0.00,23.4,0,0,0,1.3,1.3,0.05,-1.3,-1.3,74
106,258,Juanfran,34.0,64,1.88,52,6,4,1,1,0,3,0.09,2,1,0,0,0,0,258,34.0,64,44,38,22,4,35,65,53.8,30,29,11,18,63,127,121,0,258,34.0,1335,1869,71.4,22134,10014,682,785,86.9,478,644,74.2,129,312,41.3,1,3.9,3.4,-2.9,31,130,41,27,157,258,34.0,2246,145,693,999,588,35,2246,72,47,65.3,25,34.7,1107,6657,3670,96,65,6,21,22,1242,164,258,34.0,0,24,7,29.2,0.71,0.21,0.00,0.00,23.4,0,0,0,1.3,1.3,0.05,-1.3,-1.3,80
107,259,Juanfran,14.5,20,1.38,17,1,1,0,0,1,4,0.28,3,0,0,0,0,1,259,14.5,33,24,21,9,3,21,32,65.6,11,14,4,10,26,59,35,0,259,14.5,536,681,78.7,7751,3154,323,363,89.0,175,228,76.8,21,48,43.8,1,1.8,1.5,-0.8,7,28,13,3,44,259,14.5,824,60,270,310,250,15,824,14,7,50.0,7,50.0,411,2016,1122,33,21,5,13,13,451,83,259,14.5,0,3,0,0.0,0.21,0.00,0.00,,27.5,0,0,0,0.1,0.1,0.03,-0.1,-0.1,74
108,259,Juanfran,14.5,20,1.38,17,1,1,0,0,1,4,0.28,3,0,0,0,0,1,259,14.5,33,24,21,9,3,21,32,65.6,11,14,4,10,26,59,35,0,259,14.5,536,681,78.7,7751,3154,323,363,89.0,175,228,76.8,21,48,43.8,1,1.8,1.5,-0.8,7,28,13,3,44,259,14.5,824,60,270,310,250,15,824,14,7,50.0,7,50.0,411,2016,1122,33,21,5,13,13,451,83,259,14.5,0,3,0,0.0,0.21,0.00,0.00,,27.5,0,0,0,0.1,0.1,0.03,-0.1,-0.1,80
109,261,Juanmi,16.5,22,1.33,16,0,0,3,3,0,5,0.30,3,0,0,1,1,0,261,16.5,22,13,7,12,3,4,22,18.2,18,11,0,11,10,32,6,0,261,16.5,286,356,80.3,3729,508,188,218,86.2,62,76,81.6,15,19,78.9,2,0.8,0.8,+1.2,9,7,8,1,15,261,16.5,530,7,67,225,245,71,530,27,11,40.7,16,59.3,335,1552,583,21,14,12,54,24,397,100,261,16.5,8,38,13,34.2,2.30,0.79,0.21,0.62,14.3,0,0,0,5.2,5.2,0.14,+2.8,+2.8,77
110,262,Juanpe,34.1,31,0.91,22,3,0,4,1,1,3,0.09,2,0,0,0,1,0,262,34.1,48,30,28,20,0,30,43,69.8,13,27,19,8,53,101,137,0,262,34.1,1029,1348,76.3,23202,9993,290,332,87.3,520,602,86.4,202,376,53.7,1,0.9,0.8,+0.1,7,86,3,0,103,262,34.1,1647,148,872,707,75,42,1647,4,4,100.0,0,0.0,770,3255,1568,3,4,0,9,5,941,4,262,34.1,5,23,11,47.8,0.68,0.32,0.22,0.45,13.0,1,0,0,2.1,2.1,0.09,+2.9,+2.9,77
111,264,David Juncà,10.0,23,2.30,12,7,0,0,3,1,3,0.30,3,0,0,0,0,0,264,10.0,15,13,9,6,0,7,19,36.8,12,7,1,6,11,26,25,0,264,10.0,447,643,69.5,8720,3244,163,196,83.2,207,280,73.9,70,142,49.3,2,1.6,1.1,+0.4,15,60,18,12,61,264,10.0,723,24,153,376,199,2,723,13,10,76.9,3,23.1,384,1984,1133,27,24,2,11,3,413,36,264,10.0,0,3,0,0.0,0.30,0.00,0.00,,29.6,0,0,0,0.1,0.1,0.02,-0.1,-0.1,76
112,267,Keko,13.4,32,2.38,23,1,4,1,3,0,2,0.15,2,0,0,0,0,0,267,13.4,38,23,17,13,8,15,47,31.9,32,25,3,22,13,51,9,0,267,13.4,271,395,68.6,4039,1025,164,197,83.2,74,113,65.5,20,42,47.6,2,1.8,1.1,+0.2,14,18,11,7,29,267,13.4,548,9,117,210,229,29,548,18,10,55.6,8,44.4,337,1580,819,24,15,7,20,30,350,76,267,13.4,0,18,5,27.8,1.34,0.37,0.00,0.00,20.2,0,0,0,1.3,1.3,0.07,-1.3,-1.3,75
113,268,Kike,27.3,64,2.34,35,0,2,8,18,1,2,0.07,1,0,0,1,0,0,268,27.3,14,8,1,7,6,2,11,18.2,9,15,1,14,10,24,14,0,268,27.3,501,709,70.7,6144,781,317,401,79.1,120,174,69.0,14,35,40.0,1,0.6,0.8,+0.4,14,20,6,1,41,268,27.3,995,13,53,386,567,140,995,30,13,43.3,17,56.7,658,2829,852,32,25,14,103,45,783,183,268,27.3,8,71,26,36.6,2.60,0.95,0.11,0.31,12.9,0,0,0,9.4,9.4,0.13,-1.4,-1.4,65
114,269,Simon Kjær,17.5,7,0.40,6,0,0,1,0,0,0,0.00,0,0,0,0,0,0,269,17.5,35,24,25,8,2,13,22,59.1,9,16,10,6,32,67,109,0,269,17.5,666,790,84.3,13037,4594,254,277,91.7,307,354,86.7,94,140,67.1,0,0.1,0.1,-0.1,2,34,2,0,34,269,17.5,1004,119,567,418,24,19,1004,1,1,100.0,0,0.0,510,1988,881,1,2,1,4,0,583,3,269,17.5,2,9,2,22.2,0.52,0.11,0.22,1.00,8.0,0,0,0,1.4,1.4,0.16,+0.6,+0.6,79
115,270,Koke,30.6,103,3.36,67,28,2,4,1,1,13,0.42,11,1,0,0,1,0,270,30.6,75,45,31,32,12,27,95,28.4,68,40,3,37,24,99,38,0,270,30.6,1729,2153,80.3,28200,9343,901,989,91.1,547,652,83.9,189,349,54.2,4,6.7,6.5,-2.7,51,198,40,4,237,270,30.6,2436,47,396,1354,707,31,2436,27,20,74.1,7,25.9,1368,5816,2757,42,42,3,40,59,1762,114,270,30.6,4,29,14,48.3,0.95,0.46,0.14,0.29,21.3,1,0,0,2.3,2.3,0.08,+1.7,+1.7,85
116,271,Geoffrey Kondogbia,29.0,65,2.24,54,0,6,1,2,2,8,0.28,7,0,1,0,0,0,271,29.0,88,57,38,43,7,23,68,33.8,45,46,14,32,62,150,66,0,271,29.0,1355,1559,86.9,24809,6908,589,653,90.2,567,630,90.0,173,222,77.9,4,2.7,1.5,+1.3,22,158,15,0,182,271,29.0,1903,103,461,1243,226,23,1903,64,55,85.9,9,14.1,1262,6540,3215,47,29,8,37,62,1313,33,271,29.0,4,28,7,25.0,0.96,0.24,0.14,0.57,21.4,0,0,0,2.0,2.0,0.07,+2.0,+2.0,82
117,277,Toni Kroos,25.1,134,5.33,81,40,4,3,5,1,16,0.64,12,3,1,0,0,0,277,25.1,55,35,19,29,7,22,59,37.3,37,20,2,18,16,71,10,1,277,25.1,1982,2235,88.7,36218,11344,920,965,95.3,736,810,90.9,277,377,73.5,7,5.7,6.1,+1.3,64,251,34,7,274,277,25.1,2406,21,327,1417,686,33,2406,32,24,75.0,8,25.0,1566,8127,4316,71,60,6,19,15,1882,64,277,25.1,5,41,17,41.5,1.63,0.68,0.12,0.29,23.0,0,0,0,2.4,2.4,0.06,+2.6,+2.6,90
118,279,Alberto de la Bella,17.0,27,1.59,22,2,2,0,1,0,1,0.06,1,0,0,0,0,0,279,17.0,36,22,25,10,1,16,28,57.1,12,19,5,14,21,57,54,0,279,17.0,852,1072,79.5,14170,4868,450,501,89.8,312,387,80.6,77,147,52.4,1,1.1,2.0,-0.1,16,56,29,22,59,279,17.0,1246,57,398,547,311,17,1246,16,9,56.3,7,43.8,653,2634,1395,38,27,2,20,7,768,101,279,17.0,0,6,1,16.7,0.35,0.06,0.00,0.00,20.0,0,0,0,0.2,0.2,0.04,-0.2,-0.2,75
119,284,Borja Lasso,0.6,1,1.70,1,0,0,0,0,0,0,0.00,0,0,0,0,0,0,284,0.6,4,1,2,2,0,1,2,50.0,1,3,0,3,0,4,0,0,284,0.6,26,35,74.3,460,96,17,22,77.3,5,6,83.3,4,5,80.0,0,0.1,0.1,-0.1,1,2,1,0,5,284,0.6,44,0,4,36,4,0,44,2,1,50.0,1,50.0,22,78,15,1,0,0,1,0,30,2,284,0.6,0,0,0,,0.00,0.00,,,,0,0,0,0.0,0.0,,0.0,0.0,71
120,285,Toni Lato,8.9,10,1.13,9,0,1,0,0,0,2,0.23,2,0,0,0,0,0,285,8.9,30,16,22,6,2,16,27,59.3,11,9,3,6,9,39,23,0,285,8.9,317,411,77.1,5293,2019,145,171,84.8,148,176,84.1,18,43,41.9,1,1.3,0.8,-0.3,6,25,2,1,28,285,8.9,498,29,178,230,94,12,498,9,8,88.9,1,11.1,244,1029,486,9,9,2,5,7,242,26,285,8.9,0,1,0,0.0,0.11,0.00,0.00,,17.1,0,0,0,0.1,0.1,0.05,-0.1,-0.1,75
121,287,Iñigo Lekue,23.5,53,2.26,40,4,5,1,1,2,1,0.04,1,0,0,0,0,0,287,23.5,71,42,37,26,8,34,53,64.2,19,29,3,26,16,87,46,1,287,23.5,922,1231,74.9,15319,4906,472,545,86.6,344,444,77.5,83,166,50.0,1,1.4,1.7,-0.4,19,74,30,14,109,287,23.5,1498,64,338,738,449,30,1498,75,43,57.3,32,42.7,784,5350,2691,81,53,12,26,19,826,147,287,23.5,0,18,5,27.8,0.77,0.21,0.00,0.00,26.7,0,0,0,0.5,0.5,0.03,-0.5,-0.5,75
122,295,Diego Llorente,25.8,11,0.43,11,0,0,0,0,0,1,0.04,1,0,0,0,0,0,295,25.8,30,22,16,13,1,18,29,62.1,11,41,18,23,43,73,96,0,295,25.8,1360,1532,88.8,27297,8582,459,498,92.2,690,733,94.1,194,268,72.4,0,0.0,0.2,0.0,0,81,4,0,89,295,25.8,1788,140,840,913,47,23,1788,18,16,88.9,2,11.1,1066,6575,4100,26,14,1,9,11,1213,5,295,25.8,3,22,7,31.8,0.85,0.27,0.14,0.43,14.3,0,0,0,2.3,2.3,0.10,+0.7,+0.7,76
123,296,Marcos Llorente,6.1,11,1.81,8,0,2,0,0,1,0,0.00,0,0,0,0,0,0,296,6.1,15,8,7,8,0,6,11,54.5,5,7,0,7,5,20,8,0,296,6.1,401,430,93.3,7029,1568,160,169,94.7,193,201,96.0,33,38,86.8,0,0.2,0.2,-0.2,3,42,1,0,46,296,6.1,476,14,127,287,64,0,476,9,7,77.8,2,22.2,351,1868,720,8,6,0,2,5,353,4,296,6.1,0,6,0,0.0,0.99,0.00,0.00,,26.4,0,0,0,0.2,0.2,0.04,-0.2,-0.2,79
124,297,Stanislav Lobotka,34.0,41,1.21,36,0,3,1,1,0,1,0.03,1,0,0,0,0,0,297,34.0,64,45,24,35,5,23,65,35.4,42,25,9,16,39,103,22,0,297,34.0,1888,2087,90.5,33434,10037,854,926,92.2,772,838,92.1,217,244,88.9,0,0.6,1.1,-0.6,10,188,12,2,205,297,34.0,2296,57,604,1485,239,5,2296,48,44,91.7,4,8.3,1476,7785,3402,32,35,2,34,33,1675,28,297,34.0,0,8,3,37.5,0.24,0.09,0.00,0.00,26.8,0,0,0,0.2,0.2,0.03,-0.2,-0.2,78
125,310,Anthony Lozano,5.2,9,1.72,6,0,3,0,0,0,1,0.19,1,0,0,0,0,0,310,5.2,9,5,2,7,0,1,5,20.0,4,3,0,3,3,12,2,0,310,5.2,81,129,62.8,1179,271,48,62,77.4,29,45,64.4,2,8,25.0,0,0.3,0.8,-0.3,4,4,2,1,11,310,5.2,195,2,16,95,88,24,195,19,11,57.9,8,42.1,111,887,501,21,12,2,10,8,138,26,310,5.2,1,16,7,43.8,3.06,1.34,0.06,0.14,16.3,0,0,0,1.4,1.4,0.09,-0.4,-0.4,74
126,314,Luisinho,29.1,49,1.68,34,3,4,3,5,0,5,0.17,4,0,1,0,0,0,314,29.1,111,77,64,40,7,65,96,67.7,31,24,4,20,55,166,113,0,314,29.1,1206,1580,76.3,19835,8603,609,680,89.6,482,614,78.5,92,212,43.4,1,2.1,2.2,-1.1,18,89,22,17,115,314,29.1,1942,96,685,858,418,20,1942,61,43,70.5,18,29.5,945,4987,2421,64,51,10,19,14,1076,87,314,29.1,1,16,4,25.0,0.55,0.14,0.06,0.25,24.4,0,0,0,0.5,0.5,0.03,+0.5,+0.5,75
127,317,Antonio Luna,22.5,27,1.20,21,5,0,0,0,1,2,0.09,2,0,0,0,0,0,317,22.5,39,26,23,13,3,24,41,58.5,17,26,9,17,36,75,68,0,317,22.5,681,997,68.3,11520,5712,343,405,84.7,248,349,71.1,66,182,36.3,2,2.1,1.5,-0.1,14,58,25,13,67,317,22.5,1194,94,443,506,261,19,1194,15,10,66.7,5,33.3,567,3006,1463,37,28,4,13,16,576,82,317,22.5,0,5,0,0.0,0.22,0.00,0.00,,19.7,1,0,0,0.2,0.2,0.05,-0.2,-0.2,74
128,319,Nemanja Maksimović,6.2,13,2.10,12,0,0,1,0,0,0,0.00,0,0,0,0,0,0,319,6.2,21,13,10,8,3,8,16,50.0,8,15,6,9,16,37,8,0,319,6.2,216,258,83.7,3422,753,113,129,87.6,80,93,86.0,17,27,63.0,0,0.4,0.2,-0.4,9,11,7,1,22,319,6.2,342,19,80,188,82,10,342,10,6,60.0,4,40.0,178,975,529,11,7,1,11,5,205,25,319,6.2,0,7,2,28.6,1.13,0.32,0.00,0.00,15.6,0,0,0,0.4,0.4,0.06,-0.4,-0.4,73
129,320,Hugo Mallo,33.3,62,1.86,53,3,2,1,1,2,6,0.18,6,0,0,0,0,0,320,33.3,84,55,55,26,3,35,53,66.0,18,30,15,15,68,152,111,1,320,33.3,1608,2187,73.5,26399,10439,818,940,87.0,628,798,78.7,126,329,38.3,5,5.3,4.6,-0.3,29,112,44,16,159,320,33.3,2554,137,794,1234,548,34,2554,34,19,55.9,15,44.1,1243,5942,3190,80,63,6,27,18,1491,182,320,33.3,0,23,8,34.8,0.69,0.24,0.00,0.00,22.9,1,0,0,1.6,1.6,0.07,-1.6,-1.6,80
130,321,Aïssa Mandi,33.6,19,0.57,15,1,0,2,0,1,1,0.03,0,0,0,1,0,0,321,33.6,54,35,27,25,2,19,34,55.9,15,39,24,15,71,125,133,3,321,33.6,1965,2146,91.6,35804,13638,827,876,94.4,943,1010,93.4,182,227,80.2,0,0.2,0.5,-0.2,4,146,2,0,129,321,33.6,2475,218,1054,1315,117,21,2475,16,13,81.3,3,18.8,1667,7026,4403,30,29,1,12,7,1794,9,321,33.6,1,14,2,14.3,0.42,0.06,0.07,0.50,11.0,0,0,0,3.3,3.3,0.23,-2.3,-2.3,79
131,324,Marcelo,25.1,126,5.02,101,11,7,2,4,1,11,0.44,10,0,0,1,0,0,324,25.1,53,37,19,23,11,22,58,37.9,36,26,2,24,30,83,23,2,324,25.1,1569,1969,79.7,24686,9969,908,975,93.1,467,593,78.8,144,285,50.5,6,6.5,7.6,-0.5,57,163,77,26,254,324,25.1,2198,54,404,944,873,90,2198,62,33,53.2,29,46.8,1449,6706,4032,98,76,32,40,18,1620,268,324,25.1,2,33,9,27.3,1.31,0.36,0.06,0.22,20.0,0,0,0,1.3,1.3,0.04,+0.7,+0.7,88
132,337,Borja Mayoral,3.8,6,1.57,5,0,0,1,0,0,2,0.52,2,0,0,0,0,0,337,3.8,6,3,0,4,2,1,5,20.0,4,3,0,3,0,6,0,0,337,3.8,101,121,83.5,1192,191,74,84,88.1,17,20,85.0,3,5,60.0,1,0.1,0.3,+0.9,2,4,3,0,11,337,3.8,159,1,8,72,83,22,159,9,7,77.8,2,22.2,112,546,224,8,4,3,7,7,121,17,337,3.8,3,15,10,66.7,3.91,2.61,0.20,0.30,10.9,0,0,0,3.1,3.1,0.21,-0.1,-0.1,75
133,343,Gabriel Mercado,23.5,21,0.89,17,1,0,1,1,1,2,0.08,1,0,0,0,1,0,343,23.5,55,37,35,18,2,36,67,53.7,31,32,20,12,42,97,83,1,343,23.5,878,1079,81.4,14111,5293,452,489,92.4,355,412,86.2,54,125,43.2,1,1.8,0.7,-0.8,9,57,8,5,67,343,23.5,1328,109,492,666,180,31,1328,7,4,57.1,3,42.9,680,2674,1496,13,17,2,14,4,756,37,343,23.5,0,18,7,38.9,0.76,0.30,0.00,0.00,14.6,0,0,0,1.4,1.4,0.08,-1.4,-1.4,79
134,344,Sabin Merino,4.2,6,1.44,2,0,0,2,2,0,1,0.24,0,0,0,0,1,0,344,4.2,7,3,2,3,2,3,8,37.5,5,6,2,4,1,8,10,0,344,4.2,61,93,65.6,786,156,40,52,76.9,15,27,55.6,2,3,66.7,0,0.1,0.1,-0.1,2,4,1,0,7,344,4.2,143,11,25,57,62,15,143,3,2,66.7,1,33.3,85,327,132,5,2,2,9,9,89,27,344,4.2,0,8,3,37.5,1.93,0.72,0.00,0.00,13.0,0,0,0,1.7,1.7,0.22,-1.7,-1.7,75
135,345,Roque Mesa,3.8,12,3.15,9,1,0,0,1,1,0,0.00,0,0,0,0,0,0,345,3.8,13,10,2,7,4,6,8,75.0,2,3,2,1,0,13,5,0,345,3.8,202,223,90.6,3329,851,99,107,92.5,72,80,90.0,22,23,95.7,0,0.4,0.3,-0.4,5,21,3,1,18,345,3.8,249,5,54,156,45,2,249,3,3,100.0,0,0.0,166,885,369,4,4,1,5,2,185,2,345,3.8,0,1,0,0.0,0.26,0.00,0.00,,24.6,0,0,0,0.1,0.1,0.05,-0.1,-0.1,79
136,346,Lionel Messi,33.3,265,7.95,151,8,49,23,31,3,43,1.29,23,2,10,5,3,0,346,33.3,17,8,0,11,6,2,18,11.1,16,11,1,10,7,24,0,0,346,33.3,1544,1978,78.1,22697,8141,893,1023,87.3,448,548,81.8,116,192,60.4,12,13.9,14.4,-1.9,86,211,131,2,333,346,33.3,2387,2,47,1034,1351,250,2383,257,185,72.0,72,28.0,1786,11517,5980,211,155,95,52,107,2076,263,346,33.3,34,193,91,47.2,5.79,2.73,0.17,0.35,19.7,48,2,4,27.1,24.0,0.12,+6.9,+8.0,94
137,347,Michel,23.7,36,1.52,32,3,0,0,1,0,1,0.04,1,0,0,0,0,0,347,23.7,33,24,21,8,4,14,25,56.0,11,21,11,10,39,72,64,1,347,23.7,963,1200,80.3,14048,5510,578,630,91.7,308,385,80.0,48,109,44.0,1,1.2,1.6,-0.2,23,51,25,15,78,347,23.7,1411,81,404,636,380,28,1411,22,14,63.6,8,36.4,762,3303,1527,36,40,3,34,19,828,119,347,23.7,0,6,3,50.0,0.25,0.13,0.00,0.00,18.9,0,0,0,0.2,0.2,0.04,-0.2,-0.2,74
138,348,Santi Mina,17.3,43,2.49,25,0,5,8,4,1,10,0.58,5,0,1,3,1,0,348,17.3,17,9,4,9,4,4,22,18.2,18,14,1,13,2,19,19,0,348,17.3,367,475,77.3,4992,872,235,288,81.6,86,116,74.1,22,33,66.7,2,1.6,1.6,+0.4,10,27,6,1,34,348,17.3,655,19,41,312,306,67,654,28,19,67.9,9,32.1,415,1824,745,23,18,11,45,48,519,129,348,17.3,12,42,19,45.2,2.43,1.10,0.26,0.58,12.6,1,1,1,8.4,7.6,0.18,+3.6,+3.4,80
139,350,Ignasi Miquel,19.7,11,0.56,9,0,1,1,0,0,0,0.00,0,0,0,0,0,0,350,19.7,19,10,11,7,1,4,15,26.7,11,23,13,10,33,52,113,0,350,19.7,517,727,71.1,11500,4896,139,169,82.2,273,330,82.7,102,207,49.3,1,0.4,0.2,+0.6,2,31,0,0,42,350,19.7,947,117,506,400,47,21,947,12,10,83.3,2,16.7,424,2207,1097,6,4,0,8,5,473,2,350,19.7,0,9,1,11.1,0.46,0.05,0.00,0.00,11.5,0,0,0,0.7,0.7,0.08,-0.7,-0.7,73
140,351,Luka Modrić,21.9,107,4.89,86,1,13,2,3,2,14,0.64,10,1,0,2,0,1,351,21.9,33,22,14,15,4,15,41,36.6,26,13,4,9,31,64,7,0,351,21.9,1394,1572,88.7,24341,7975,692,739,93.6,491,545,90.1,169,207,81.6,6,4.2,4.0,+1.8,39,196,42,1,254,351,21.9,1731,26,242,1067,443,43,1731,63,48,76.2,15,23.8,1322,7343,3626,82,64,15,26,20,1431,78,351,21.9,1,35,8,22.9,1.60,0.37,0.03,0.13,20.9,0,0,0,1.8,1.8,0.05,-0.8,-0.8,91
141,352,Johan Mojica,23.7,61,2.57,34,3,10,3,10,1,9,0.38,5,0,3,0,1,0,352,23.7,42,27,31,8,3,21,37,56.8,16,24,3,21,32,74,42,2,352,23.7,855,1163,73.5,13587,4540,498,572,87.1,251,342,73.4,81,167,48.5,4,2.8,2.5,+1.2,23,26,32,28,48,352,23.7,1491,51,356,631,528,37,1491,116,47,40.5,69,59.5,817,6006,2831,112,76,13,55,25,846,148,352,23.7,0,22,2,9.1,0.93,0.08,0.00,0.00,23.9,2,0,0,0.9,0.9,0.04,-0.9,-0.9,78
142,353,Jorge Molina,31.0,88,2.84,54,0,10,5,18,1,11,0.36,5,0,3,0,3,0,353,31.0,18,10,3,6,9,4,27,14.8,23,25,4,21,7,25,27,0,353,31.0,502,864,58.1,6546,1788,304,489,62.2,128,206,62.1,21,47,44.7,4,3.1,2.9,+0.9,33,54,29,2,72,353,31.0,1207,33,72,511,631,139,1201,67,24,35.8,43,64.2,755,2942,1139,35,25,20,95,66,1002,234,353,31.0,7,57,20,35.1,1.84,0.65,0.07,0.20,14.0,0,3,6,14.7,9.9,0.18,-7.7,-5.9,77
143,354,Daniel Molina Orta,0.1,0,0.00,0,0,0,0,0,0,0,0.00,0,0,0,0,0,0,354,0.1,0,0,0,0,0,0,0,,0,0,0,0,0,0,0,0,354,0.1,2,3,66.7,44,17,0,0,,2,3,66.7,0,0,,0,0.0,0.0,0.0,0,1,0,0,1,354,0.1,3,0,0,1,2,0,3,0,0,,0,,0,0,0,0,0,0,0,0,1,0,354,0.1,0,0,0,,0.00,0.00,,,,0,0,0,0.0,0.0,,0.0,0.0,66
144,357,Jefferson Montero,0.6,0,0.00,0,0,0,0,0,0,0,0.00,0,0,0,0,0,0,357,0.6,1,1,1,0,0,1,1,100.0,0,0,0,0,0,1,2,0,357,0.6,10,20,50.0,154,64,6,6,100.0,3,6,50.0,1,3,33.3,0,0.0,0.0,0.0,0,1,0,0,1,357,0.6,25,0,5,4,17,1,25,1,1,100.0,0,0.0,16,146,42,3,1,1,1,4,19,9,357,0.6,0,0,0,,0.00,0.00,,,,0,0,0,0.0,0.0,,0.0,0.0,60
145,361,Emre Mor,7.4,30,4.06,16,2,8,0,4,0,5,0.68,2,0,2,0,1,0,361,7.4,14,7,6,7,1,6,11,54.5,5,7,1,6,4,18,7,0,361,7.4,189,292,64.7,3004,654,106,135,78.5,57,84,67.9,18,42,42.9,2,2.2,2.1,-0.2,14,13,12,6,17,361,7.4,413,6,52,162,217,30,413,68,44,64.7,24,35.3,293,2700,1368,52,44,14,18,18,314,68,361,7.4,1,12,5,41.7,1.62,0.68,0.08,0.20,21.7,0,0,0,0.7,0.7,0.06,+0.3,+0.3,74
146,364,Gerard Moreno,37.9,107,2.82,71,0,12,12,9,3,10,0.26,6,0,0,2,1,1,364,37.9,41,28,7,22,12,12,53,22.6,41,27,6,21,19,60,46,0,364,37.9,846,1246,67.9,13940,3218,465,613,75.9,254,357,71.1,99,160,61.9,1,4.2,3.4,-3.2,43,96,30,3,139,364,37.9,1687,60,160,871,673,173,1686,113,63,55.8,50,44.2,1031,4649,1756,71,35,33,96,80,1321,252,364,37.9,16,103,45,43.7,2.72,1.19,0.15,0.33,14.4,2,1,2,15.5,13.8,0.14,+0.5,+1.2,83
147,369,Toni Moya,0.0,0,0.00,0,0,0,0,0,0,0,0.00,0,0,0,0,0,0,369,0.0,0,0,0,0,0,0,0,,0,0,0,0,0,0,0,0,369,0.0,1,1,100.0,10,0,1,1,100.0,0,0,,0,0,,0,0.0,0.0,0.0,0,0,0,0,0,369,0.0,1,0,1,0,0,0,1,0,0,,0,,0,0,0,0,0,0,0,0,0,0,369,0.0,0,0,0,,0.00,0.00,,,,0,0,0,0.0,0.0,,0.0,0.0,61
148,371,Iker Muniain,8.7,32,3.69,23,2,3,0,4,0,3,0.35,2,0,0,0,1,0,371,8.7,10,8,2,6,2,1,7,14.3,6,4,0,4,4,14,3,0,371,8.7,372,451,82.5,6433,1649,165,191,86.4,148,173,85.5,41,59,69.5,2,1.7,1.4,+0.3,15,56,20,3,79,371,8.7,540,3,28,312,212,31,540,36,22,61.1,14,38.9,376,2426,1307,38,37,7,18,21,446,56,371,8.7,4,18,10,55.6,2.08,1.15,0.22,0.40,17.1,0,0,0,2.7,2.7,0.15,+1.3,+1.3,80
149,372,Marc Muniesa,12.5,8,0.64,7,0,0,0,1,0,2,0.16,2,0,0,0,0,0,372,12.5,33,18,17,15,1,11,23,47.8,12,12,5,7,33,66,40,0,372,12.5,506,640,79.1,10263,4375,182,209,87.1,252,291,86.6,70,119,58.8,1,0.1,0.2,+0.9,1,39,1,0,50,372,12.5,764,50,354,390,28,5,764,7,5,71.4,2,28.6,436,2134,1263,8,4,1,9,2,442,6,372,12.5,0,2,1,50.0,0.16,0.08,0.00,0.00,15.0,0,0,0,0.1,0.1,0.04,-0.1,-0.1,74
150,375,Luis Muriel,17.9,52,2.91,32,1,13,4,2,0,4,0.22,1,0,3,0,0,0,375,17.9,16,9,2,8,6,2,23,8.7,21,16,2,14,3,19,4,1,375,17.9,326,445,73.3,4444,959,199,245,81.2,97,129,75.2,10,19,52.6,1,2.3,1.9,-1.3,20,27,18,1,47,375,17.9,637,6,39,251,362,98,637,59,28,47.5,31,52.5,428,2787,1658,58,32,36,37,33,467,165,375,17.9,7,58,21,36.2,3.25,1.18,0.12,0.33,16.1,3,0,0,7.4,7.4,0.13,-0.4,-0.4,80
151,376,Jeison Murillo,15.3,4,0.26,3,0,0,1,0,0,0,0.00,0,0,0,0,0,0,376,15.3,31,24,25,6,0,14,21,66.7,7,18,9,9,29,60,85,1,376,15.3,671,752,89.2,14054,5048,198,224,88.4,376,399,94.2,94,124,75.8,0,0.0,0.1,0.0,0,21,0,0,23,376,15.3,922,112,538,379,13,5,922,3,3,100.0,0,0.0,511,2144,1120,4,0,0,8,4,554,2,376,15.3,0,2,0,0.0,0.13,0.00,0.00,,12.1,0,0,0,0.1,0.1,0.07,-0.1,-0.1,81
152,379,Nacho,23.0,26,1.13,21,1,0,1,2,1,4,0.17,4,0,0,0,0,0,379,23.0,55,40,29,19,7,20,38,52.6,18,21,9,12,46,101,51,0,379,23.0,1064,1195,89.0,17838,6173,516,552,93.5,433,477,90.8,90,120,75.0,0,0.3,0.5,-0.3,5,46,5,3,70,379,23.0,1391,83,527,652,220,27,1391,10,6,60.0,4,40.0,771,2807,1260,22,14,6,16,5,906,72,379,23.0,3,9,4,44.4,0.39,0.17,0.33,0.75,13.7,0,0,0,1.1,1.1,0.12,+1.9,+1.9,71
153,381,Naldo,10.2,7,0.68,5,2,0,0,0,0,0,0.00,0,0,0,0,0,0,381,10.2,14,8,12,1,1,5,10,50.0,5,13,10,3,16,30,57,1,381,10.2,360,434,82.9,7538,2430,99,109,90.8,206,229,90.0,53,85,62.4,0,0.0,0.1,0.0,0,7,1,0,9,381,10.2,547,81,342,201,5,1,547,2,2,100.0,0,0.0,279,1280,416,0,1,0,6,1,295,0,381,10.2,0,1,0,0.0,0.10,0.00,0.00,,10.4,0,0,0,0.1,0.1,0.08,-0.1,-0.1,75
154,388,Ximo Navarro,29.0,14,0.48,10,1,1,1,1,0,1,0.03,1,0,0,0,0,0,388,29.0,63,43,44,19,0,28,50,56.0,22,27,16,11,66,129,131,4,388,29.0,1130,1372,82.4,20643,7460,473,522,90.6,523,591,88.5,113,207,54.6,1,0.5,0.4,+0.5,5,56,3,0,76,388,29.0,1691,171,918,735,61,5,1691,42,36,85.7,6,14.3,965,5276,3098,31,11,0,28,14,973,21,388,29.0,0,3,1,33.3,0.10,0.03,0.00,0.00,26.3,0,0,0,0.1,0.1,0.05,-0.1,-0.1,74
155,390,Keylor Navas,27.0,4,0.15,3,1,0,0,0,0,1,0.04,0,1,0,0,0,0,390,27.0,2,1,2,0,0,1,1,100.0,0,0,0,0,3,5,10,2,390,27.0,560,700,80.0,15660,10767,59,60,98.3,309,314,98.4,191,325,58.8,0,0.0,0.0,0.0,0,2,0,0,0,390,27.0,761,686,761,0,0,0,761,0,0,,0,,404,2096,1491,0,0,0,0,1,302,0,390,27.0,0,0,0,,0.00,0.00,,,,0,0,0,0.0,0.0,,0.0,0.0,87
156,392,Merveille Ndockyt,0.8,1,1.32,0,0,0,0,1,0,0,0.00,0,0,0,0,0,0,392,0.8,1,1,0,1,0,0,1,0.0,1,2,0,2,2,3,0,0,392,0.8,16,25,64.0,239,51,12,16,75.0,3,6,50.0,1,2,50.0,0,0.0,0.0,0.0,0,2,0,0,2,392,0.8,31,0,2,15,14,0,31,2,2,100.0,0,0.0,20,106,53,2,3,0,2,1,21,6,392,0.8,0,0,0,,0.00,0.00,,,,0,0,0,0.0,0.0,,0.0,0.0,66
157,393,Neto,33.0,4,0.12,1,3,0,0,0,0,0,0.00,0,0,0,0,0,0,393,33.0,1,1,1,0,0,1,2,50.0,1,1,0,1,1,2,8,3,393,33.0,484,820,59.0,16966,14248,56,57,98.2,198,203,97.5,227,555,40.9,0,0.0,0.0,0.0,0,1,0,0,0,393,33.0,880,789,877,2,1,1,880,0,0,,0,,346,2309,1755,0,0,0,1,0,186,0,393,33.0,0,1,0,0.0,0.03,0.00,0.00,,10.7,0,0,0,0.1,0.1,0.13,-0.1,-0.1,84
158,395,Nolito,17.8,77,4.34,62,4,3,4,3,1,13,0.73,10,0,1,0,1,1,395,17.8,49,36,21,21,7,14,33,42.4,19,17,2,15,10,59,17,0,395,17.8,461,654,70.5,7015,2553,271,320,84.7,148,200,74.0,31,72,43.1,5,4.0,4.1,+1.0,32,38,42,3,94,395,17.8,875,25,125,336,426,97,874,54,27,50.0,27,50.0,527,2791,1349,48,24,36,46,42,627,176,395,17.8,4,37,17,45.9,2.08,0.96,0.11,0.24,16.8,0,0,1,4.8,4.1,0.11,-0.8,-0.1,80
159,398,Jan Oblak,37.0,2,0.05,1,1,0,0,0,0,0,0.00,0,0,0,0,0,0,398,37.0,0,0,0,0,0,0,0,,0,0,0,0,2,2,7,0,398,37.0,505,911,55.4,17911,14751,49,49,100.0,186,190,97.9,270,668,40.4,0,0.0,0.0,0.0,2,11,0,0,0,398,37.0,964,852,962,3,0,0,964,3,3,100.0,0,0.0,417,2952,2170,0,0,0,2,0,276,0,398,37.0,0,0,0,,0.00,0.00,,,,0,0,0,0.0,0.0,,0.0,0.0,90
160,401,Paulo Oliveira,24.6,15,0.61,14,0,0,1,0,0,1,0.04,1,0,0,0,0,0,401,24.6,41,22,28,13,0,16,22,72.7,6,23,9,14,62,103,140,0,401,24.6,658,897,73.4,14770,5154,162,200,81.0,344,423,81.3,143,254,56.3,0,0.3,0.2,-0.3,5,60,2,1,67,401,24.6,1187,121,494,659,41,20,1187,2,2,100.0,0,0.0,508,2335,962,7,4,0,8,2,542,0,401,24.6,0,13,3,23.1,0.53,0.12,0.00,0.00,10.8,0,0,0,1.1,1.1,0.08,-1.1,-1.1,78
161,406,Mikel Oyarzabal,30.8,98,3.18,64,17,6,4,6,1,10,0.32,7,1,1,0,1,0,406,30.8,33,23,10,13,10,7,39,17.9,32,32,2,30,18,51,19,0,406,30.8,740,1008,73.4,10621,2571,457,543,84.2,169,228,74.1,59,114,51.8,5,5.0,3.0,0.0,43,44,30,3,93,406,30.8,1352,15,135,504,732,132,1352,82,40,48.8,42,51.2,897,5562,2700,105,87,38,84,68,1009,242,406,30.8,12,65,32,49.2,2.11,1.04,0.18,0.38,17.2,2,0,0,8.1,8.1,0.13,+3.9,+3.9,80
162,408,Fernando Pacheco,37.3,5,0.13,1,4,0,0,0,0,1,0.03,0,1,0,0,0,0,408,37.3,0,0,0,0,0,0,0,,0,1,0,1,3,3,12,4,408,37.3,580,1056,54.9,23564,20644,49,50,98.0,153,157,97.5,377,844,44.7,0,0.0,0.1,0.0,0,19,0,0,0,408,37.3,1146,973,1139,7,0,0,1146,1,1,100.0,0,0.0,470,3589,3020,0,0,0,3,0,298,0,408,37.3,0,0,0,,0.00,0.00,,,,0,0,0,0.0,0.0,,0.0,0.0,79
163,412,Daniel Parejo,33.3,150,4.50,80,57,3,3,3,4,16,0.48,10,6,0,0,0,0,412,33.3,88,57,35,43,10,31,87,35.6,56,37,10,27,34,122,27,1,412,33.3,2090,2560,81.6,41540,16326,803,905,88.7,906,1037,87.4,333,499,66.7,7,5.6,6.1,+1.4,70,295,33,3,327,412,33.3,2821,83,561,1672,623,22,2815,60,46,76.7,14,23.3,1705,7813,3714,46,30,2,33,48,1922,43,412,33.3,7,39,15,38.5,1.17,0.45,0.03,0.07,28.1,22,6,6,6.7,1.9,0.05,+0.3,-0.9,86
164,413,Thomas Partey,26.4,38,1.44,31,1,3,1,2,0,6,0.23,6,0,0,0,0,0,413,26.4,94,64,48,39,7,33,69,47.8,36,32,7,25,53,147,34,1,413,26.4,1182,1437,82.3,20409,6530,577,649,88.9,429,506,84.8,135,195,69.2,0,0.6,1.6,-0.6,12,111,19,2,134,413,26.4,1734,64,463,994,309,16,1734,53,45,84.9,8,15.1,1038,5528,2788,35,31,3,33,24,1080,40,413,26.4,3,22,3,13.6,0.83,0.11,0.14,1.00,25.7,4,0,0,1.6,1.6,0.07,+1.4,+1.4,82
165,415,Gabriel Paulista,28.7,8,0.28,7,0,0,1,0,0,1,0.03,1,0,0,0,0,0,415,28.7,47,27,41,4,2,32,46,69.6,14,30,14,16,51,98,142,2,415,28.7,1197,1379,86.8,24126,9483,368,405,90.9,655,719,91.1,165,230,71.7,0,0.1,0.3,-0.1,3,54,0,0,50,415,28.7,1678,232,975,679,37,19,1678,5,5,100.0,0,0.0,958,4840,2590,11,6,0,13,0,1015,2,415,28.7,0,16,4,25.0,0.56,0.14,0.00,0.00,14.9,1,0,0,1.2,1.2,0.08,-1.2,-1.2,82
166,417,Alfonso Pedraza,27.1,62,2.29,38,2,11,3,4,4,8,0.30,5,0,1,1,1,0,417,27.1,57,40,24,21,12,19,56,33.9,37,39,5,34,32,89,26,0,417,27.1,454,720,63.1,6895,2807,251,324,77.5,160,227,70.5,25,72,34.7,5,3.9,2.6,+1.1,30,34,21,11,69,417,27.1,1069,45,241,421,429,81,1069,98,43,43.9,54,55.1,611,4768,2562,104,56,32,60,31,614,148,417,27.1,3,43,13,30.2,1.59,0.48,0.07,0.23,20.1,0,0,0,2.8,2.8,0.07,+0.2,+0.2,76
167,426,Pablo Piatti,19.3,79,4.09,46,21,1,2,5,4,7,0.36,3,2,0,0,1,1,426,19.3,45,32,14,21,10,17,57,29.8,40,28,3,25,22,67,16,0,426,19.3,428,679,63.0,6722,2430,249,305,81.6,105,175,60.0,51,125,40.8,3,4.1,4.4,-1.1,43,35,26,15,57,426,19.3,928,10,117,370,455,47,927,49,24,49.0,25,51.0,560,3178,1432,46,27,10,46,31,583,164,426,19.3,2,29,4,13.8,1.50,0.21,0.03,0.25,20.9,1,1,1,3.1,2.3,0.08,-1.1,-1.3,79
168,430,Carles Planas,2.1,5,2.36,5,0,0,0,0,0,1,0.47,1,0,0,0,0,0,430,2.1,5,2,4,1,0,3,6,50.0,3,1,0,1,5,10,6,0,430,2.1,74,106,69.8,981,369,49,57,86.0,18,31,58.1,3,7,42.9,1,1.2,0.9,-0.2,4,3,2,2,4,430,2.1,125,4,35,43,47,6,125,1,0,0.0,1,100.0,57,223,104,2,2,1,2,1,71,10,430,2.1,0,1,0,0.0,0.47,0.00,0.00,,6.3,0,0,0,0.1,0.1,0.08,-0.1,-0.1,75
169,431,Pere Pons,28.4,47,1.65,35,0,4,3,3,2,7,0.25,6,0,1,0,0,0,431,28.4,80,54,28,48,4,23,87,26.4,64,28,3,25,30,110,25,0,431,28.4,824,1033,79.8,13993,3850,404,471,85.8,327,394,83.0,74,108,68.5,2,1.1,0.8,+0.9,11,86,7,1,116,431,28.4,1301,32,254,868,200,14,1301,57,41,71.9,16,28.1,669,3625,1743,49,31,3,50,30,784,35,431,28.4,0,14,4,28.6,0.49,0.14,0.00,0.00,21.8,0,0,0,1.2,1.2,0.08,-1.2,-1.2,78
170,432,Francisco Portillo,27.3,64,2.34,52,2,3,2,4,1,7,0.26,5,1,1,0,0,0,432,27.3,38,23,15,18,5,11,45,24.4,34,25,1,24,22,60,21,0,432,27.3,739,1020,72.5,11163,4024,418,505,82.8,229,312,73.4,57,100,57.0,3,3.5,2.8,-0.5,23,101,56,2,158,432,27.3,1276,19,177,611,504,38,1275,76,36,47.4,40,52.6,815,3294,1475,23,39,4,36,55,886,115,432,27.3,2,18,6,33.3,0.66,0.22,0.06,0.17,18.8,0,1,2,3.1,1.5,0.08,-1.1,-0.5,75
171,433,Portu,33.3,92,2.76,69,0,9,3,8,3,16,0.48,8,0,3,2,2,1,433,33.3,30,24,9,11,10,8,33,24.2,25,14,0,14,12,42,1,0,433,33.3,477,672,71.0,7134,1785,273,331,82.5,159,214,74.3,25,51,49.0,5,5.6,6.3,-0.6,39,50,33,15,74,433,33.3,984,1,72,390,552,147,984,118,50,42.4,68,57.6,685,5645,2711,115,66,42,56,75,747,232,433,33.3,11,49,25,51.0,1.47,0.75,0.22,0.44,12.9,0,0,0,8.9,8.9,0.18,+2.1,+2.1,80
172,434,Sergio Postigo,26.9,18,0.67,17,0,1,0,0,0,1,0.04,1,0,0,0,0,0,434,26.9,36,23,30,5,1,18,32,56.3,14,27,13,14,40,76,140,1,434,26.9,768,961,79.9,16597,7338,223,248,89.9,398,445,89.4,142,244,58.2,0,0.6,0.8,-0.6,5,76,4,1,71,434,26.9,1227,193,634,553,49,17,1227,11,9,81.8,2,18.2,634,3289,2139,24,7,1,11,3,680,3,434,26.9,1,7,2,28.6,0.26,0.07,0.14,0.50,21.6,0,0,0,0.3,0.3,0.05,+0.7,+0.7,75
173,438,Dani Raba,12.3,49,3.97,29,9,6,2,3,0,4,0.32,3,0,1,0,0,0,438,12.3,25,21,9,12,4,9,45,20.0,36,21,1,20,17,42,10,0,438,12.3,374,501,74.7,6629,1551,171,204,83.8,138,183,75.4,50,76,65.8,4,3.9,2.3,+0.1,25,26,11,3,52,438,12.3,674,10,82,323,278,39,674,45,27,60.0,18,40.0,420,2349,1148,38,26,18,44,32,476,97,438,12.3,2,18,5,27.8,1.46,0.41,0.11,0.40,18.2,1,0,0,2.4,2.4,0.13,-0.4,-0.4,75
174,439,Nemanja Radoja,12.3,17,1.38,13,0,1,0,1,2,3,0.24,2,0,0,0,0,1,439,12.3,18,16,6,8,4,3,8,37.5,5,8,2,6,10,28,11,0,439,12.3,523,611,85.6,8770,1890,247,281,87.9,223,250,89.2,39,51,76.5,1,0.6,0.5,+0.4,7,51,5,1,62,439,12.3,683,18,103,470,120,11,683,16,11,68.8,5,31.3,403,2156,847,19,13,1,15,15,503,33,439,12.3,0,4,2,50.0,0.33,0.16,0.00,0.00,14.8,0,0,0,0.9,0.9,0.23,-0.9,-0.9,77
175,440,Ivan Rakitić,31.5,87,2.76,69,7,1,5,2,3,15,0.48,11,1,1,1,1,0,440,31.5,52,31,16,30,6,15,45,33.3,30,42,7,35,44,96,16,0,440,31.5,2282,2575,88.6,38020,11750,1127,1202,93.8,827,905,91.4,238,325,73.2,5,3.9,4.8,+1.1,29,241,28,2,250,440,31.5,2791,56,478,1773,566,43,2791,34,26,76.5,8,23.5,1839,7896,4128,50,59,9,30,24,2214,81,440,31.5,1,28,11,39.3,0.89,0.35,0.04,0.09,22.4,0,0,0,2.0,2.0,0.07,-1.0,-1.0,87
176,446,Omar Ramos,16.1,43,2.67,28,10,1,0,3,1,3,0.19,2,1,0,0,0,0,446,16.1,22,14,6,8,8,9,22,40.9,13,16,1,15,14,36,15,0,446,16.1,362,512,70.7,5745,1590,212,246,86.2,103,140,73.6,35,95,36.8,1,1.8,1.8,-0.8,22,29,18,8,47,446,16.1,672,18,119,295,273,15,672,59,33,55.9,26,44.1,438,2621,1004,30,28,5,34,43,446,81,446,16.1,0,9,2,22.2,0.56,0.12,0.00,0.00,21.6,0,0,0,0.4,0.4,0.05,-0.4,-0.4,68
177,447,Sergio Ramos,25.4,40,1.57,35,0,1,3,0,1,4,0.16,3,0,0,1,0,0,447,25.4,40,29,22,18,0,19,28,67.9,9,22,12,10,47,87,91,0,447,25.4,1717,1921,89.4,32838,14791,708,752,94.1,765,822,93.1,227,305,74.4,1,1.7,0.9,-0.7,14,156,10,1,145,447,25.4,2151,154,984,1053,132,44,2148,11,9,81.8,2,18.2,1365,6405,3307,17,15,3,10,4,1510,13,447,25.4,4,25,12,48.0,0.98,0.47,0.08,0.17,12.8,2,2,3,5.9,3.6,0.14,-1.9,-1.6,91
178,449,Alberto Redondo,1.0,1,1.00,1,0,0,0,0,0,0,0.00,0,0,0,0,0,0,449,1.0,4,3,4,0,0,2,4,50.0,2,2,1,1,0,4,1,0,449,1.0,14,33,42.4,133,68,11,15,73.3,1,9,11.1,0,4,0.0,0,0.0,0.0,0.0,0,2,0,0,1,449,1.0,40,3,16,18,6,0,40,0,0,,0,,8,19,10,0,0,0,0,1,11,0,449,1.0,0,0,0,,0.00,0.00,,,,0,0,0,0.0,0.0,,0.0,0.0,62
179,450,Xesc Regis,0.0,0,0.00,0,0,0,0,0,0,0,0.00,0,0,0,0,0,0,450,0.0,1,1,0,1,0,0,0,,0,0,0,0,0,1,0,0,450,0.0,0,0,,0,0,0,0,,0,0,,0,0,,0,0.0,0.0,0.0,0,0,0,0,0,450,0.0,1,0,0,1,0,0,1,0,0,,0,,0,0,0,0,0,0,0,0,0,0,450,0.0,0,0,0,,0.00,0.00,,,,0,0,0,0.0,0.0,,0.0,0.0,64
180,455,Mikel Rico,13.0,23,1.77,20,1,2,0,0,0,2,0.15,2,0,0,0,0,0,455,13.0,24,13,7,16,1,12,34,35.3,22,15,5,10,23,47,12,1,455,13.0,441,554,79.6,8001,1852,192,214,89.7,184,223,82.5,53,77,68.8,0,1.1,0.6,-1.1,11,44,5,1,48,455,13.0,681,19,122,428,145,12,681,18,10,55.6,8,44.4,412,1790,655,8,17,2,16,14,403,23,455,13.0,0,13,1,7.7,1.00,0.08,0.00,0.00,19.8,0,0,0,0.7,0.7,0.05,-0.7,-0.7,75
181,457,Asier Riesgo,1.0,0,0.00,0,0,0,0,0,0,0,0.00,0,0,0,0,0,0,457,1.0,0,0,0,0,0,0,0,,0,0,0,0,0,0,0,0,457,1.0,13,33,39.4,727,716,0,0,,0,0,,13,33,39.4,0,0.0,0.0,0.0,0,1,0,0,0,457,1.0,34,29,34,0,0,0,34,0,0,,0,,12,95,84,0,0,0,0,0,5,0,457,1.0,0,0,0,,0.00,0.00,,,,0,0,0,0.0,0.0,,0.0,0.0,73
182,459,Rober,21.2,12,0.57,10,0,0,1,0,1,0,0.00,0,0,0,0,0,0,459,21.2,35,22,27,8,0,17,32,53.1,15,29,18,11,41,76,75,1,459,21.2,555,680,81.6,10831,4125,204,234,87.2,277,316,87.7,71,110,64.5,0,0.5,0.1,-0.5,2,34,0,0,45,459,21.2,883,116,451,398,40,9,883,8,8,100.0,0,0.0,381,1642,808,5,2,0,10,10,409,2,459,21.2,0,8,1,12.5,0.38,0.05,0.00,0.00,16.5,0,0,0,0.4,0.4,0.05,-0.4,-0.4,73
183,460,Roberto,34.0,3,0.09,1,2,0,0,0,0,0,0.00,0,0,0,0,0,0,460,34.0,0,0,0,0,0,0,0,,0,0,0,0,2,2,15,0,460,34.0,519,998,52.0,21747,18799,24,24,100.0,165,168,98.2,330,804,41.0,0,0.1,0.1,-0.1,2,18,0,0,0,460,34.0,1074,943,1068,5,1,1,1074,0,0,,0,,469,3027,2372,0,0,0,0,0,316,0,460,34.0,0,1,0,0.0,0.03,0.00,0.00,,8.9,0,0,0,0.1,0.1,0.14,-0.1,-0.1,77
184,461,Sergi Roberto,24.7,63,2.55,55,0,5,0,2,1,12,0.49,10,0,1,0,0,1,461,24.7,63,40,30,25,8,25,49,51.0,24,18,8,10,39,102,30,1,461,24.7,1634,1832,89.2,23188,6591,1001,1053,95.1,478,545,87.7,89,121,73.6,7,3.8,3.9,+3.2,23,119,31,4,139,461,24.7,2053,61,434,1017,626,46,2053,76,54,71.1,22,28.9,1291,7076,4083,87,64,9,26,15,1467,185,461,24.7,1,8,4,50.0,0.32,0.16,0.13,0.25,18.7,0,0,0,0.8,0.8,0.10,+0.2,+0.2,84
185,463,Marc Roca,2.9,9,3.07,8,1,0,0,0,0,2,0.68,2,0,0,0,0,0,463,2.9,8,7,3,5,0,3,4,75.0,1,4,2,2,4,12,10,0,463,2.9,151,170,88.8,2735,875,66,71,93.0,59,66,89.4,21,25,84.0,0,0.0,0.1,0.0,2,15,0,0,17,463,2.9,204,14,62,116,29,1,204,3,2,66.7,1,33.3,126,572,322,5,3,0,3,1,135,0,463,2.9,0,4,0,0.0,1.36,0.00,0.00,,28.3,0,0,0,0.1,0.1,0.03,-0.1,-0.1,75
186,465,Rodri,35.9,69,1.92,60,2,2,2,1,2,7,0.20,7,0,0,0,0,0,465,35.9,104,71,50,48,6,30,86,34.9,56,49,21,28,52,156,100,1,465,35.9,2227,2483,89.7,40468,11625,975,1067,91.4,953,1039,91.7,265,308,86.0,3,1.7,1.3,+1.3,23,162,5,0,208,465,35.9,2864,151,901,1726,264,33,2864,29,26,89.7,3,10.3,1619,8308,3591,28,31,4,23,22,1950,26,465,35.9,1,32,10,31.3,0.89,0.28,0.03,0.10,20.1,0,0,0,1.5,1.5,0.05,-0.5,-0.5,82
187,466,Rodrigo,29.8,92,3.09,68,0,10,7,7,0,17,0.57,10,0,3,2,2,0,466,29.8,23,13,9,12,2,3,21,14.3,18,14,2,12,17,40,11,1,466,29.8,688,928,74.1,10085,2192,370,453,81.7,221,299,73.9,46,80,57.5,4,4.0,2.9,0.0,35,74,28,4,116,466,29.8,1220,10,81,577,588,140,1219,78,44,56.4,34,43.6,900,5538,2673,105,78,34,74,57,1041,264,466,29.8,16,91,37,40.7,3.05,1.24,0.16,0.41,16.5,2,1,1,13.5,12.8,0.14,+2.5,+2.2,84
188,474,Facundo Roncaglia,16.6,11,0.66,8,0,0,2,0,1,0,0.00,0,0,0,0,0,0,474,16.6,35,25,30,5,0,22,36,61.1,14,18,6,12,31,66,50,1,474,16.6,945,1083,87.3,19810,6810,286,305,93.8,507,536,94.6,147,224,65.6,0,0.1,0.2,-0.1,2,52,2,0,60,474,16.6,1228,98,641,561,32,8,1228,9,9,100.0,0,0.0,789,4451,2436,13,7,0,10,8,861,9,474,16.6,0,5,1,20.0,0.30,0.06,0.00,0.00,18.9,0,0,0,0.3,0.3,0.06,-0.3,-0.3,75
189,477,Aitor Ruibal,0.1,0,0.00,0,0,0,0,0,0,0,0.00,0,0,0,0,0,0,477,0.1,0,0,0,0,0,0,0,,0,0,0,0,0,0,0,0,477,0.1,4,4,100.0,33,5,4,4,100.0,0,0,,0,0,,0,0.0,0.0,0.0,0,0,0,0,0,477,0.1,7,0,2,3,2,0,7,0,0,,0,,8,17,7,0,0,0,2,1,6,3,477,0.1,0,0,0,,0.00,0.00,,,,0,0,0,0.0,0.0,,0.0,0.0,72
190,484,Armando Sadiku,3.0,5,1.69,3,0,0,2,0,0,0,0.00,0,0,0,0,0,0,484,3.0,1,1,0,1,0,0,1,0.0,1,4,2,2,2,3,2,0,484,3.0,53,71,74.6,687,179,31,39,79.5,18,23,78.3,0,2,0.0,0,0.0,0.0,0.0,1,5,0,0,6,484,3.0,104,6,15,52,39,10,104,4,2,50.0,2,50.0,44,152,25,1,1,1,8,2,65,16,484,3.0,0,5,2,40.0,1.69,0.67,0.00,0.00,18.6,0,0,0,0.2,0.2,0.04,-0.2,-0.2,69
191,485,Sergi Samper,1.6,1,0.63,1,0,0,0,0,0,0,0.00,0,0,0,0,0,0,485,1.6,10,4,4,6,0,2,3,66.7,1,0,0,0,0,10,0,0,485,1.6,69,84,82.1,1088,231,33,38,86.8,28,33,84.8,4,8,50.0,0,0.0,0.0,0.0,0,2,0,0,4,485,1.6,96,2,26,64,8,0,96,4,3,75.0,1,25.0,67,356,171,3,1,0,3,1,71,1,485,1.6,0,0,0,,0.00,0.00,,,,0,0,0,0.0,0.0,,0.0,0.0,73
192,486,Jairo Samperio,6.2,10,1.62,9,0,1,0,0,0,0,0.00,0,0,0,0,0,0,486,6.2,9,6,2,6,1,3,13,23.1,10,5,1,4,1,10,5,0,486,6.2,96,155,61.9,1406,401,58,79,73.4,30,46,65.2,5,13,38.5,0,0.4,0.2,-0.4,4,6,5,2,18,486,6.2,206,9,38,85,87,21,206,16,10,62.5,6,37.5,130,685,376,12,10,2,9,10,136,44,486,6.2,0,9,1,11.1,1.46,0.16,0.00,0.00,18.4,0,0,0,0.7,0.7,0.08,-0.7,-0.7,67
193,488,Antonio Sanabria,9.5,11,1.16,7,0,2,1,1,0,3,0.32,1,0,1,0,1,0,488,9.5,8,8,0,4,4,0,3,0.0,3,5,0,5,4,12,6,0,488,9.5,126,174,72.4,1696,210,74,93,79.6,32,50,64.0,6,7,85.7,0,0.1,0.7,-0.1,4,5,0,0,7,488,9.5,264,7,20,139,107,34,264,11,6,54.5,5,45.5,158,723,233,11,7,6,28,8,197,51,488,9.5,8,24,12,50.0,2.53,1.27,0.33,0.67,10.8,0,0,0,5.1,5.1,0.21,+2.9,+2.9,79
194,493,Nicola Sansone,7.1,23,3.26,14,3,3,1,2,0,3,0.43,1,0,0,0,2,0,493,7.1,8,4,2,4,2,2,17,11.8,15,1,0,1,1,9,2,0,493,7.1,177,239,74.1,2538,596,112,135,83.0,44,60,73.3,12,18,66.7,1,1.3,1.1,-0.3,13,14,7,1,17,493,7.1,305,2,27,140,144,30,304,16,10,62.5,6,37.5,217,1214,628,22,12,8,19,14,254,75,493,7.1,5,14,6,42.9,1.98,0.85,0.29,0.67,24.1,2,1,1,2.9,2.1,0.15,+2.1,+1.9,76
195,495,Pablo Sarabia,26.6,98,3.68,69,10,11,6,2,0,13,0.49,6,1,3,2,1,0,495,26.6,27,19,10,13,4,11,49,22.4,38,39,1,38,30,57,34,1,495,26.6,865,1178,73.4,12670,4209,510,589,86.6,256,343,74.6,55,134,41.0,5,6.5,5.6,-1.5,46,68,55,12,136,495,26.6,1489,28,208,627,666,110,1488,45,21,46.7,24,53.3,962,4961,2643,91,57,28,59,45,1028,229,495,26.6,6,56,25,44.6,2.10,0.94,0.09,0.20,19.3,2,1,1,7.3,6.5,0.12,-1.3,-1.5,81
196,497,Stefan Savić,25.5,10,0.39,7,1,0,0,1,1,0,0.00,0,0,0,0,0,0,497,25.5,30,20,23,7,0,16,39,41.0,23,38,23,15,45,75,150,1,497,25.5,809,994,81.4,16894,6144,270,299,90.3,384,427,89.9,145,242,59.9,0,0.2,0.2,-0.2,3,54,5,0,52,497,25.5,1269,190,731,525,18,6,1269,4,4,100.0,0,0.0,657,2911,1637,7,4,0,8,1,728,3,497,25.5,0,3,1,33.3,0.12,0.04,0.00,0.00,11.8,0,0,0,0.2,0.2,0.07,-0.2,-0.2,83
197,502,Gaku Shibasaki,11.1,27,2.43,14,6,1,0,1,5,1,0.09,0,0,0,0,0,1,502,11.1,21,10,8,10,3,6,21,28.6,15,6,1,5,19,40,9,0,502,11.1,256,357,71.7,4278,976,121,155,78.1,91,120,75.8,26,50,52.0,0,0.9,1.0,-0.9,9,24,4,4,28,502,11.1,464,6,65,236,168,18,464,17,12,70.6,5,29.4,253,1208,553,12,10,2,22,17,283,45,502,11.1,1,10,3,30.0,0.90,0.27,0.10,0.33,20.1,0,0,0,0.9,0.9,0.09,+0.1,+0.1,77
198,503,Sidnei,19.8,13,0.66,8,0,1,3,0,1,4,0.20,3,0,1,0,0,0,503,19.8,41,28,30,11,0,18,25,72.0,7,26,9,17,31,72,101,1,503,19.8,642,769,83.5,13907,4492,185,203,91.1,329,372,88.4,121,181,66.9,1,0.5,0.5,+0.5,5,24,6,2,44,503,19.8,987,143,573,388,42,23,987,21,16,76.2,5,23.8,509,3284,1525,15,9,4,14,3,525,3,503,19.8,1,8,2,25.0,0.40,0.10,0.13,0.50,10.0,0,0,0,1.0,1.0,0.13,0.0,0.0,79
199,504,Jaime Sierra Mateos,0.3,0,0.00,0,0,0,0,0,0,0,0.00,0,0,0,0,0,0,504,0.3,1,1,1,0,0,0,1,0.0,1,0,0,0,1,2,0,0,504,0.3,3,5,60.0,39,5,2,4,50.0,1,1,100.0,0,0,,0,0.0,0.0,0.0,0,0,0,0,0,504,0.3,9,0,3,4,2,0,9,0,0,,0,,2,11,3,0,0,0,0,0,3,0,504,0.3,0,0,0,,0.00,0.00,,,,0,0,0,0.0,0.0,,0.0,0.0,63
200,506,Dimitris Siovas,22.9,14,0.61,6,1,1,4,0,2,1,0.04,0,0,0,1,0,0,506,22.9,48,33,43,5,0,29,46,63.0,17,27,12,15,62,110,89,0,506,22.9,547,744,73.5,10832,3917,188,228,82.5,275,340,80.9,76,153,49.7,1,0.7,0.1,+0.3,2,21,1,0,44,506,22.9,998,97,577,386,51,31,998,12,8,66.7,4,33.3,448,2573,1392,11,8,0,10,4,421,1,506,22.9,1,18,2,11.1,0.79,0.09,0.06,0.50,13.9,1,0,0,1.7,1.7,0.10,-0.7,-0.7,72
201,507,Pione Sisto,28.0,97,3.47,60,11,8,7,11,0,14,0.50,9,2,0,1,2,0,507,28.0,18,12,8,6,4,9,33,27.3,24,12,1,11,12,30,7,1,507,28.0,863,1075,80.3,14422,3380,472,532,88.7,254,314,80.9,108,169,63.9,10,5.1,5.0,+4.9,41,65,48,17,108,507,28.0,1362,15,173,621,592,74,1362,131,75,57.3,56,42.7,1077,7684,3524,110,93,33,67,85,1113,235,507,28.0,5,52,19,36.5,1.86,0.68,0.10,0.26,20.9,3,0,0,4.7,4.7,0.09,+0.3,+0.3,78
202,508,Antonio Sivera,0.7,0,0.00,0,0,0,0,0,0,0,0.00,0,0,0,0,0,0,508,0.7,0,0,0,0,0,0,0,,0,0,0,0,0,0,0,0,508,0.7,7,15,46.7,311,279,1,1,100.0,1,1,100.0,5,13,38.5,0,0.0,0.0,0.0,0,0,0,0,0,508,0.7,16,14,16,0,0,0,16,0,0,,0,,7,46,44,0,0,0,0,0,4,0,508,0.7,0,0,0,,0.00,0.00,,,,0,0,0,0.0,0.0,,0.0,0.0,70
203,510,Carlos Soler,26.3,71,2.70,55,2,6,4,3,1,8,0.30,6,0,0,1,0,1,510,26.3,51,32,21,21,9,22,53,41.5,31,25,1,24,5,56,19,0,510,26.3,814,1002,81.2,13201,3615,437,486,89.9,288,343,84.0,67,112,59.8,4,3.7,3.7,+0.3,34,87,29,7,101,510,26.3,1269,29,196,641,450,57,1269,56,26,46.4,30,53.6,860,5366,2677,69,47,17,50,38,936,156,510,26.3,1,45,17,37.8,1.71,0.65,0.02,0.06,21.0,0,0,0,4.2,4.2,0.09,-3.2,-3.2,80
204,512,David Soria,14.0,2,0.14,1,1,0,0,0,0,1,0.07,1,0,0,0,0,0,512,14.0,1,0,1,0,0,1,1,100.0,0,0,0,0,2,3,13,2,512,14.0,273,377,72.4,8315,6742,29,29,100.0,132,137,96.4,111,210,52.9,0,0.0,0.0,0.0,0,3,0,0,0,512,14.0,424,381,424,1,0,0,424,0,0,,0,,184,974,742,0,1,1,0,0,139,0,512,14.0,0,0,0,,0.00,0.00,,,,0,0,0,0.0,0.0,,0.0,0.0,78
205,513,Roberto Soriano,12.7,25,1.98,18,1,0,1,3,2,0,0.00,0,0,0,0,0,0,513,12.7,30,20,10,16,4,3,16,18.8,13,14,0,14,4,34,9,0,513,12.7,395,511,77.3,5515,1416,249,293,85.0,113,138,81.9,16,29,55.2,0,0.7,0.8,-0.7,13,38,11,4,49,513,12.7,629,8,95,325,219,28,629,21,14,66.7,7,33.3,415,2573,1268,35,28,3,18,23,503,78,513,12.7,0,21,6,28.6,1.66,0.47,0.00,0.00,21.9,0,0,0,1.6,1.6,0.08,-1.6,-1.6,68
206,514,Cristhian Stuani,30.1,44,1.46,23,1,3,7,9,1,6,0.20,0,0,3,0,3,0,514,30.1,22,14,2,17,3,3,29,10.3,26,10,0,10,5,27,32,0,514,30.1,329,500,65.8,4250,566,220,309,71.2,83,133,62.4,9,15,60.0,0,1.3,0.8,-1.3,13,24,4,0,35,514,30.1,756,29,63,413,290,111,751,27,15,55.6,12,44.4,361,1571,468,15,10,8,59,33,534,96,514,30.1,21,69,32,46.4,2.29,1.06,0.23,0.50,13.3,0,5,5,17.6,13.6,0.20,+3.4,+2.4,80
207,520,Markel Susaeta,25.2,100,3.98,41,37,5,8,8,1,5,0.20,2,2,0,1,0,0,520,25.2,42,29,16,15,11,16,65,24.6,49,17,0,17,18,60,13,0,520,25.2,746,1013,73.6,12787,3245,368,428,86.0,254,314,80.9,100,205,48.8,2,5.3,4.9,-3.3,54,65,23,14,85,520,25.2,1234,14,134,551,567,60,1233,71,37,52.1,34,47.9,816,5269,2181,61,46,18,43,47,859,167,520,25.2,3,27,12,44.4,1.07,0.48,0.11,0.25,19.3,3,0,0,2.0,2.0,0.08,+1.0,+1.0,80
208,523,Cristian Tello,18.8,52,2.76,36,1,10,0,3,2,9,0.48,6,0,2,0,0,1,523,18.8,32,24,12,14,6,7,37,18.9,30,19,0,19,16,48,4,1,523,18.8,549,724,75.8,8029,1725,332,400,83.0,167,223,74.9,32,52,61.5,3,3.7,2.2,-0.7,25,28,17,4,46,523,18.8,885,5,114,413,369,55,885,62,42,67.7,20,32.3,631,3809,2035,69,35,35,29,20,651,115,523,18.8,4,34,17,50.0,1.81,0.90,0.12,0.24,20.8,1,0,0,2.2,2.2,0.07,+1.8,+1.8,80
209,525,David Timor,10.3,12,1.17,10,1,0,0,0,1,1,0.10,1,0,0,0,0,0,525,10.3,17,10,7,7,3,7,18,38.9,11,10,5,5,20,37,30,1,525,10.3,379,470,80.6,7227,2560,172,192,89.6,136,160,85.0,53,87,60.9,0,0.2,0.2,-0.2,6,45,1,0,51,525,10.3,572,29,170,332,74,3,572,3,1,33.3,2,66.7,273,1037,504,5,5,0,8,8,335,7,525,10.3,2,12,5,41.7,1.17,0.49,0.17,0.40,32.1,3,0,0,1.0,1.0,0.08,+1.0,+1.0,76
210,526,Tito,6.8,3,0.44,3,0,0,0,0,0,1,0.15,1,0,0,0,0,0,526,6.8,8,5,5,3,0,6,18,33.3,12,12,5,7,12,20,16,0,526,6.8,215,294,73.1,3192,1487,126,140,90.0,65,95,68.4,14,38,36.8,0,0.0,0.2,0.0,0,13,5,3,21,526,6.8,358,19,127,170,62,3,358,3,1,33.3,2,66.7,148,611,330,10,10,2,5,1,183,17,526,6.8,0,1,0,0.0,0.15,0.00,0.00,,20.6,0,0,0,0.0,0.0,0.03,0.0,0.0,72
211,528,Toño,12.0,20,1.67,14,2,1,2,1,0,2,0.17,2,0,0,0,0,0,528,12.0,12,11,11,1,0,5,10,50.0,5,4,0,4,6,18,29,0,528,12.0,443,589,75.2,7402,2914,247,275,89.8,145,193,75.1,45,97,46.4,1,1.0,0.7,0.0,7,44,12,7,49,528,12.0,680,29,170,318,203,9,680,31,24,77.4,7,22.6,383,2535,1646,44,32,6,15,10,399,53,528,12.0,0,2,1,50.0,0.17,0.08,0.00,0.00,18.0,0,0,0,0.1,0.1,0.05,-0.1,-0.1,75
212,529,Daniel Torres,13.5,15,1.11,13,0,1,0,0,1,1,0.07,1,0,0,0,0,0,529,13.5,19,11,14,5,0,7,31,22.6,24,15,7,8,19,38,32,2,529,13.5,420,514,81.7,7635,2847,190,212,89.6,172,203,84.7,52,76,68.4,0,0.3,0.5,-0.3,7,53,5,1,56,529,13.5,625,62,187,386,61,4,625,10,9,90.0,1,10.0,330,1415,651,4,5,1,14,6,372,13,529,13.5,0,4,2,50.0,0.30,0.15,0.00,0.00,23.3,0,0,0,0.1,0.1,0.03,-0.1,-0.1,77
213,535,Manu Trigueros,30.0,87,2.90,66,15,2,0,4,0,8,0.27,7,1,0,0,0,0,535,30.0,61,41,23,34,4,21,71,29.6,50,38,13,25,22,83,44,0,535,30.0,1612,1912,84.3,29669,8839,714,777,91.9,651,738,88.2,218,308,70.8,4,3.8,3.5,+0.2,43,191,28,5,189,535,30.0,2161,80,460,1296,437,29,2159,46,33,71.7,13,28.3,1302,6298,2832,43,36,7,35,34,1600,77,535,30.0,3,26,6,23.1,0.87,0.20,0.08,0.33,27.2,2,1,2,2.8,1.2,0.05,+0.2,+0.8,83
214,537,Samuel Umtiti,24.3,10,0.41,9,0,0,0,1,0,1,0.04,0,0,0,0,1,0,537,24.3,50,35,35,15,0,20,29,69.0,9,25,17,8,37,87,72,3,537,24.3,1483,1628,91.1,26965,9644,587,622,94.4,736,778,94.6,143,189,75.7,0,0.1,0.3,-0.1,1,115,1,0,112,537,24.3,1821,165,816,966,48,16,1821,11,8,72.7,3,27.3,1207,6754,4594,37,14,1,16,5,1321,10,537,24.3,1,9,5,55.6,0.37,0.21,0.11,0.20,11.1,0,0,0,0.7,0.7,0.08,+0.3,+0.3,87
215,538,Enes Ünal,12.5,33,2.64,19,0,3,6,4,1,5,0.40,3,0,0,2,0,0,538,12.5,9,5,0,4,5,0,12,0.0,12,16,3,13,4,13,11,0,538,12.5,205,286,71.7,2352,582,146,179,81.6,43,65,66.2,3,5,60.0,2,1.7,1.6,+0.3,9,12,3,0,19,538,12.5,451,16,38,213,203,41,451,22,9,40.9,13,59.1,265,1348,569,22,14,9,37,36,358,71,538,12.5,5,36,18,50.0,2.87,1.44,0.14,0.28,17.7,6,0,0,4.9,4.9,0.14,+0.1,+0.1,78
216,539,Enes Ünal,6.6,15,2.27,12,0,0,1,2,0,1,0.15,1,0,0,0,0,0,539,6.6,6,6,2,2,2,1,10,10.0,9,7,1,6,2,8,5,0,539,6.6,104,140,74.3,1173,195,71,94,75.5,24,34,70.6,0,1,0.0,1,0.5,0.2,+0.5,5,7,1,0,9,539,6.6,211,6,13,100,99,24,211,5,0,0.0,5,100.0,122,381,136,4,8,3,28,12,158,26,539,6.6,1,8,4,50.0,1.21,0.60,0.13,0.25,13.6,0,0,0,1.6,1.6,0.20,-0.6,-0.6,78
217,544,Federico Valverde,13.7,28,2.04,23,1,2,2,0,0,1,0.07,1,0,0,0,0,0,544,13.7,25,16,12,10,3,8,15,53.3,7,12,1,11,21,46,17,0,544,13.7,447,593,75.4,7941,2267,237,282,84.0,145,192,75.5,55,77,71.4,0,0.9,1.0,-0.9,11,56,10,2,66,544,13.7,718,14,132,436,157,15,718,13,7,53.8,6,46.2,397,1975,985,15,6,1,23,5,483,51,544,13.7,0,18,4,22.2,1.31,0.29,0.00,0.00,26.4,0,0,0,0.8,0.8,0.04,-0.8,-0.8,73
218,545,Raphaël Varane,25.8,15,0.58,13,0,0,2,0,0,2,0.08,1,0,0,1,0,0,545,25.8,28,19,20,7,1,8,15,53.3,7,27,10,17,33,61,109,2,545,25.8,1211,1339,90.4,24144,8452,434,460,94.3,591,635,93.1,169,214,79.0,1,0.5,0.2,+0.5,6,86,2,0,66,545,25.8,1558,152,795,725,54,20,1558,11,9,81.8,2,18.2,982,5111,2412,12,11,2,8,5,1035,4,545,25.8,0,10,2,20.0,0.39,0.08,0.00,0.00,10.0,0,0,0,1.0,1.0,0.10,-1.0,-1.0,86
219,548,Koke Vegas,1.0,0,0.00,0,0,0,0,0,0,0,0.00,0,0,0,0,0,0,548,1.0,0,0,0,0,0,0,0,,0,0,0,0,0,0,1,0,548,1.0,15,29,51.7,481,392,2,2,100.0,6,6,100.0,7,21,33.3,0,0.0,0.0,0.0,0,0,0,0,0,548,1.0,33,30,33,0,0,0,33,0,0,,0,,12,71,51,0,0,0,0,0,9,0,548,1.0,0,0,0,,0.00,0.00,,,,0,0,0,0.0,0.0,,0.0,0.0,68
220,550,Thomas Vermaelen,11.3,7,0.62,5,0,0,0,0,2,1,0.09,1,0,0,0,0,0,550,11.3,13,9,7,5,1,5,11,45.5,6,10,3,7,18,31,28,0,550,11.3,603,650,92.8,12304,3928,187,193,96.9,320,338,94.7,91,105,86.7,1,0.4,0.1,+0.6,3,22,2,0,43,550,11.3,725,54,326,387,13,4,725,2,1,50.0,1,50.0,468,2161,1134,2,1,0,4,1,527,1,550,11.3,0,3,2,66.7,0.27,0.18,0.00,0.00,8.8,0,0,0,0.3,0.3,0.10,-0.3,-0.3,77
221,551,Mikel Vesga,9.0,17,1.90,15,1,0,0,1,0,3,0.33,3,0,0,0,0,0,551,9.0,17,8,6,11,0,4,25,16.0,21,14,3,11,8,25,15,0,551,9.0,327,404,80.9,6069,1464,136,158,86.1,141,172,82.0,42,57,73.7,1,0.5,0.5,+0.5,7,29,5,2,42,551,9.0,484,17,86,303,101,12,484,10,7,70.0,3,30.0,272,1299,614,11,13,2,10,18,302,15,551,9.0,1,7,4,57.1,0.78,0.45,0.14,0.25,14.7,0,0,0,1.1,1.1,0.16,-0.1,-0.1,72
222,553,Aleix Vidal,5.1,9,1.76,7,1,0,1,0,0,2,0.39,2,0,0,0,0,0,553,5.1,6,4,2,3,1,1,10,10.0,9,4,0,4,9,15,1,0,553,5.1,207,275,75.3,3005,827,111,130,85.4,70,87,80.5,13,26,50.0,1,1.2,0.7,-0.2,4,13,9,0,27,553,5.1,324,3,46,139,145,29,324,10,3,30.0,7,70.0,216,952,421,12,7,6,10,7,257,72,553,5.1,1,8,6,75.0,1.57,1.17,0.13,0.17,13.9,0,0,0,1.3,1.3,0.16,-0.3,-0.3,77
223,554,Nacho Vidal,5.0,5,1.01,3,0,1,0,1,0,0,0.00,0,0,0,0,0,0,554,5.0,17,14,15,1,1,14,22,63.6,8,5,2,3,10,27,18,0,554,5.0,176,221,79.6,2842,1050,97,107,90.7,64,81,79.0,12,24,50.0,0,0.0,0.2,0.0,1,11,2,2,12,554,5.0,282,16,97,139,46,4,282,4,3,75.0,1,25.0,131,590,327,6,3,2,6,0,142,17,554,5.0,1,3,2,66.7,0.60,0.40,0.33,0.50,18.7,0,0,0,0.4,0.4,0.13,+0.6,+0.6,85
224,558,Carlos Vigaray,9.9,13,1.31,8,2,0,0,2,1,0,0.00,0,0,0,0,0,0,558,9.9,27,16,16,9,2,11,16,68.8,5,5,1,4,14,41,13,0,558,9.9,238,347,68.6,3958,1597,115,141,81.6,91,133,68.4,22,50,44.0,0,0.1,0.2,-0.1,2,18,3,0,18,558,9.9,431,27,154,199,85,4,431,10,3,30.0,7,70.0,191,1239,615,15,13,0,15,5,191,17,558,9.9,0,4,1,25.0,0.40,0.10,0.00,0.00,16.5,0,0,0,0.3,0.3,0.07,-0.3,-0.3,72
225,560,Vitolo,7.7,29,3.79,20,0,6,0,3,0,2,0.26,1,0,1,0,0,0,560,7.7,15,12,9,5,1,4,17,23.5,13,10,3,7,6,21,9,0,560,7.7,307,369,83.2,3854,1014,208,230,90.4,75,86,87.2,7,15,46.7,0,0.8,1.1,-0.8,7,19,10,0,34,560,7.7,442,9,60,230,159,29,442,28,17,60.7,11,39.3,341,2129,1179,36,24,13,12,10,366,63,560,7.7,1,6,4,66.7,0.78,0.52,0.17,0.25,12.1,0,0,0,0.7,0.7,0.11,+0.3,+0.3,81
226,561,Vitolo,6.9,14,2.04,7,0,3,0,4,0,2,0.29,2,0,0,0,0,0,561,6.9,9,6,4,3,2,3,15,20.0,12,10,1,9,6,15,5,0,561,6.9,235,304,77.3,2885,743,149,174,85.6,56,69,81.2,6,13,46.2,2,0.6,0.4,+1.4,3,17,8,0,24,561,6.9,384,7,66,193,130,24,384,22,17,77.3,5,22.7,255,1870,1009,29,19,9,16,16,286,54,561,6.9,1,8,2,25.0,1.17,0.29,0.13,0.50,13.5,0,0,0,1.4,1.4,0.17,-0.4,-0.4,81
227,563,Wakaso,12.2,22,1.80,14,2,0,3,3,0,2,0.16,2,0,0,0,0,0,563,12.2,43,30,25,15,3,13,39,33.3,26,22,1,21,35,78,21,0,563,12.2,330,480,68.8,6784,2151,125,148,84.5,123,172,71.5,72,134,53.7,1,0.6,0.4,+0.4,9,27,2,1,37,563,12.2,630,26,179,352,109,5,630,24,17,70.8,7,29.2,341,2063,898,18,13,1,11,11,328,20,563,12.2,0,10,0,0.0,0.82,0.00,0.00,,28.1,1,0,0,0.7,0.7,0.07,-0.7,-0.7,74
228,564,Daniel Wass,32.6,103,3.16,65,26,0,4,5,3,12,0.37,7,4,0,1,0,0,564,32.6,30,21,8,18,4,8,25,32.0,17,23,3,20,30,60,47,0,564,32.6,1257,1676,75.0,19875,6057,690,801,86.1,425,547,77.7,94,216,43.5,8,6.4,4.8,+1.6,54,118,46,19,139,564,32.6,1950,59,287,974,703,62,1950,24,11,45.8,13,54.2,1049,4373,1968,63,40,11,43,35,1338,200,564,32.6,4,52,11,21.2,1.60,0.34,0.08,0.36,24.9,21,0,0,3.7,3.7,0.07,+0.3,+0.3,82
229,565,Axel Werner,1.0,0,0.00,0,0,0,0,0,0,0,0.00,0,0,0,0,0,0,565,1.0,0,0,0,0,0,0,0,,0,0,0,0,0,0,1,0,565,1.0,5,17,29.4,223,205,0,0,,1,1,100.0,4,16,25.0,0,0.0,0.0,0.0,0,0,0,0,0,565,1.0,19,18,19,0,0,0,19,0,0,,0,,8,85,80,0,0,0,0,0,4,0,565,1.0,0,0,0,,0.00,0.00,,,,0,0,0,0.0,0.0,,0.0,0.0,72
230,566,Iñaki Williams,31.7,73,2.30,52,0,7,8,5,1,10,0.32,7,0,2,1,0,0,566,31.7,28,17,11,15,2,8,41,19.5,33,24,2,22,17,45,13,0,566,31.7,555,761,72.9,8171,1619,311,383,81.2,177,241,73.4,39,58,67.2,6,5.0,5.2,+1.0,33,29,31,11,64,566,31.7,1140,16,105,402,654,186,1140,121,61,50.4,60,49.6,772,5309,2294,90,61,54,89,63,853,261,566,31.7,7,74,26,35.1,2.34,0.82,0.09,0.27,14.1,0,0,0,9.2,9.2,0.12,-2.2,-2.2,81
231,567,Yoel,1.0,0,0.00,0,0,0,0,0,0,0,0.00,0,0,0,0,0,0,567,1.0,0,0,0,0,0,0,0,,0,0,0,0,0,0,2,0,567,1.0,14,40,35.0,746,742,0,0,,0,0,,14,40,35.0,0,0.0,0.0,0.0,0,0,0,0,0,567,1.0,46,34,45,1,0,0,46,0,0,,0,,23,196,116,0,0,0,0,0,11,0,567,1.0,0,0,0,,0.00,0.00,,,,0,0,0,0.0,0.0,,0.0,0.0,77
232,570,Nabil El Zhar,22.0,61,2.77,35,5,8,4,8,1,4,0.18,3,0,1,0,0,0,570,22.0,11,6,4,6,1,3,18,16.7,15,14,1,13,18,29,3,0,570,22.0,469,644,72.8,7069,2171,280,337,83.1,130,181,71.8,40,73,54.8,2,2.3,2.8,-0.3,25,55,22,10,97,570,22.0,871,4,104,401,390,47,871,92,49,53.3,43,46.7,611,3829,1981,67,41,13,55,40,635,132,570,22.0,2,45,14,31.1,2.04,0.64,0.04,0.14,19.6,0,0,0,3.8,3.8,0.09,-1.8,-1.8,76
233,571,Luca Zidane,1.0,0,0.00,0,0,0,0,0,0,0,0.00,0,0,0,0,0,0,571,1.0,0,0,0,0,0,0,1,0.0,1,0,0,0,0,0,0,0,571,1.0,30,32,93.8,725,327,2,2,100.0,22,22,100.0,6,8,75.0,0,0.0,0.0,0.0,0,0,0,0,0,571,1.0,33,31,33,0,0,0,33,0,0,,0,,20,99,54,0,0,0,0,0,15,0,571,1.0,0,0,0,,0.00,0.00,,,,0,0,0,0.0,0.0,,0.0,0.0,63
234,572,Igor Zubeldia,17.6,22,1.25,16,0,0,2,0,4,4,0.23,3,0,0,0,0,1,572,17.6,39,29,17,16,6,14,42,33.3,28,20,5,15,32,71,31,0,572,17.6,810,944,85.8,15702,3292,305,348,87.6,387,426,90.8,106,137,77.4,2,0.2,0.4,+1.8,6,65,6,1,72,572,17.6,1097,43,296,664,145,4,1097,10,9,90.0,1,10.0,659,3712,1756,14,14,0,12,12,726,10,572,17.6,1,20,3,15.0,1.14,0.17,0.05,0.33,27.9,0,0,0,0.6,0.6,0.03,+0.4,+0.4,73
235,573,David Zurutuza,24.9,46,1.85,39,0,0,0,5,2,6,0.24,6,0,0,0,0,0,573,24.9,49,36,22,25,2,20,49,40.8,29,32,10,22,41,90,24,1,573,24.9,987,1165,84.7,16088,4090,512,580,88.3,374,427,87.6,80,104,76.9,2,1.2,1.4,+0.8,11,125,11,1,118,573,24.9,1376,42,258,910,227,24,1376,22,14,63.6,8,36.4,847,4301,1913,38,25,2,28,37,964,40,573,24.9,0,14,3,21.4,0.56,0.12,0.00,0.00,17.6,1,0,0,2.0,2.0,0.14,-2.0,-2.0,77
