,,,,,,,,Touches,Touches,Touches,Touches,Touches,Touches,Touches,Dribbles,Dribbles,Dribbles,Dribbles,Dribbles,Carries,Carries,Carries,Carries,Carries,Carries,Carries,Carries,Receiving,Receiving,Receiving,Receiving,,-additional
Rk,Player,Nation,Pos,Squad,Age,Born,90s,Touches,Def Pen,Def 3rd,Mid 3rd,Att 3rd,Att Pen,Live,Succ,Att,Succ%,#Pl,Megs,Carries,TotDist,PrgDist,Prog,1/3,CPA,Mis,Dis,Targ,Rec,Rec%,Prog,Matches,-9999
1,Antonio Adán,es ESP,GK,Atlético Madrid,31,1987,1.0,28,27,28,0,0,0,17,0,0,,0,0,11,85,51,0,0,0,0,0,9,9,100.0,0,Matches,65d62814
2,Aday,es ESP,DFMF,Girona,30,1987,7.2,386,19,94,196,138,7,321,11,15,73.3,11,0,258,1892,1057,52,22,4,4,5,267,236,88.4,20,Matches,5890cef1
3,Aritz Aduriz,es ESP,FW,Athletic Club,37,1981,10.5,326,3,19,161,158,44,314,7,12,58.3,7,1,183,613,222,14,7,1,28,7,477,262,54.9,92,Matches,293211e1
4,Luis Advíncula,pe PER,DF,Rayo Vallecano,28,1990,26.5,1470,82,453,704,415,31,1257,41,66,62.1,45,1,987,4455,2438,92,30,5,32,32,1007,867,86.1,68,Matches,cacadf4f
5,Martin Agirregabiria,es ESP,DF,Alavés,22,1996,22.6,1208,88,392,634,253,8,997,28,39,71.8,29,1,642,3211,2053,80,27,4,18,14,635,570,89.8,27,Matches,355c883a
6,Juan Aguilera,es ESP,MF,Huesca,32,1985,3.8,212,4,28,154,42,4,208,1,2,50.0,2,0,156,739,405,16,7,1,2,2,167,150,89.8,4,Matches,18dc8533
7,Carlos Akapo,gq EQG,DF,Huesca,25,1993,11.4,574,43,193,290,139,15,485,13,18,72.2,13,0,319,2142,1296,62,25,6,9,8,298,268,89.9,20,Matches,f2a68b97
8,Sergio Akieme,es ESP,DF,Rayo Vallecano,20,1997,2.0,112,6,35,60,26,0,102,3,4,75.0,3,0,79,461,272,11,4,0,2,2,78,69,88.5,2,Matches,06efa9dc
9,Jordi Alba,es ESP,DF,Barcelona,29,1989,33.2,2990,97,712,1348,1057,104,2675,20,29,69.0,20,1,2102,7762,4507,228,57,23,28,18,2307,2108,91.4,162,Matches,4601e194
10,Pedro Alcalá,es ESP,DF,Girona,29,1989,20.8,1125,191,702,443,39,20,1080,4,6,66.7,5,0,618,3249,1713,35,5,0,6,4,636,612,96.2,15,Matches,ba71d071
11,Rubén Alcaraz,es ESP,MF,Valladolid,27,1991,33.1,2164,91,579,1399,334,21,2069,24,41,58.5,27,1,1520,7443,3451,121,38,1,30,33,1408,1330,94.5,39,Matches,036bba5f
12,Álex Alegría,es ESP,FWMF,Rayo Vallecano,25,1992,1.6,62,0,7,31,31,8,59,5,11,45.5,6,0,46,110,52,4,1,2,6,2,80,45,56.3,17,Matches,46166b49
13,Iván Alejo,es ESP,MFFW,Getafe,23,1995,1.6,68,1,10,37,31,1,65,7,9,77.8,7,0,55,282,130,8,4,0,6,8,64,48,75.0,8,Matches,3d7e48ce
14,Carles Aleñá,es ESP,MF,Barcelona,20,1998,7.1,665,3,64,423,233,13,654,11,17,64.7,11,0,571,2779,1450,72,28,3,13,9,626,580,92.7,38,Matches,6c811eb7
15,Alexander,ar ARG,DF,Leganés,29,1988,0.1,9,0,3,3,4,0,7,0,0,,0,0,4,15,3,0,0,0,0,0,4,4,100.0,1,Matches,3e1858af
16,Júnior Alonso,py PAR,DFMF,Celta Vigo,25,1993,6.0,375,22,108,215,63,8,344,2,6,33.3,2,0,226,742,390,21,7,0,4,2,251,230,91.6,11,Matches,b18a3023
17,Sergio Álvarez,es ESP,GK,Celta Vigo,31,1986,13.0,480,435,480,0,0,0,333,0,0,,0,0,246,1135,713,0,0,0,0,0,193,193,100.0,0,Matches,8875b8c9
18,Sergio Álvarez,es ESP,MFDF,Eibar,26,1992,11.9,621,48,184,410,54,8,613,3,3,100.0,3,0,370,1721,648,18,4,0,2,8,353,337,95.5,5,Matches,88d91621
19,Yeray Álvarez,es ESP,DF,Athletic Club,23,1995,29.0,1626,179,805,883,56,19,1568,4,6,66.7,5,0,928,5501,3249,85,15,0,7,12,927,912,98.4,12,Matches,3ecc11d8
20,Ibrahim Amadou,fr FRA,MFDF,Sevilla,25,1993,8.5,450,31,157,265,54,6,444,7,10,70.0,8,0,283,1259,598,21,8,0,4,3,306,279,91.2,12,Matches,9260926b
21,Jordi Amat,es ESP,DF,Rayo Vallecano,26,1992,30.7,1598,166,811,850,53,14,1527,21,24,87.5,21,0,979,5998,3454,74,19,0,9,9,959,927,96.7,11,Matches,d70a2141
22,Amath,sn SEN,MFFW,Getafe,22,1996,11.1,390,11,57,177,189,49,388,22,41,53.7,24,2,289,1501,941,43,13,11,32,27,393,237,60.3,76,Matches,f3b1d9a2
23,José Ángel,es ESP,DF,Eibar,28,1989,33.6,2498,99,600,1307,780,21,1984,53,68,77.9,54,1,1416,7767,3827,174,79,5,20,17,1289,1235,95.8,29,Matches,3024e383
24,Miguel Ángel Moyá,es ESP,GK,Real Sociedad,34,1984,11.0,393,336,389,5,0,0,291,1,1,100.0,1,0,211,778,505,0,0,0,1,0,188,187,99.5,0,Matches,011d8c56
25,Antoñito,es ESP,DFMF,Valladolid,30,1987,20.7,1101,47,280,517,395,20,945,29,42,69.0,30,2,714,3643,2279,123,45,6,28,27,785,672,85.6,46,Matches,dbe519cf
26,Vitorino Antunes,pt POR,DF,Getafe,31,1987,24.2,1439,76,385,670,463,21,1088,23,35,65.7,23,2,726,3714,2016,97,39,7,20,18,729,629,86.3,45,Matches,3e4f735d
27,Anuar,ma MAR,MF,Valladolid,23,1995,12.0,535,35,168,324,83,15,525,3,5,60.0,4,0,311,2016,1108,31,10,3,10,12,399,294,73.7,23,Matches,c93231dc
28,Emmanuel Apeh,ng NGA,MF,Celta Vigo,21,1996,0.2,9,0,0,4,7,1,9,0,1,0.0,0,0,9,17,1,0,0,0,0,1,14,8,57.1,5,Matches,a230ebcc
29,Mauro Arambarri,uy URU,MF,Getafe,22,1995,29.7,1114,53,214,709,250,25,1087,40,51,78.4,43,1,685,2880,1151,42,18,5,29,22,609,505,82.9,36,Matches,58afe001
30,Guilherme Arana,br BRA,MFDF,Sevilla,21,1997,7.0,347,14,103,168,92,12,294,4,11,36.4,4,1,220,1157,694,42,8,4,3,1,226,208,92.0,9,Matches,2b15a82a
31,Néstor Araujo,mx MEX,DF,Celta Vigo,26,1991,29.8,1791,245,969,853,53,21,1745,3,4,75.0,4,0,1117,4779,2347,48,4,0,1,5,1180,1161,98.4,14,Matches,27a013f7
32,Anaitz Arbilla,es ESP,DF,Eibar,31,1987,21.7,1357,101,494,859,110,21,1294,6,7,85.7,6,0,794,6032,2926,106,31,1,10,4,746,723,96.9,15,Matches,850c0a0d
33,Santiago Arias,co COL,DF,Atlético Madrid,26,1992,19.7,1223,50,309,537,446,23,1050,14,23,60.9,14,0,744,3547,1980,112,35,3,10,9,742,657,88.5,45,Matches,fdd60087
34,José Arnaiz,es ESP,DFMF,Leganés,23,1995,1.3,52,1,10,22,26,6,51,4,8,50.0,6,0,44,223,97,7,2,2,4,3,45,36,80.0,10,Matches,46e07328
35,Sergio Asenjo,es ESP,GK,Villarreal,29,1989,32.0,929,841,923,6,0,0,600,0,0,,0,0,335,1983,1089,0,0,0,0,0,246,246,100.0,0,Matches,9f0ea33f
36,Marco Asensio,es ESP,FW,Real Madrid,22,1996,19.8,1233,7,104,579,674,106,1182,36,56,64.3,38,4,1075,6926,3684,189,58,23,35,27,1215,996,82.0,176,Matches,45af8a54
37,Iago Aspas,es ESP,FW,Celta Vigo,30,1987,25.0,1142,5,86,569,570,123,1086,35,53,66.0,37,1,888,4403,2278,119,44,17,41,38,1280,900,70.3,250,Matches,7dcf86f6
38,Ezequiel Ávila,ar ARG,FWMF,Huesca,24,1994,22.2,918,31,114,431,445,108,888,31,60,51.7,32,2,581,3134,1681,93,36,13,60,29,975,636,65.2,191,Matches,253a06b9
39,Abdoulaye Ba,sn SEN,DF,Rayo Vallecano,27,1991,23.4,1341,226,872,498,25,11,1303,3,6,50.0,4,0,761,3686,1552,17,1,0,7,1,753,731,97.1,9,Matches,1f54ed90
40,Carlos Bacca,co COL,FW,Villarreal,31,1986,14.1,404,7,34,175,228,76,387,10,21,47.6,12,1,285,1181,679,43,18,13,31,25,545,298,54.7,123,Matches,09a9e921
41,Gareth Bale,wls WAL,FW,Real Madrid,29,1989,19.8,1007,15,99,483,506,107,972,23,34,67.6,24,3,746,4147,2107,130,36,24,26,32,1108,830,74.9,186,Matches,a58bb1e1
42,Mikel Balenziaga,es ESP,DF,Athletic Club,30,1988,5.8,277,28,94,138,51,0,232,4,5,80.0,5,0,150,631,303,7,3,0,1,1,160,140,87.5,4,Matches,1fe67e86
43,Éver Banega,ar ARG,MF,Sevilla,30,1988,29.6,2533,57,599,1576,535,20,2315,62,96,64.6,65,4,1902,8935,4850,174,55,3,25,57,1866,1770,94.9,63,Matches,fa937f7a
44,Léo Baptistão,br BRA,FWMF,Espanyol,25,1992,13.7,581,22,101,246,278,55,566,22,34,64.7,26,4,430,2319,1408,63,17,10,32,21,593,388,65.4,119,Matches,35f6db55
45,Enis Bardhi,mk MKD,MF,Levante,23,1995,31.5,1588,63,321,826,582,40,1480,47,75,62.7,51,0,1156,5808,3282,166,53,4,49,55,1201,1015,84.5,150,Matches,cac2537b
46,Antonio Barragán,es ESP,DFMF,Betis,31,1987,10.4,743,34,194,313,279,17,660,2,7,28.6,3,1,492,2017,949,49,17,6,11,7,573,515,89.9,39,Matches,487d9b09
47,Ander Barrenetxea,es ESP,FWMF,Real Sociedad,16,2001,4.4,177,7,27,73,96,15,177,21,28,75.0,21,2,153,913,440,27,8,2,12,9,172,118,68.6,37,Matches,200e89e1
48,Marc Bartra,es ESP,DF,Betis,27,1991,32.5,2640,271,1261,1472,131,19,2582,15,25,60.0,16,0,1894,10520,6635,178,37,1,16,16,1936,1890,97.6,9,Matches,b742cc0d
49,Borja Bastón,es ESP,FW,Alavés,25,1992,16.0,502,12,56,261,212,60,485,6,17,35.3,7,0,276,931,485,27,13,1,52,19,713,353,49.5,132,Matches,8c44e37b
50,Michy Batshuayi,be BEL,FW,Valencia,24,1993,5.9,219,4,18,111,97,30,214,5,16,31.3,6,0,161,600,282,14,3,5,15,12,310,170,54.8,67,Matches,2973d8ff
51,Jon Bautista,es ESP,FWMF,Real Sociedad,23,1995,6.6,232,9,16,124,101,34,223,7,10,70.0,8,1,124,326,152,9,3,3,26,12,347,164,47.3,59,Matches,debc6b55
52,Bebé,cv CPV,FWMF,Rayo Vallecano,28,1990,14.5,764,24,121,360,381,27,731,48,65,73.8,48,4,599,4160,2297,101,43,12,44,35,690,523,75.8,95,Matches,d8712bf9
53,Bebé,cv CPV,MF,Eibar,28,1990,0.7,45,0,2,19,31,3,44,0,2,0.0,0,0,34,177,96,4,4,0,4,0,47,36,76.6,10,Matches,d8712bf9
54,Fran Beltrán,es ESP,MF,Celta Vigo,19,1999,16.9,1028,34,220,670,189,12,1015,14,22,63.6,17,0,790,3511,1492,64,14,1,8,16,830,741,89.3,34,Matches,ed5c5fa3
55,Wissam Ben Yedder,fr FRA,FW,Sevilla,27,1990,31.2,1106,11,65,475,650,226,1066,45,75,60.0,50,1,808,3909,2422,147,52,29,73,49,1453,814,56.0,327,Matches,942b4f90
56,Karim Benzema,fr FRA,FW,Real Madrid,30,1987,32.8,1551,26,76,740,831,226,1472,52,85,61.2,54,0,1258,5618,2773,177,56,36,62,47,1915,1265,66.1,326,Matches,70d74ece
57,Yuri Berchiche,es ESP,DFFW,Athletic Club,28,1990,34.7,2110,113,611,1045,597,43,1827,36,58,62.1,37,1,1356,7405,4054,207,66,10,35,28,1298,1159,89.3,56,Matches,b6e50615
58,Markel Bergara,es ESP,MF,Getafe,32,1986,0.6,31,2,6,18,8,1,30,0,0,,0,0,10,43,14,2,0,0,1,1,18,14,77.8,3,Matches,04a65a8f
59,Pedro Bigas,es ESP,DF,Eibar,27,1990,6.5,352,26,124,234,10,3,341,1,1,100.0,1,0,209,1478,706,27,2,0,1,1,203,196,96.6,3,Matches,697295b1
60,Alejandro Blanco,es ESP,FWMF,Alavés,19,1998,0.2,10,2,4,4,3,1,10,1,1,100.0,1,0,8,35,20,0,0,0,2,1,9,7,77.8,3,Matches,c4dce677
61,Rubén Blanco,es ESP,GK,Celta Vigo,23,1995,25.0,886,764,877,10,1,0,577,0,0,,0,0,409,1978,1119,0,0,0,1,0,333,332,99.7,0,Matches,967f34d3
62,Pablo de Blasis,ar ARG,DFMF,Eibar,30,1988,16.9,962,26,142,495,380,31,862,8,21,38.1,9,2,596,2709,1528,77,29,1,24,18,711,588,82.7,76,Matches,9ab48bde
63,Emmanuel Boateng,gh GHA,FW,Levante,22,1996,7.8,193,8,11,78,110,40,187,6,8,75.0,6,0,126,531,216,15,2,3,17,16,309,147,47.6,67,Matches,2e23c66b
64,Kevin-Prince Boateng,gh GHA,FW,Barcelona,31,1987,2.7,99,2,5,45,51,6,94,1,2,50.0,1,0,61,192,59,2,1,0,9,8,126,77,61.1,23,Matches,f4ec4fd0
65,Daniele Bonera,it ITA,DF,Villarreal,37,1981,2.6,112,15,56,64,1,0,109,0,0,,0,0,75,465,248,5,0,0,0,0,76,76,100.0,0,Matches,13b0c150
66,Ryad Boudebouz,dz ALG,MF,Celta Vigo,28,1990,8.0,478,5,51,229,235,24,443,15,18,83.3,15,0,355,1549,771,34,14,3,19,17,426,351,82.4,47,Matches,1001ae82
67,Ryad Boudebouz,dz ALG,MFFW,Betis,28,1990,6.0,416,2,31,181,228,19,404,17,26,65.4,18,4,332,1375,679,36,14,2,9,12,385,338,87.8,56,Matches,1001ae82
68,Sofiane Boufal,ma MAR,MFFW,Celta Vigo,24,1993,23.2,1303,14,188,668,613,106,1255,168,254,66.1,179,3,1176,6018,4015,200,68,40,66,72,1184,975,82.3,127,Matches,b0c71810
69,Yassine Bounou,ma MAR,GK,Girona,27,1991,31.8,1049,974,1045,5,1,1,722,1,1,100.0,1,0,493,2321,1178,0,0,0,1,1,404,402,99.5,1,Matches,f6798fc3
70,Martin Braithwaite,dk DEN,FW,Leganés,27,1991,15.6,423,6,25,185,251,63,417,18,37,48.6,24,1,291,1221,612,27,14,9,50,28,664,313,47.1,125,Matches,fd771f95
71,Darko Brašanac,rs SRB,MF,Alavés,26,1992,17.6,777,39,184,463,178,22,758,13,20,65.0,14,0,479,2626,1298,58,16,2,14,16,534,425,79.6,46,Matches,4accb7e0
72,Rajko Brežančić,rs SRB,DF,Huesca,28,1989,0.7,27,2,10,7,10,0,19,0,0,,0,0,10,72,31,1,0,0,1,0,12,11,91.7,2,Matches,1519a888
73,Bryan,es ESP,MFFW,Sevilla,17,2001,1.9,123,3,21,49,60,10,119,9,17,52.9,9,0,106,538,290,13,0,2,2,11,121,96,79.3,23,Matches,7b5ab7f2
74,Burgui,es ESP,MFFW,Alavés,24,1993,6.2,262,2,40,130,108,9,242,7,14,50.0,7,0,190,1029,644,36,7,3,8,3,238,180,75.6,35,Matches,45e304c8
75,Sergio Busquets,es ESP,MF,Barcelona,30,1988,30.2,2673,90,598,1792,411,11,2589,17,21,81.0,17,1,1927,6747,3439,112,31,0,15,19,2095,2000,95.5,37,Matches,5ab0ea87
76,Unai Bustinza,es ESP,DF,Leganés,26,1992,22.5,1294,137,556,620,186,17,1108,3,5,60.0,3,0,590,3521,2038,63,20,1,7,9,613,573,93.5,16,Matches,f3112790
77,Erick Cabaco,uy URU,DF,Levante,23,1995,18.1,896,108,430,453,51,10,847,3,4,75.0,3,0,474,2811,1725,61,6,0,1,3,505,492,97.4,10,Matches,e7ab4179
78,Gustavo Cabral,ar ARG,DF,Celta Vigo,32,1985,21.1,1157,128,595,588,32,18,1129,1,1,100.0,1,0,693,3236,1719,34,2,0,6,7,716,692,96.6,14,Matches,92b4a127
79,Leandro Cabrera,uy URU,DF,Getafe,27,1991,31.0,1477,211,606,747,173,39,1297,4,7,57.1,5,0,488,2787,1399,53,10,1,16,2,524,473,90.3,37,Matches,69cbc8b6
80,Jordi Calavera,es ESP,DF,Eibar,22,1995,0.0,0,0,0,0,0,0,0,0,0,,0,0,0,0,0,0,0,0,0,0,0,0,,0,Matches,bdef8cdb
81,Fernando Calero,es ESP,DF,Valladolid,22,1995,34.8,1781,228,995,805,61,19,1716,8,9,88.9,8,0,1055,5010,2617,89,11,0,9,5,1077,1039,96.5,13,Matches,41b3069f
82,Jonathan Calleri,ar ARG,FW,Alavés,24,1993,31.9,1231,55,128,594,575,158,1205,49,87,56.3,52,2,737,3346,1609,94,25,15,111,66,1601,875,54.7,335,Matches,6922f806
83,Juanjo Camacho,es ESP,MF,Huesca,37,1980,0.4,33,1,8,15,11,5,33,2,2,100.0,2,0,22,65,25,2,1,0,1,1,25,17,68.0,1,Matches,1a1609ab
84,Sergio Camello,es ESP,FW,Atlético Madrid,17,2001,0.5,15,0,1,2,12,3,15,0,2,0.0,0,0,13,67,44,1,0,1,0,0,15,11,73.3,4,Matches,873619c6
85,José Campaña,es ESP,MF,Levante,25,1993,35.7,2296,115,545,1339,582,43,2100,44,70,62.9,46,4,1511,8803,4760,217,58,8,32,35,1595,1451,91.0,81,Matches,61220da2
86,Sergio Canales,es ESP,MFFW,Betis,27,1991,29.5,2194,22,321,1120,959,92,2027,66,87,75.9,68,2,1786,10079,5244,217,102,14,62,52,1943,1691,87.0,191,Matches,a6de370d
87,Ander Capa,es ESP,DF,Athletic Club,26,1992,18.2,1157,42,261,551,431,35,955,21,46,45.7,21,1,617,3920,2520,125,48,11,21,18,674,598,88.7,45,Matches,37f1cf47
88,Marc Cardona,es ESP,FWMF,Eibar,23,1995,6.7,289,2,25,119,162,45,280,10,20,50.0,11,1,202,725,396,25,4,7,26,21,386,211,54.7,74,Matches,b92b456a
89,Daniel Carriço,pt POR,DF,Sevilla,29,1988,23.7,1224,139,610,629,62,20,1188,9,11,81.8,9,0,714,3616,1924,49,9,0,5,4,711,689,96.9,12,Matches,e1deea75
90,Guido Carrillo,ar ARG,FW,Leganés,27,1991,22.1,853,24,61,415,405,139,840,16,19,84.2,16,0,366,1190,270,14,7,3,37,20,1195,626,52.4,218,Matches,8f898ba8
91,Dani Carvajal,es ESP,DF,Real Madrid,26,1992,23.4,2067,82,574,1020,622,60,1820,38,57,66.7,39,2,1466,6484,3854,171,59,13,17,18,1512,1403,92.8,77,Matches,4958bfb2
92,William Carvalho,pt POR,MF,Betis,26,1992,26.5,2107,63,411,1459,353,15,2073,42,56,75.0,44,2,1697,7006,3575,144,37,5,18,31,1784,1692,94.8,58,Matches,dee86451
93,Casemiro,br BRA,MF,Real Madrid,26,1992,25.7,1949,97,569,1209,264,39,1899,14,18,77.8,15,2,1348,4627,2521,74,29,1,11,16,1373,1308,95.3,45,Matches,4d224fe8
94,Santiago Cáseres,ar ARG,MF,Villarreal,21,1997,17.6,1005,48,257,709,106,5,973,12,15,80.0,13,2,705,3388,1464,58,17,2,6,6,687,657,95.6,14,Matches,958bba56
95,Catena,es ESP,DF,Rayo Vallecano,23,1994,2.0,125,14,74,55,5,3,121,0,0,,0,0,71,393,226,6,0,0,1,0,80,77,96.3,4,Matches,274ab13c
96,Santi Cazorla,es ESP,MFFW,Villarreal,33,1984,29.4,2055,46,364,1151,685,46,1866,63,86,73.3,65,5,1529,7805,3822,192,57,9,32,45,1598,1426,89.2,119,Matches,e2e9c250
97,Dani Ceballos,es ESP,MFFW,Real Madrid,21,1996,13.9,1237,15,156,753,421,37,1213,21,36,58.3,22,2,990,4957,2484,118,42,5,18,26,1042,962,92.3,68,Matches,c0617e2b
98,Charles,br BRA,FW,Eibar,34,1984,19.3,767,13,33,340,423,128,726,5,12,41.7,5,0,365,1223,480,35,15,4,42,13,1080,538,49.8,224,Matches,c4b8bcf4
99,Chechu,es ESP,DF,Rayo Vallecano,36,1982,1.0,54,6,29,32,0,0,53,2,2,100.0,2,0,41,246,185,3,0,0,0,0,36,36,100.0,0,Matches,e98f3a6a
100,Chema,es ESP,DF,Levante,26,1992,13.9,541,101,317,226,20,4,529,1,1,100.0,1,0,236,969,558,6,2,0,4,2,265,260,98.1,2,Matches,7f203b54
101,Denis Cheryshev,ru RUS,MFFW,Valencia,27,1990,19.0,959,24,169,420,426,88,942,22,38,57.9,23,2,656,3692,2147,114,30,24,40,17,846,645,76.2,128,Matches,0ac94a23
102,Leandro Chichizola,ar ARG,GK,Getafe,28,1990,1.0,27,16,27,0,0,0,17,0,0,,0,0,10,54,40,0,0,0,0,0,7,7,100.0,0,Matches,8d957256
103,Samuel Chukwueze,ng NGA,FWMF,Villarreal,19,1999,19.0,796,11,106,336,432,129,787,59,101,58.4,65,2,682,3961,2714,147,34,46,44,40,850,590,69.4,145,Matches,b8a642fc
104,Jasper Cillessen,nl NED,GK,Barcelona,29,1989,3.0,121,111,120,1,0,0,93,0,0,,0,0,66,285,146,0,0,0,0,0,63,63,100.0,0,Matches,04ac8285
105,Coke,es ESP,DF,Levante,31,1987,20.2,1155,92,421,489,313,39,1013,19,33,57.6,22,1,680,3610,1851,73,23,5,14,23,716,649,90.6,48,Matches,6d8f8441
106,Álex Collado,es ESP,FW,Barcelona,19,1999,0.9,38,1,4,23,15,2,38,0,0,,0,0,25,169,67,5,2,0,0,0,34,29,85.3,3,Matches,85dace26
107,Santi Comesaña,es ESP,MF,Rayo Vallecano,21,1996,22.6,1289,74,428,777,158,11,1266,36,48,75.0,38,2,902,3693,1748,57,11,0,16,24,884,824,93.2,19,Matches,5ae499d0
108,Duje Čop,hr CRO,FW,Valladolid,28,1990,7.6,259,9,29,111,130,46,244,4,11,36.4,4,0,161,570,314,17,6,7,16,6,315,182,57.8,78,Matches,8b0b02c9
109,Francis Coquelin,fr FRA,MF,Valencia,27,1991,19.6,1182,48,309,749,185,16,1165,31,40,77.5,31,0,882,3430,1561,54,16,1,14,23,852,789,92.6,37,Matches,a6951bf8
110,Iñigo Córdoba,es ESP,FW,Athletic Club,21,1997,14.7,679,16,111,281,340,41,669,31,64,48.4,32,1,524,2648,1347,77,19,9,40,34,606,457,75.4,102,Matches,49ea92be
111,Ángel Correa,ar ARG,MFFW,Atlético Madrid,23,1995,21.3,1102,27,152,495,540,123,1090,65,111,58.6,67,3,893,3909,2335,139,39,17,54,58,1100,788,71.6,224,Matches,01eb744d
112,Diego Costa,es ESP,FW,Atlético Madrid,29,1988,12.4,447,10,24,196,251,64,438,14,25,56.0,16,1,338,1240,488,33,10,8,38,26,699,373,53.4,138,Matches,a190d597
113,Jaume Costa,es ESP,DF,Villarreal,30,1988,16.6,1132,65,313,563,311,23,977,10,14,71.4,10,0,717,3369,2090,96,29,4,6,5,751,692,92.1,26,Matches,808d48f3
114,David Costas,es ESP,DF,Celta Vigo,23,1995,13.0,831,104,460,394,29,4,806,1,2,50.0,1,0,564,3007,1390,35,10,0,0,8,572,565,98.8,3,Matches,545e2f01
115,Thibaut Courtois,be BEL,GK,Real Madrid,26,1992,27.0,883,808,880,2,1,1,648,1,1,100.0,1,0,487,2299,993,0,0,0,0,0,400,400,100.0,1,Matches,1840e36d
116,Philippe Coutinho,br BRA,FWMF,Barcelona,26,1992,22.4,1766,7,130,852,932,122,1675,63,101,62.4,69,6,1486,7520,4041,250,76,30,38,51,1726,1452,84.1,226,Matches,0ef89a37
117,Sebastián Cristóforo,uy URU,MFFW,Getafe,24,1993,5.0,226,9,53,116,63,7,220,3,6,50.0,4,0,140,645,264,14,4,2,5,10,146,111,76.0,15,Matches,3c05c659
118,Cucho,co COL,FW,Huesca,19,1999,23.9,954,19,84,441,492,128,908,49,82,59.8,53,2,694,3411,1894,113,31,22,66,55,1196,687,57.4,227,Matches,71b47ab9
119,Marc Cucurella,es ESP,MFFW,Eibar,20,1998,26.2,1256,26,171,504,648,87,1183,17,39,43.6,20,5,797,3424,1790,88,25,10,39,35,1118,770,68.9,152,Matches,1daec722
120,Iván Cuéllar,es ESP,GK,Leganés,34,1984,33.9,1137,957,1125,14,0,0,747,0,0,,0,0,506,3834,2039,0,0,0,0,0,382,381,99.7,0,Matches,75751c99
121,Sergi Darder,es ESP,MF,Espanyol,24,1993,30.1,1600,35,293,951,493,51,1523,45,69,65.2,50,6,1202,6645,3379,171,51,6,23,28,1282,1131,88.2,122,Matches,070a3904
122,Moisés Delgado,es ESP,DF,Valladolid,24,1994,3.0,133,10,49,65,28,2,115,1,1,100.0,1,0,73,359,202,9,3,0,4,2,79,73,92.4,3,Matches,248c409d
123,Ousmane Dembélé,fr FRA,FWMF,Barcelona,21,1997,18.5,1247,5,80,537,776,132,1180,89,132,67.4,94,4,1088,6001,3777,210,78,33,42,43,1239,1031,83.2,194,Matches,b19db005
124,Franco Di Santo,ar ARG,FWMF,Rayo Vallecano,29,1989,1.9,51,1,4,28,20,2,45,1,3,33.3,1,0,22,68,6,0,0,0,6,0,69,33,47.8,11,Matches,549c6ba7
125,Mouctar Diakhaby,gn GUI,DF,Valencia,21,1996,17.6,864,157,501,379,26,16,844,5,6,83.3,5,0,529,3105,1441,28,3,0,4,5,530,517,97.5,13,Matches,d2110326
126,Brahim Díaz,es ESP,FW,Real Madrid,18,1999,4.2,249,1,25,127,108,32,247,18,33,54.5,19,2,226,933,449,25,4,3,18,10,248,207,83.5,43,Matches,407feb71
127,Javier Díaz,es ESP,GK,Sevilla,21,1997,1.0,24,22,24,0,0,0,17,0,0,,0,0,14,62,31,0,0,0,0,0,12,12,100.0,0,Matches,17a1299d
128,Adrián Diéguez,es ESP,DF,Huesca,22,1996,8.3,305,48,194,118,11,3,291,5,5,100.0,5,0,143,794,363,7,3,0,2,2,131,123,93.9,2,Matches,70438d35
129,Stole Dimitrievski,mk MKD,GK,Rayo Vallecano,24,1993,21.0,696,635,695,2,0,0,452,0,0,,0,0,315,1699,1038,0,0,0,0,0,208,208,100.0,0,Matches,fc70e345
130,Papakouli Diop,sn SEN,MF,Eibar,32,1986,26.1,1410,36,169,950,340,41,1396,25,30,83.3,26,0,812,2932,1311,84,19,5,23,11,854,762,89.2,57,Matches,7329018e
131,Djené,tg TOG,DF,Getafe,26,1991,33.1,1325,187,632,662,76,24,1295,20,23,87.0,21,1,644,3885,1505,49,2,0,7,13,465,432,92.9,18,Matches,a4971d84
132,Marko Dmitrović,rs SRB,GK,Eibar,26,1992,24.0,822,669,814,9,0,0,566,1,1,100.0,1,0,384,2382,1514,0,0,0,0,0,270,270,100.0,0,Matches,ac295d9e
133,Jaume Doménech,es ESP,GK,Valencia,27,1990,4.0,102,93,102,0,0,0,63,0,0,,0,0,38,245,147,0,0,0,0,0,19,19,100.0,0,Matches,c9cb972b
134,Cheick Doukouré,ci CIV,MF,Levante,25,1992,3.5,161,4,32,112,24,4,160,2,2,100.0,2,0,104,389,159,3,1,0,7,4,120,99,82.5,5,Matches,e208bcc8
135,Seydou Doumbia,ci CIV,FW,Girona,30,1987,6.0,139,3,7,68,76,31,130,12,21,57.1,15,0,96,320,212,14,4,2,13,13,232,93,40.1,40,Matches,c49afee6
136,Óscar Duarte,cr CRC,DFMF,Espanyol,29,1989,7.3,417,48,227,194,11,3,412,0,0,,0,0,241,1301,512,13,1,0,1,1,268,262,97.8,5,Matches,aa0ac32d
137,Rubén Duarte,es ESP,DF,Alavés,22,1995,30.8,1625,145,583,795,317,21,1377,9,15,60.0,10,1,776,3853,2014,91,28,3,11,3,775,691,89.2,45,Matches,1fe0492d
138,Hugo Duro,es ESP,MFFW,Getafe,18,1999,4.6,115,3,16,57,46,8,110,2,5,40.0,2,0,68,311,138,9,1,2,11,4,166,70,42.2,22,Matches,37e103f8
139,Raphael Dwamena,gh GHA,FW,Levante,22,1995,2.5,80,2,6,32,48,13,78,2,6,33.3,2,0,53,268,173,8,4,1,8,3,125,58,46.4,23,Matches,525f9bf4
140,Dennis Eckert,de GER,FW,Celta Vigo,21,1997,2.4,75,2,3,28,48,20,72,3,7,42.9,4,0,45,250,121,7,3,1,5,1,97,54,55.7,24,Matches,7f8fb807
141,Aritz Elustondo,es ESP,DF,Real Sociedad,24,1994,25.0,1524,192,784,682,150,27,1398,15,17,88.2,16,1,894,5596,3093,88,15,2,13,4,886,849,95.8,19,Matches,f7dc2ae5
142,Gorka Elustondo,es ESP,MF,Rayo Vallecano,31,1987,3.2,162,20,61,97,14,2,159,0,0,,0,0,87,424,238,4,1,0,1,0,100,94,94.0,3,Matches,7b309e55
143,Rodrigo Ely,br BRA,DF,Alavés,24,1993,4.8,219,37,124,90,11,9,211,0,0,,0,0,76,356,187,2,0,0,3,0,92,86,93.5,6,Matches,fd47b4f2
144,Adri Embarba,es ESP,FWMF,Rayo Vallecano,26,1992,25.4,1215,21,191,480,645,83,1049,49,95,51.6,54,2,820,4733,2638,126,46,21,63,67,1038,715,68.9,157,Matches,db8f0eba
145,Emerson,br BRA,DF,Betis,19,1999,3.5,258,11,77,96,101,8,216,1,6,16.7,2,0,157,603,366,21,6,3,8,2,174,156,89.7,12,Matches,df8b52a5
146,Youssef En-Nesyri,ma MAR,FW,Leganés,21,1997,23.4,838,25,71,391,426,119,819,34,72,47.2,37,6,500,1955,1021,47,13,22,66,59,1241,640,51.6,223,Matches,04e17fd5
147,Sergi Enrich,es ESP,FW,Eibar,28,1990,28.7,1257,14,49,532,723,194,1223,23,31,74.2,23,1,716,2168,606,35,15,7,90,46,1878,956,50.9,377,Matches,bb4b1242
148,Javier Eraso,es ESP,MFFW,Leganés,28,1990,7.0,297,6,36,155,127,16,268,7,9,77.8,7,0,201,861,422,19,8,0,10,15,300,193,64.3,48,Matches,aec0fb6f
149,Gonzalo Escalante,ar ARG,MF,Eibar,25,1993,19.9,973,22,116,653,250,36,967,23,31,74.2,24,5,576,2409,1044,59,20,4,11,20,623,527,84.6,51,Matches,3f79a1c8
150,Sergio Escudero,es ESP,DFMF,Sevilla,28,1989,17.2,1168,67,361,540,334,37,990,14,27,51.9,15,1,691,3431,2170,101,29,7,18,12,719,646,89.8,66,Matches,b0616e3d
151,Bernardo Espinosa,co COL,DF,Girona,29,1989,30.3,1726,292,1105,629,67,44,1692,4,4,100.0,4,0,994,3907,1742,19,1,0,11,2,1072,1035,96.5,34,Matches,4242011c
152,Beñat Etxebarria,es ESP,MF,Athletic Club,31,1987,22.6,1403,24,229,896,339,7,1242,12,19,63.2,13,0,917,3362,1505,75,20,1,11,22,937,875,93.4,24,Matches,b037bd4f
153,Xabier Etxeita,es ESP,DF,Huesca,30,1987,29.7,1214,189,669,539,81,42,1178,3,4,75.0,4,0,601,3585,2135,58,11,0,10,1,637,598,93.9,29,Matches,4a895384
154,Zouhair Feddal,ma MAR,DF,Betis,29,1989,18.9,1520,182,724,792,104,25,1456,12,15,80.0,12,0,1015,5433,3283,98,13,0,10,10,1055,1023,97.0,28,Matches,89151b16
155,Aitor Fernández,es ESP,GK,Levante,27,1991,16.0,508,446,508,0,0,0,292,0,0,,0,0,176,1011,719,0,0,0,0,0,112,109,97.3,0,Matches,a01c3d54
156,Andrés Fernández,es ESP,GK,Villarreal,31,1986,6.0,207,182,207,1,0,0,131,0,1,0.0,0,0,83,567,327,0,0,0,0,0,68,68,100.0,0,Matches,307fcd26
157,Borja Fernández,es ESP,MFDF,Valladolid,37,1981,9.3,496,43,174,300,46,11,485,2,2,100.0,2,0,277,1144,499,17,3,1,9,2,312,280,89.7,10,Matches,9127f9ce
158,Joaquín Fernández,es ESP,DFMF,Valladolid,22,1996,9.3,405,58,203,200,19,9,395,1,1,100.0,1,0,224,1097,388,7,2,0,1,1,229,219,95.6,4,Matches,b86a64b2
159,David Ferreiro,es ESP,FWMF,Huesca,30,1988,25.3,1293,18,182,535,659,79,1143,43,62,69.4,44,0,929,6504,3658,187,47,27,49,25,1134,817,72.0,174,Matches,8970907e
160,Facundo Ferreyra,ar ARG,FWMF,Espanyol,27,1991,2.3,75,4,7,30,39,13,72,0,0,,0,0,36,126,43,3,0,0,6,3,111,51,45.9,27,Matches,b39a793e
161,Junior Firpo,es ESP,DFMF,Betis,21,1996,21.5,1354,53,326,612,493,93,1190,23,43,53.5,29,3,910,4404,2776,134,33,22,21,19,982,873,88.9,102,Matches,24f59bb2
162,Mathieu Flamini,fr FRA,MF,Getafe,34,1984,5.0,162,5,23,114,27,3,159,0,0,,0,0,76,236,48,0,0,0,2,3,93,76,81.7,4,Matches,148d4105
163,Pablo Fornals,es ESP,MFFW,Villarreal,22,1996,27.5,1565,39,227,795,662,74,1533,52,91,57.1,57,4,1203,5448,2872,149,54,12,57,53,1503,1144,76.1,230,Matches,82927de4
164,Dimitri Foulquier,fr FRA,MFFW,Getafe,25,1993,20.0,735,24,163,370,259,47,700,27,56,48.2,33,3,454,2163,1222,52,27,8,41,42,574,374,65.2,97,Matches,45e17712
165,Javi Fuego,es ESP,MF,Villarreal,34,1984,2.6,166,14,47,108,16,0,157,3,4,75.0,3,0,97,324,147,7,0,0,1,2,109,98,89.9,4,Matches,2e8fc160
166,Ramiro Funes Mori,ar ARG,DFMF,Villarreal,27,1991,29.2,1553,210,825,740,91,25,1519,15,20,75.0,16,0,951,5882,3194,104,26,1,5,7,902,877,97.2,17,Matches,89cbc961
167,Javi Galán,es ESP,DFMF,Huesca,23,1994,16.0,863,48,271,399,261,25,697,23,45,51.1,26,0,480,2921,1919,86,31,8,18,25,456,382,83.8,26,Matches,a4b00319
168,Álex Gallar,es ESP,MFFW,Huesca,26,1992,11.2,607,13,94,302,269,30,540,28,52,53.8,30,3,470,2239,1133,52,21,5,27,22,532,410,77.1,81,Matches,36d5469c
169,Enric Gallego,es ESP,FW,Huesca,31,1986,17.1,617,31,49,314,285,71,584,19,41,46.3,21,3,341,1240,641,29,15,2,65,26,901,415,46.1,140,Matches,82e9b89d
170,Álex Gálvez,es ESP,DF,Rayo Vallecano,29,1989,15.7,857,121,534,342,19,11,811,2,2,100.0,2,0,478,2385,1205,25,3,0,1,0,463,456,98.5,7,Matches,960fb42d
171,Kévin Gameiro,fr FRA,FW,Valencia,31,1987,17.9,614,6,38,268,353,109,582,14,30,46.7,16,0,430,2528,1406,76,26,25,40,31,848,469,55.3,208,Matches,42276181
172,Cristian Ganea,ro ROU,MF,Athletic Club,26,1992,0.5,16,2,4,5,7,0,15,0,0,,0,0,9,33,18,2,0,0,1,0,10,8,80.0,1,Matches,baf5665c
173,Ezequiel Garay,ar ARG,DF,Valencia,31,1986,23.7,1324,200,703,645,62,26,1280,1,2,50.0,1,0,766,5288,2740,65,8,0,2,1,822,800,97.3,19,Matches,ac3fb1be
174,Borja Garcés,es ESP,FW,Atlético Madrid,18,1999,0.2,9,0,0,1,8,4,9,0,0,,0,0,7,19,9,1,0,1,1,0,6,6,100.0,3,Matches,bc39454c
175,Alberto García,es ESP,GK,Rayo Vallecano,33,1985,17.0,581,512,579,5,0,0,397,0,0,,0,0,283,1518,824,0,0,0,1,0,209,208,99.5,0,Matches,17d9e354
176,Aleix García,es ESP,MF,Girona,21,1997,18.5,1297,30,271,778,315,10,1204,16,28,57.1,17,0,930,3844,1744,72,24,0,9,23,977,890,91.1,68,Matches,a10361d2
177,Álvaro García,es ESP,FWMF,Rayo Vallecano,25,1992,19.6,692,31,138,238,367,76,676,12,29,41.4,13,1,491,3043,1794,102,24,20,26,21,697,451,64.7,138,Matches,90bbd822
178,Borja García,es ESP,FWMF,Girona,27,1990,29.2,1717,22,266,1100,475,44,1687,43,68,63.2,48,2,1394,6126,2886,156,55,6,62,49,1584,1288,81.3,186,Matches,e7f4603c
179,Dani García,es ESP,MF,Athletic Club,28,1990,27.5,1619,83,419,1123,151,2,1583,4,9,44.4,5,1,989,3649,1782,58,21,0,4,11,1025,974,95.0,15,Matches,240d3a0b
180,Javi García,es ESP,DFMF,Betis,31,1987,5.8,502,51,166,341,22,2,496,5,5,100.0,5,1,383,2063,1099,39,3,0,1,3,399,391,98.0,3,Matches,167c1bb0
181,Manu García,es ESP,MF,Alavés,32,1986,25.9,1264,84,324,779,208,45,1245,13,19,68.4,13,2,686,2575,1190,58,16,3,22,26,838,694,82.8,59,Matches,05a4465d
182,Raúl García,es ESP,DF,Leganés,29,1989,4.2,178,25,85,80,21,1,147,1,1,100.0,1,0,69,396,185,7,4,0,3,2,65,61,93.8,2,Matches,1a317a1b
183,Raúl García,es ESP,DF,Girona,29,1989,9.4,629,38,232,288,152,12,511,10,14,71.4,11,0,347,2043,1179,56,18,1,10,5,354,317,89.5,17,Matches,1a317a1b
184,Raúl García,es ESP,MFFW,Athletic Club,32,1986,26.3,1338,41,154,678,567,119,1322,15,31,48.4,18,2,735,2827,1353,73,27,7,67,32,1315,903,68.7,229,Matches,b418dbd4
185,Sergio García,es ESP,FWMF,Espanyol,35,1983,16.5,711,9,75,308,403,83,663,24,43,55.8,26,3,558,2612,1527,98,38,18,34,48,782,532,68.0,163,Matches,2bee98fd
186,Mario Gaspar,es ESP,DF,Villarreal,27,1990,28.9,1639,125,537,766,424,66,1385,13,32,40.6,16,3,860,3782,2347,98,38,10,14,4,996,872,87.6,76,Matches,fb5d47b3
187,Joris Gnagnon,fr FRA,DFMF,Sevilla,21,1997,5.0,313,17,112,185,38,6,299,4,4,100.0,4,0,222,1203,617,26,8,0,4,4,218,208,95.4,6,Matches,1232e1dc
188,Diego Godín,uy URU,DF,Atlético Madrid,32,1986,27.9,1365,209,741,636,60,28,1321,13,16,81.3,14,0,752,3979,2258,48,9,0,7,1,767,731,95.3,18,Matches,fc4f85b1
189,Ibai Gómez,es ESP,FW,Athletic Club,28,1989,6.4,366,8,49,146,194,21,327,11,21,52.4,12,0,264,944,376,24,9,3,12,17,317,256,80.8,54,Matches,9d2a3d5f
190,Ibai Gómez,es ESP,MFFW,Alavés,28,1989,16.1,730,31,119,341,313,32,651,25,47,53.2,26,2,525,2043,883,43,13,2,26,21,601,470,78.2,92,Matches,9d2a3d5f
191,Maxi Gómez,uy URU,FW,Celta Vigo,21,1996,32.9,1064,42,83,587,449,138,981,17,37,45.9,20,1,642,2569,1175,68,23,10,86,40,1521,774,50.9,245,Matches,4c2e9442
192,Moi Gómez,es ESP,MF,Huesca,24,1994,33.9,1823,53,364,1109,494,36,1697,43,61,70.5,44,2,1331,7438,3171,143,48,5,35,35,1326,1163,87.7,70,Matches,5a626448
193,Sergi Gómez,es ESP,DF,Sevilla,26,1992,30.7,1739,202,863,905,81,27,1702,3,3,100.0,3,0,1085,5459,2877,51,19,0,1,2,1148,1119,97.5,17,Matches,bc6f5f06
194,Maxime Gonalons,fr FRA,MF,Sevilla,29,1989,6.0,402,26,108,260,56,3,395,7,9,77.8,8,0,278,1372,533,20,5,1,2,7,264,258,97.7,1,Matches,b8c1de25
195,Álvaro González,es ESP,DF,Villarreal,28,1990,32.9,1877,232,932,977,80,22,1835,1,2,50.0,1,0,1104,5621,3479,123,20,0,3,4,1202,1173,97.6,22,Matches,42dcf26d
196,Bruno González,es ESP,DF,Getafe,28,1990,18.9,697,84,348,348,33,8,660,1,1,100.0,1,0,276,1567,465,12,1,0,2,2,246,236,95.9,8,Matches,f11fe861
197,Cristo González,es ESP,FW,Real Madrid,20,1997,0.5,18,1,4,10,5,0,16,0,1,0.0,0,0,13,14,3,0,0,0,0,2,19,13,68.4,3,Matches,896b5df2
198,Andoni Gorosabel,es ESP,DF,Real Sociedad,21,1996,5.1,354,24,111,181,87,4,296,1,5,20.0,1,0,204,869,465,21,10,0,9,5,220,192,87.3,15,Matches,6f5f82c0
199,Álex Granell,es ESP,MFDF,Girona,29,1988,26.6,1789,57,373,1077,456,17,1569,16,33,48.5,19,0,1171,5411,3002,141,51,3,19,26,1239,1145,92.4,93,Matches,a25250f8
200,Esteban Granero,es ESP,MF,Espanyol,31,1987,22.4,1446,65,305,850,389,9,1306,34,41,82.9,34,1,1033,5090,2278,98,32,1,20,28,1038,944,90.9,64,Matches,1b17ed86
201,Antoine Griezmann,fr FRA,FW,Atlético Madrid,27,1991,35.5,1867,19,153,730,1090,173,1705,35,59,59.3,37,3,1376,6061,2875,159,53,27,57,47,1953,1410,72.2,328,Matches,df69b544
202,Andrés Guardado,mx MEX,MFDF,Betis,31,1986,25.9,1887,49,369,1138,562,33,1790,24,31,77.4,25,1,1463,7831,4260,199,85,8,26,33,1535,1423,92.7,87,Matches,ef322658
203,Sergi Guardiola,es ESP,FW,Valladolid,27,1991,16.8,599,15,31,308,296,81,564,21,33,63.6,21,4,411,1634,862,58,15,17,59,36,824,431,52.3,165,Matches,32974271
204,Sergi Guardiola,es ESP,FWMF,Getafe,27,1991,0.3,24,0,0,6,19,4,24,1,1,100.0,1,0,20,102,63,5,1,1,3,2,23,19,82.6,6,Matches,32974271
205,Gonçalo Guedes,pt POR,MFFW,Valencia,21,1996,16.3,874,4,118,401,443,66,858,46,72,63.9,50,0,712,4878,3250,159,47,20,31,28,823,673,81.8,135,Matches,e6bc67d7
206,Javi Guerra,es ESP,FWMF,Rayo Vallecano,36,1982,2.6,102,3,9,51,44,15,100,4,5,80.0,4,0,66,310,62,5,1,0,5,2,129,75,58.1,25,Matches,aa386464
207,Francis Guerrero,es ESP,DFMF,Betis,22,1996,19.8,1221,41,353,495,458,38,1077,23,40,57.5,25,2,866,4461,2371,116,36,11,23,25,888,803,90.4,60,Matches,59d53e8a
208,Ander Guevara,es ESP,MF,Real Sociedad,21,1997,1.0,55,1,11,38,11,0,54,2,2,100.0,2,0,42,181,75,3,2,0,0,1,37,34,91.9,0,Matches,8e48dc61
209,John Guidetti,se SWE,FW,Alavés,26,1992,7.0,227,7,22,95,113,25,220,3,8,37.5,3,0,129,418,186,9,1,1,25,3,340,173,50.9,76,Matches,99bebd12
210,Gerard Gumbau,es ESP,MF,Leganés,23,1994,13.3,545,18,103,316,147,10,501,6,6,100.0,6,0,307,1112,543,25,9,1,7,5,355,306,86.2,15,Matches,ac454a4f
211,Serdar Gürler,tr TUR,FWMF,Huesca,26,1991,5.4,228,2,29,98,118,28,220,9,17,52.9,11,0,181,1000,679,37,12,7,12,13,249,157,63.1,42,Matches,8d2ad5c0
212,Gorka Guruzeta,es ESP,FWMF,Athletic Club,21,1996,0.6,19,0,2,6,11,1,18,0,1,0.0,0,0,10,25,15,1,0,0,2,1,33,12,36.4,6,Matches,6b5ea2f4
213,Hacen,mr MTN,FW,Valladolid,20,1997,0.0,6,2,4,3,0,0,6,0,0,,0,0,2,10,7,0,0,0,0,0,1,1,100.0,0,Matches,7c689c48
214,Munir El Haddadi,ma MAR,FW,Barcelona,22,1995,1.7,76,2,5,32,44,11,69,5,6,83.3,5,0,59,182,86,6,3,0,2,1,84,59,70.2,23,Matches,8696bc90
215,Munir El Haddadi,ma MAR,FWMF,Sevilla,22,1995,11.6,483,11,46,217,250,55,465,17,29,58.6,18,1,354,1503,812,46,15,7,22,18,529,348,65.8,122,Matches,8696bc90
216,Uche Henry Agbo,ng NGA,MF,Rayo Vallecano,22,1995,4.1,234,3,66,155,30,0,231,2,2,100.0,2,0,177,871,440,19,4,0,2,3,173,169,97.7,2,Matches,98554bfd
217,Mario Hermoso,es ESP,DF,Espanyol,23,1995,31.2,1973,315,1124,890,69,25,1912,12,15,80.0,12,0,1257,5501,3055,71,10,0,3,11,1273,1254,98.5,22,Matches,555f3a0b
218,Lucas Hernández,fr FRA,DF,Atlético Madrid,22,1996,12.4,689,68,279,355,111,16,653,7,11,63.6,9,0,422,2492,1364,46,13,3,3,7,450,417,92.7,19,Matches,c3ee18ef
219,Theo Hernández,fr FRA,DF,Real Sociedad,20,1997,22.0,1476,61,457,782,415,35,1275,38,72,52.8,42,0,991,6366,4311,152,70,14,25,39,1010,914,90.5,62,Matches,d4c9725f
220,Yangel Herrera,ve VEN,MFDF,Huesca,20,1998,12.8,655,41,159,382,147,16,624,13,28,46.4,14,1,378,1454,603,32,10,0,12,18,385,331,86.0,36,Matches,e778654a
221,Iago Herrerín,es ESP,GK,Athletic Club,30,1988,31.0,1044,852,1033,10,1,0,697,1,2,50.0,2,0,518,2871,1995,0,0,0,0,0,420,420,100.0,0,Matches,9109185e
222,Pablo Hervías,es ESP,MF,Eibar,25,1993,2.0,102,0,12,34,67,3,82,9,10,90.0,9,0,77,472,127,9,1,1,1,5,91,64,70.3,11,Matches,ba5a9545
223,Pablo Hervías,es ESP,MFFW,Valladolid,25,1993,1.8,72,1,12,27,45,4,64,3,4,75.0,3,0,57,527,169,9,3,2,2,0,65,49,75.4,6,Matches,ba5a9545
224,Andrew Hjulsager,dk DEN,MFFW,Celta Vigo,23,1995,4.0,196,4,40,67,104,8,188,8,20,40.0,10,1,161,717,366,21,4,3,15,9,179,133,74.3,24,Matches,2ef16f06
225,Wesley Hoedt,nl NED,DF,Celta Vigo,24,1994,9.9,616,81,332,301,18,7,600,10,11,90.9,10,0,386,2310,1114,26,3,1,4,2,389,380,97.7,3,Matches,875898c7
226,Robert Ibáñez,es ESP,FWMF,Getafe,25,1993,0.8,35,0,3,18,19,3,35,0,2,0.0,0,0,27,184,115,8,2,0,1,2,39,25,64.1,8,Matches,c7429db3
227,Vicente Iborra,es ESP,MFFW,Villarreal,30,1988,18.5,968,56,230,618,161,38,955,12,22,54.5,14,0,609,2313,837,35,18,2,8,12,792,643,81.2,76,Matches,ad1ffcfd
228,Borja Iglesias,es ESP,FW,Espanyol,25,1993,34.2,1130,49,111,527,551,189,1054,44,72,61.1,50,1,758,3037,1484,84,24,18,108,74,1606,790,49.2,344,Matches,75645f0e
229,Asier Illarramendi,es ESP,MF,Real Sociedad,28,1990,20.2,1444,87,435,952,160,5,1359,7,12,58.3,7,0,974,5527,2779,110,27,0,6,16,933,891,95.5,10,Matches,5ce0b5ba
230,Giannelli Imbula,cd COD,MF,Rayo Vallecano,25,1992,19.2,939,23,173,651,207,15,916,55,73,75.3,63,0,823,4644,2522,113,32,2,24,38,808,731,90.5,33,Matches,b86fe156
231,Pablo Insua,es ESP,DF,Huesca,24,1993,8.6,328,37,183,155,4,4,322,1,1,100.0,1,0,182,958,385,7,0,0,2,3,179,170,95.0,3,Matches,4b5e7e90
232,Takashi Inui,jp JPN,FWMF,Betis,30,1988,4.2,188,2,19,80,105,18,182,8,12,66.7,9,1,159,759,381,22,6,4,11,5,179,143,79.9,30,Matches,61bd33d0
233,Takashi Inui,jp JPN,MFFW,Alavés,30,1988,9.2,363,12,52,185,147,20,342,11,16,68.8,11,0,268,1676,1052,49,11,5,16,20,317,236,74.4,40,Matches,61bd33d0
234,Gorka Iraizoz,es ESP,GK,Girona,37,1981,6.2,260,241,260,2,0,0,173,1,1,100.0,1,0,104,478,257,0,0,0,0,0,87,87,100.0,0,Matches,26f2473f
235,Carlos Isaac,es ESP,DF,Atlético Madrid,20,1998,1.0,63,3,9,37,23,4,53,1,1,100.0,1,0,46,230,153,6,4,1,3,1,44,41,93.2,2,Matches,3e5a168c
236,Isco,es ESP,MFFW,Real Madrid,26,1992,13.2,1142,5,137,677,413,61,1099,29,43,67.4,30,1,987,4479,2213,124,36,9,24,32,1080,953,88.2,104,Matches,a0b4bb3e
237,Manuel Iturra,cl CHI,MF,Villarreal,34,1984,0.8,61,2,13,46,5,0,60,0,0,,0,0,36,76,30,2,1,0,0,0,44,41,93.2,0,Matches,000b3da6
238,Ander Iturraspe,es ESP,MF,Athletic Club,29,1989,1.1,87,6,30,55,9,0,85,0,0,,0,0,59,218,148,4,2,0,1,2,65,61,93.8,4,Matches,6dce77a5
239,Ivi,es ESP,MFFW,Valladolid,24,1994,0.2,19,0,1,7,14,0,15,0,0,,0,0,13,99,77,3,3,0,2,1,15,13,86.7,2,Matches,d2fa73e7
240,Adnan Januzaj,be BEL,FWMF,Real Sociedad,23,1995,13.9,821,9,71,318,515,66,726,65,113,57.5,70,1,695,3751,2259,119,33,20,61,56,792,605,76.4,127,Matches,4737cebe
241,Jason,es ESP,MFFW,Levante,24,1994,25.9,1187,53,280,560,437,45,1054,31,77,40.3,35,1,752,4445,2677,117,44,7,30,46,877,676,77.1,103,Matches,9038c2a1
242,Mathias Jensen,dk DEN,MFFW,Celta Vigo,22,1996,2.6,112,2,19,62,34,5,111,2,4,50.0,2,0,86,292,123,6,2,0,2,7,101,79,78.2,16,Matches,0f134faf
243,Jesé,es ESP,FWMF,Betis,25,1993,8.7,280,0,14,137,145,50,253,10,24,41.7,13,0,210,989,505,30,6,9,12,11,337,194,57.6,76,Matches,4a537185
244,Joaquín,es ESP,FWDF,Betis,37,1981,18.8,1168,32,122,519,635,68,1074,48,64,75.0,51,2,929,4935,2884,180,57,26,26,28,1066,886,83.1,103,Matches,4c5b14d2
245,Jony,es ESP,MFFW,Alavés,27,1991,33.0,1613,16,208,682,874,84,1311,62,136,45.6,70,5,1063,5735,3695,157,75,21,97,73,1284,944,73.5,152,Matches,244f57b9
246,Joan Jordán,es ESP,MF,Eibar,24,1994,31.9,2234,30,232,1321,802,40,2021,55,74,74.3,55,1,1501,6820,3134,154,51,8,41,29,1569,1362,86.8,117,Matches,2a0c8ba4
247,Willian José,br BRA,FW,Real Sociedad,26,1991,26.3,1047,32,76,584,441,104,998,22,44,50.0,24,3,751,3047,936,46,18,5,50,51,1302,828,63.6,270,Matches,d87e2cae
248,Aleksandar Jovanović,rs SRB,GK,Huesca,25,1992,12.0,359,317,359,1,0,0,227,0,0,,0,0,177,926,670,0,0,0,0,0,141,141,100.0,0,Matches,129dd8e7
249,Jozabed,es ESP,MF,Celta Vigo,27,1991,12.8,816,19,168,541,142,15,800,5,7,71.4,5,0,600,2386,1039,44,9,2,6,11,635,587,92.4,26,Matches,9b337c7c
250,Miguel Juan Llambrich,es ESP,DF,Villarreal,22,1996,6.0,328,23,113,151,89,7,275,15,24,62.5,17,0,199,1060,551,24,9,0,6,7,172,159,92.4,4,Matches,d83f09ff
251,Juanfran,es ESP,DF,Atlético Madrid,33,1985,17.9,1115,64,296,498,388,26,958,12,23,52.2,14,0,753,3662,2012,106,38,8,10,13,744,671,90.2,33,Matches,cfd8d664
252,Juanfran,es ESP,DF,Leganés,29,1988,16.2,811,46,187,350,327,19,691,16,26,61.5,18,1,500,2669,1662,75,33,3,13,17,530,456,86.0,31,Matches,9ba48d64
253,Juanmi,es ESP,FWMF,Real Sociedad,25,1993,16.9,586,9,83,321,216,68,570,22,35,62.9,27,1,422,1790,704,46,8,7,34,30,746,418,56.0,125,Matches,84399660
254,Juanpe,es ESP,DF,Girona,27,1991,30.7,1841,223,1086,815,65,31,1768,14,16,87.5,15,1,1115,5958,3649,51,5,0,6,6,1188,1158,97.5,20,Matches,1633fc8a
255,Juanpi,ve VEN,MFFW,Huesca,24,1994,7.4,350,9,58,197,127,14,330,9,19,47.4,9,0,261,1481,779,38,12,3,18,20,303,222,73.3,34,Matches,d79afcfc
256,David Juncà,es ESP,DF,Celta Vigo,24,1993,19.5,1274,71,394,660,305,17,1110,17,24,70.8,18,2,788,3522,2121,116,47,4,14,12,831,769,92.5,31,Matches,de7d40d6
257,Vinicius Júnior,br BRA,FW,Real Madrid,18,2000,9.7,496,1,38,165,347,111,490,40,61,65.6,42,0,465,3087,2129,120,28,52,30,35,528,399,75.6,110,Matches,7111d552
258,Gaël Kakuta,cd COD,MFFW,Rayo Vallecano,27,1991,8.0,360,7,48,163,174,23,335,23,33,69.7,24,2,285,1227,638,39,11,4,19,18,341,261,76.5,51,Matches,5b1bf5e3
259,Nikola Kalinić,hr CRO,FW,Atlético Madrid,30,1988,7.1,167,1,12,65,95,35,166,4,8,50.0,4,1,106,368,137,8,1,2,26,4,324,127,39.2,61,Matches,d4931a5a
260,Lee Kangin,kr KOR,FWMF,Valencia,17,2001,0.3,20,0,3,8,12,0,20,0,0,,0,0,17,143,97,5,2,0,2,0,19,15,78.9,3,Matches,8455ad90
261,Wilfrid Kaptoum,cm CMR,MF,Betis,22,1996,8.6,416,10,71,281,97,7,414,20,29,69.0,20,0,321,1698,880,37,11,2,12,13,355,310,87.3,21,Matches,d717630e
262,Keko,es ESP,MFFW,Valladolid,26,1991,17.0,757,21,129,324,370,55,733,33,51,64.7,35,1,562,3370,2023,116,29,13,36,29,752,489,65.0,113,Matches,1512328c
263,Kike,es ESP,FW,Eibar,28,1989,14.4,613,4,25,227,380,103,597,11,16,68.8,11,0,387,1267,447,31,7,7,58,29,916,478,52.2,211,Matches,e897d8ba
264,Simon Kjær,dk DEN,DF,Sevilla,29,1989,22.3,1166,206,712,470,30,21,1136,3,3,100.0,3,0,649,2913,1414,27,2,0,4,1,666,643,96.5,15,Matches,8b8a56ce
265,Kenan Kodro,ba BIH,FWMF,Athletic Club,24,1993,1.8,71,0,9,32,32,7,69,1,3,33.3,1,0,43,155,59,2,1,0,7,4,122,56,45.9,23,Matches,e82d2807
266,Koke,es ESP,MF,Atlético Madrid,26,1992,28.7,2324,51,399,1299,731,36,2168,31,39,79.5,32,1,1664,5872,2656,115,45,5,20,28,1895,1703,89.9,106,Matches,55126f3b
267,Geoffrey Kondogbia,cf CTA,MF,Valencia,25,1993,13.8,922,55,263,614,131,13,917,25,32,78.1,25,2,682,3964,1759,63,22,1,8,14,694,647,93.2,28,Matches,cce181df
268,Vasyl Kravets,ua UKR,DF,Leganés,20,1997,5.3,283,11,74,118,110,7,244,3,6,50.0,4,0,166,881,501,19,6,2,3,5,170,153,90.0,17,Matches,29e48848
269,Toni Kroos,de GER,MF,Real Madrid,28,1990,24.7,2389,34,402,1560,568,21,2173,14,18,77.8,14,0,1811,7746,4125,197,51,6,14,12,1913,1834,95.9,43,Matches,6ce1f46f
270,Víctor Laguardia,es ESP,DF,Alavés,28,1989,36.0,1678,243,957,754,52,35,1600,2,3,66.7,2,0,782,3689,2029,43,4,0,5,1,855,825,96.5,27,Matches,b7c99b9b
271,Diego Lainez,mx MEX,MFFW,Betis,18,2000,3.9,209,3,19,71,142,16,204,13,24,54.2,15,3,187,937,542,37,10,3,14,15,212,173,81.6,37,Matches,bf12926c
272,Toni Lato,es ESP,DF,Valencia,20,1997,3.0,219,18,79,106,45,5,187,2,2,100.0,2,0,122,486,190,10,4,0,3,2,123,111,90.2,3,Matches,8e088e04
273,Miguel Layún,mx MEX,MFDF,Villarreal,30,1988,5.6,342,7,55,133,171,7,284,7,10,70.0,7,0,231,906,500,19,9,0,11,7,250,220,88.0,22,Matches,ad6295d4
274,Robin Le Normand,fr FRA,DF,Real Sociedad,21,1996,3.2,257,23,127,144,7,5,248,2,2,100.0,2,0,178,1190,607,9,1,0,1,0,180,179,99.4,5,Matches,9a64e67e
275,Wu Lei,cn CHN,FWMF,Espanyol,26,1991,11.8,351,8,54,141,178,69,344,12,19,63.2,13,0,234,1233,758,42,12,13,22,14,411,227,55.2,102,Matches,e3fabb0a
276,Iñigo Lekue,es ESP,DF,Athletic Club,25,1993,2.3,154,14,49,81,39,1,128,3,5,60.0,3,0,89,397,199,11,8,0,3,2,88,77,87.5,2,Matches,59b7d823
277,Thomas Lemar,fr FRA,MFFW,Atlético Madrid,22,1995,20.2,1270,10,169,627,580,48,1203,60,84,71.4,60,0,1032,5108,2545,131,46,10,32,54,1151,958,83.2,120,Matches,4dbd0916
278,Clément Lenglet,fr FRA,DF,Barcelona,23,1995,21.5,1344,216,784,619,28,9,1319,4,4,100.0,4,0,939,4857,2813,51,5,0,2,5,965,944,97.8,6,Matches,4f28a6ff
279,Pedro León,es ESP,MFFW,Eibar,31,1986,4.7,225,0,9,78,147,9,199,1,5,20.0,1,0,136,634,350,24,7,1,11,7,204,136,66.7,40,Matches,d66b9872
280,Sergio León,es ESP,FWMF,Betis,29,1989,7.1,189,3,14,91,94,30,178,8,20,40.0,8,1,138,399,134,10,2,4,24,8,271,133,49.1,59,Matches,0a0cc13c
281,Diego Llorente,es ESP,DF,Real Sociedad,24,1993,19.5,1307,176,755,625,33,11,1276,5,6,83.3,5,0,874,5760,3379,59,8,1,6,5,899,875,97.3,11,Matches,bba30585
282,Marcos Llorente,es ESP,MF,Real Madrid,23,1995,6.0,429,25,134,296,37,2,425,5,9,55.6,5,0,348,2114,783,21,7,2,0,3,331,321,97.0,9,Matches,02c15616
283,Giovani Lo Celso,ar ARG,MFFW,Betis,22,1996,26.6,1848,19,199,1060,788,116,1810,68,116,58.6,77,5,1542,9326,4979,257,103,19,61,60,1721,1480,86.0,169,Matches,d7553721
284,Stanislav Lobotka,sk SVK,MF,Celta Vigo,23,1994,27.7,1641,32,334,1111,328,18,1614,33,44,75.0,34,0,1298,7049,3303,122,40,3,20,23,1316,1229,93.4,55,Matches,e1cbb531
285,Samuele Longo,it ITA,FWMF,Huesca,26,1992,6.2,174,8,14,96,70,30,163,10,16,62.5,13,2,120,199,88,6,1,2,24,23,251,122,48.6,37,Matches,1163de29
286,Alejandro López,es ESP,MF,Espanyol,21,1997,1.2,90,5,20,50,33,1,88,0,1,0.0,0,0,72,443,272,13,9,0,1,4,75,69,92.0,4,Matches,f1887f53
287,David López,es ESP,DF,Espanyol,28,1989,20.2,1367,178,733,665,67,18,1316,4,7,57.1,4,0,930,5773,3261,76,15,0,4,2,972,948,97.5,15,Matches,f03f284b
288,Diego López,es ESP,GK,Espanyol,36,1981,38.0,1281,1150,1276,5,1,0,829,1,1,100.0,1,0,577,3108,1834,0,0,0,0,0,478,477,99.8,0,Matches,73683fa9
289,Javi López,es ESP,DF,Espanyol,32,1986,21.6,1355,88,468,641,329,11,1157,25,34,73.5,26,0,833,4292,2419,112,35,3,15,14,794,723,91.1,27,Matches,ffad706e
290,Lluis López,es ESP,DF,Espanyol,21,1997,5.8,294,44,172,127,6,2,288,2,2,100.0,2,0,171,870,425,7,2,0,1,1,181,178,98.3,1,Matches,a685f013
291,Pedro López Muñoz,es ESP,DF,Levante,34,1983,5.2,287,23,86,136,88,4,238,7,10,70.0,7,0,168,1006,549,31,10,3,1,2,166,151,91.0,6,Matches,a60823a4
292,Pau López,es ESP,GK,Betis,23,1994,33.0,1294,1097,1279,16,1,0,990,0,0,,0,0,754,2953,1764,0,0,0,0,0,654,653,99.8,0,Matches,20b9f052
293,Roberto López,es ESP,MF,Real Sociedad,18,2000,0.3,7,2,2,3,2,0,7,0,0,,0,0,2,17,0,0,0,0,0,0,8,2,25.0,0,Matches,2a8c9f98
294,Unai López,es ESP,MF,Athletic Club,22,1995,3.6,290,5,48,194,73,5,285,6,9,66.7,8,0,236,1042,458,26,13,0,3,3,234,220,94.0,11,Matches,88050721
295,Anthony Lozano,hn HON,FWMF,Girona,25,1993,8.1,299,3,41,157,122,40,291,6,14,42.9,7,0,191,1226,769,25,12,5,22,11,308,211,68.5,68,Matches,38699c72
296,Filipe Luís,br BRA,DF,Atlético Madrid,32,1985,22.6,1747,81,483,926,465,40,1540,24,32,75.0,24,1,1189,6418,3683,184,58,8,16,20,1163,1111,95.5,46,Matches,e4ed2628
297,José Luis Gayà,es ESP,DF,Valencia,23,1995,34.9,2208,123,749,1039,560,70,1910,47,69,68.1,48,1,1375,7602,4638,226,61,9,26,20,1375,1268,92.2,81,Matches,b05e2dbd
298,José Luis Morales,es ESP,FWMF,Levante,31,1987,35.5,1262,20,163,488,750,204,1216,82,147,55.8,90,5,1042,5625,3296,178,58,53,84,103,1430,916,64.1,312,Matches,4a478107
299,Luisinho,pt POR,DF,Huesca,33,1985,5.6,303,22,113,154,66,1,266,5,5,100.0,5,0,200,1106,633,25,15,0,2,6,179,175,97.8,4,Matches,a7f00c8c
300,Douglas Luiz,br BRA,MF,Girona,20,1998,16.6,921,51,255,613,135,10,893,22,25,88.0,22,0,647,3631,2045,68,22,1,11,11,612,571,93.3,13,Matches,6f7d826d
301,Antonio Luna,es ESP,DF,Levante,27,1991,14.0,787,57,246,378,214,15,658,12,15,80.0,12,0,451,2626,1305,56,20,2,11,13,466,412,88.4,33,Matches,ed239245
302,Andriy Lunin,ua UKR,GK,Leganés,19,1999,4.1,137,124,136,0,1,0,93,0,0,,0,0,66,243,116,0,0,0,0,1,50,50,100.0,0,Matches,3061e1ec
303,Nemanja Maksimović,rs SRB,MF,Getafe,23,1995,35.7,1142,60,251,710,232,46,1104,9,18,50.0,9,0,475,2620,1192,53,21,3,23,17,589,434,73.7,50,Matches,00b28772
304,Malcom,br BRA,FWDF,Barcelona,21,1997,6.8,388,3,28,157,234,43,375,13,18,72.2,13,0,328,1904,1120,75,17,10,9,4,412,318,77.2,71,Matches,6853490f
305,Hugo Mallo,es ESP,DF,Celta Vigo,27,1991,34.4,2414,138,642,1160,739,56,2021,20,36,55.6,22,1,1366,6247,3447,183,58,8,35,17,1489,1355,91.0,94,Matches,cb574619
306,Aïssa Mandi,dz ALG,DF,Betis,26,1991,34.0,2845,293,1136,1560,319,28,2738,9,12,75.0,10,0,2145,8322,4689,138,44,2,9,8,2252,2203,97.8,24,Matches,fbd6378b
307,Martín Mantovani,ar ARG,DF,Huesca,34,1984,7.8,340,53,181,155,13,9,334,1,3,33.3,2,0,145,625,231,7,1,0,1,3,143,137,95.8,1,Matches,4ffb647d
308,Fran Manzanara,es ESP,DFMF,Levante,21,1996,1.7,94,12,36,55,6,2,91,0,0,,0,0,40,135,42,1,1,0,1,0,55,53,96.4,1,Matches,bbfaeda4
309,Marcelo,br BRA,DF,Real Madrid,30,1988,20.6,1746,39,381,886,581,56,1575,39,53,73.6,40,2,1339,5524,3499,192,46,14,26,16,1399,1300,92.9,71,Matches,603116a7
310,Óscar de Marcos,es ESP,DFFW,Athletic Club,29,1989,26.9,1612,77,380,747,575,55,1377,11,29,37.9,12,1,943,4157,2300,116,46,8,35,22,1162,955,82.2,122,Matches,9f323c71
311,Miguel Marí,es ESP,MF,Eibar,21,1997,0.8,45,1,5,33,10,0,45,0,0,,0,0,31,118,17,1,0,0,0,1,32,28,87.5,1,Matches,d70a3661
312,José María Giménez,uy URU,DF,Atlético Madrid,23,1995,19.7,979,164,543,433,48,25,927,8,9,88.9,9,0,525,2565,1315,19,5,1,1,3,530,518,97.7,19,Matches,f0da930c
313,Mariano,do DOM,FW,Real Madrid,24,1993,5.0,147,2,6,58,95,43,136,4,7,57.1,5,0,92,375,215,10,7,3,8,4,197,110,55.8,54,Matches,5c4dc0ff
314,Adrián Marín,es ESP,DFMF,Alavés,21,1997,3.2,156,9,70,71,26,2,123,4,9,44.4,4,0,62,219,133,7,7,0,3,0,62,54,87.1,3,Matches,b7f2edff
315,Guillermo Maripán,cl CHI,DF,Alavés,24,1994,22.3,964,169,571,405,36,29,903,2,5,40.0,2,0,428,2310,1326,17,2,0,3,1,453,426,94.0,20,Matches,d9764034
316,Roger Martí,es ESP,FW,Levante,27,1991,21.0,603,12,52,283,301,95,583,18,31,58.1,18,0,440,1805,734,48,15,9,42,29,870,451,51.8,160,Matches,0ae4e09a
317,Iñigo Martínez,es ESP,DF,Athletic Club,27,1991,32.2,1764,175,859,952,76,31,1660,4,6,66.7,4,0,986,6339,3467,102,10,0,11,4,1002,970,96.8,29,Matches,3fc45c73
318,Gelson Martins,pt POR,FW,Atlético Madrid,23,1995,2.5,122,0,12,40,80,17,119,8,17,47.1,8,0,105,540,351,17,7,4,6,12,155,83,53.5,29,Matches,3ef0fa48
319,Jordi Masip,es ESP,GK,Valladolid,29,1989,35.0,1206,1096,1202,4,1,0,754,0,0,,0,0,544,3024,1857,0,0,0,1,0,418,414,99.0,0,Matches,8fae77ea
320,Jaime Mata,es ESP,FWMF,Getafe,29,1988,27.0,1034,27,102,467,509,132,1017,25,45,55.6,26,2,698,2742,1206,69,13,8,87,39,1429,772,54.0,294,Matches,02319ad7
321,Borja Mayoral,es ESP,FW,Levante,21,1997,18.0,582,7,44,289,294,70,562,31,59,52.5,35,1,474,2085,924,54,20,12,32,33,764,432,56.5,148,Matches,64e8ed6d
322,Róbert Mazáň,sk SVK,DF,Celta Vigo,24,1994,1.0,65,1,23,25,20,0,58,0,0,,0,0,43,142,67,1,0,0,2,1,55,49,89.1,0,Matches,30672832
323,Álvaro Medrán,es ESP,MF,Rayo Vallecano,24,1994,12.8,898,28,196,567,201,14,838,18,25,72.0,18,0,693,3397,1572,65,23,0,11,23,677,626,92.5,21,Matches,31223bcf
324,Óscar Melendo,es ESP,MFFW,Espanyol,20,1997,22.2,1106,15,162,648,398,29,1086,36,44,81.8,38,0,894,4669,2400,129,58,4,30,40,1068,861,80.6,135,Matches,379652be
325,Gonzalo Melero,es ESP,MF,Huesca,24,1994,14.9,865,36,158,561,212,40,855,15,27,55.6,15,1,650,3223,1633,83,28,1,25,14,728,640,87.9,47,Matches,3902e91b
326,Arthur Melo,br BRA,MF,Barcelona,21,1996,15.9,1405,26,247,938,337,11,1381,18,24,75.0,19,2,1198,6263,2536,111,39,0,10,13,1266,1208,95.4,31,Matches,48b3dd60
327,Brais Méndez,es ESP,MFFW,Celta Vigo,21,1997,26.1,1580,36,196,820,651,78,1445,36,64,56.3,39,2,1114,4458,2285,129,51,13,44,49,1455,1093,75.1,171,Matches,c9e39d91
328,Gabriel Mercado,ar ARG,DF,Sevilla,31,1987,19.3,962,99,447,505,62,10,914,2,3,66.7,2,0,535,2282,1162,35,7,0,4,2,572,535,93.5,10,Matches,bf97c188
329,Mikel Merino,es ESP,MF,Real Sociedad,22,1996,22.8,1401,59,323,866,318,44,1388,27,43,62.8,28,2,1032,4450,2510,98,39,4,37,45,1177,980,83.3,95,Matches,d080ed5e
330,Sabin Merino,es ESP,FWMF,Leganés,26,1992,3.3,138,5,13,59,73,19,134,3,8,37.5,4,0,77,284,119,7,3,3,10,6,207,102,49.3,45,Matches,1d5f96d9
331,Martín Merquelanz,es ESP,MFFW,Real Sociedad,23,1995,0.1,1,0,0,1,1,0,1,0,0,,0,0,1,0,0,0,0,0,0,1,0,0,,0,Matches,ddd5348b
332,Roque Mesa,es ESP,MF,Sevilla,29,1989,19.4,1170,20,238,688,338,39,1128,25,32,78.1,27,1,897,4960,2357,91,27,7,21,36,889,806,90.7,57,Matches,7c4243d4
333,Lionel Messi,ar ARG,FW,Barcelona,31,1987,30.1,2395,0,58,1118,1464,194,2229,149,243,61.3,156,9,2115,10625,6171,408,152,42,51,75,2437,2046,84.0,229,Matches,d70ce98e
334,Míchel,es ESP,MF,Valladolid,30,1988,28.4,1996,50,454,1196,476,14,1791,34,43,79.1,36,2,1323,6232,3251,143,42,10,28,27,1343,1247,92.9,51,Matches,418f8f61
335,Miguel,es ESP,MFFW,Valladolid,18,1999,0.1,13,0,2,4,7,2,13,0,1,0.0,1,0,8,13,4,0,0,0,1,1,14,8,57.1,3,Matches,6763373d
336,Pere Milla,es ESP,FWMF,Eibar,25,1992,3.8,175,0,9,71,103,14,163,4,8,50.0,5,0,117,425,233,18,4,5,12,7,164,119,72.6,30,Matches,335039a2
337,Santi Mina,es ESP,FW,Valencia,22,1995,20.6,746,17,54,381,335,87,727,15,35,42.9,18,1,504,1619,673,50,10,11,62,44,1027,550,53.6,205,Matches,0b90bb97
338,Ignasi Miquel,es ESP,DF,Getafe,25,1992,3.5,130,16,64,70,3,2,125,2,2,100.0,2,0,56,360,188,3,0,0,1,0,48,44,91.7,1,Matches,174f09a6
339,Jorge Miramón,es ESP,DF,Huesca,29,1989,27.7,1629,118,531,784,428,22,1352,38,50,76.0,40,0,966,5615,2916,113,52,5,22,20,871,768,88.2,47,Matches,7f4c7c9f
340,Luka Modrić,hr CRO,MF,Real Madrid,32,1985,29.0,2264,26,321,1357,739,53,2176,62,91,68.1,66,3,1904,9592,4332,242,56,12,34,48,2002,1828,91.3,127,Matches,6025fab1
341,Johan Mojica,co COL,DFMF,Girona,25,1992,0.2,12,0,4,2,7,0,11,0,0,,0,0,7,61,32,2,1,0,1,0,9,8,88.9,0,Matches,608f2092
342,Jorge Molina,es ESP,FW,Getafe,36,1982,29.4,1118,28,52,479,638,153,1099,33,60,55.0,35,2,760,2270,1107,78,22,15,94,53,1621,862,53.2,322,Matches,43f71e77
343,Victor Mollejo,es ESP,FWMF,Atlético Madrid,17,2001,0.7,35,0,9,14,13,2,34,0,1,0.0,0,0,23,82,41,3,1,1,2,3,56,29,51.8,8,Matches,23fffc06
344,Francisco Montero,es ESP,DF,Atlético Madrid,19,1999,4.5,213,30,135,86,4,1,203,0,0,,0,0,123,803,362,2,1,0,2,0,125,116,92.8,1,Matches,3e96f3e7
345,Emre Mor,tr TUR,FWMF,Celta Vigo,21,1997,4.1,142,4,18,69,73,11,141,13,19,68.4,14,0,123,708,319,18,5,1,8,11,140,96,68.6,14,Matches,0c3f7197
346,Álvaro Morata,es ESP,FW,Atlético Madrid,25,1992,12.0,422,13,44,189,222,72,412,15,24,62.5,15,1,262,1244,789,40,15,11,30,19,609,313,51.4,125,Matches,129af0db
347,Álex Moreno,es ESP,DF,Rayo Vallecano,25,1993,34.8,2003,129,607,870,709,84,1662,56,106,52.8,67,4,1216,8806,5824,278,83,40,43,56,1213,1034,85.2,111,Matches,16e9d0ea
348,Gerard Moreno,es ESP,FW,Villarreal,26,1992,25.7,1109,43,94,599,481,135,1059,54,85,63.5,55,2,802,3530,1583,92,28,15,74,41,1328,817,61.5,259,Matches,81f0781e
349,Héctor Moreno,mx MEX,DF,Real Sociedad,30,1988,21.5,1383,172,751,696,49,14,1321,2,3,66.7,2,0,923,6028,3686,99,12,0,2,2,975,946,97.0,8,Matches,5d311e8d
350,Sergio Moreno,es ESP,MF,Rayo Vallecano,19,1999,0.2,3,0,0,1,2,1,3,0,0,,0,0,2,5,1,0,0,0,0,0,8,3,37.5,2,Matches,014b57f5
351,Manu Morlanes,es ESP,MF,Villarreal,19,1999,6.8,387,11,80,258,77,5,382,4,7,57.1,4,0,267,1195,536,27,10,0,4,8,290,267,92.1,9,Matches,a0255c67
352,Loren Morón,es ESP,FW,Betis,24,1993,21.7,683,20,57,337,324,104,654,24,58,41.4,26,5,476,1819,797,43,10,5,50,44,865,468,54.1,156,Matches,3aa4a3be
353,Toni Moya,es ESP,DF,Atlético Madrid,20,1998,1.0,54,3,32,27,0,0,54,0,0,,0,0,39,161,100,2,0,0,0,0,44,43,97.7,0,Matches,9e098912
354,Javi Moyano,es ESP,DF,Valladolid,32,1986,23.3,1178,102,420,558,254,14,955,8,9,88.9,8,0,614,2535,1331,54,20,0,11,8,610,569,93.3,28,Matches,933e8c8a
355,Iker Muniain,es ESP,FWMF,Athletic Club,25,1992,26.5,1545,13,190,895,599,56,1491,56,92,60.9,57,6,1296,6092,3021,153,54,4,39,56,1436,1198,83.4,139,Matches,c05dfb74
356,Marc Muniesa,es ESP,DFMF,Girona,26,1992,15.6,1067,78,453,535,136,12,962,11,14,78.6,11,0,654,2702,1557,45,11,0,9,8,651,623,95.7,18,Matches,4db76f57
357,Aihen Muñoz,es ESP,DF,Real Sociedad,20,1997,10.6,639,39,235,284,147,12,533,12,22,54.5,14,0,382,1834,982,43,10,4,8,8,383,354,92.4,23,Matches,228b0d9d
358,Ezequiel Muñoz,ar ARG,DF,Leganés,27,1990,2.3,135,11,79,57,4,3,133,0,0,,0,0,94,506,179,2,0,0,0,1,91,89,97.8,3,Matches,e4b8c5b6
359,Joaquín Muñoz,es ESP,MF,Atlético Madrid,19,1999,0.0,3,0,0,1,2,0,3,0,0,,0,0,1,0,0,0,0,0,1,0,2,2,100.0,0,Matches,e9fbcc21
360,Luis Muriel,co COL,MFFW,Sevilla,27,1991,1.4,64,1,2,38,30,6,62,6,8,75.0,7,0,42,244,169,10,5,1,2,2,71,49,69.0,12,Matches,eb2fe5b6
361,Jeison Murillo,co COL,DF,Barcelona,26,1992,1.3,135,10,61,85,1,1,131,0,0,,0,0,93,635,464,11,0,0,0,1,108,108,100.0,1,Matches,b233e8e4
362,Jeison Murillo,co COL,DF,Valencia,26,1992,1.0,31,4,18,13,0,0,31,0,0,,0,0,13,36,18,1,0,0,0,0,14,13,92.9,0,Matches,b233e8e4
363,Damián Musto,ar ARG,MF,Huesca,31,1987,18.7,1004,83,301,616,118,14,969,2,3,66.7,2,0,524,1850,823,27,5,0,15,11,573,526,91.8,19,Matches,74e0a984
364,Nacho,es ESP,DF,Real Madrid,28,1990,18.9,1213,108,489,601,175,25,1151,11,17,64.7,12,0,821,2802,1272,45,18,7,9,4,832,812,97.6,17,Matches,2946f9a1
365,Nacho,es ESP,DF,Valladolid,29,1989,35.0,2222,148,693,991,673,39,1890,23,33,69.7,24,0,1312,6691,3970,191,71,8,23,16,1350,1237,91.6,97,Matches,e29d1111
366,Naldo,br BRA,DF,Espanyol,29,1988,15.1,794,158,501,302,22,14,764,6,7,85.7,6,0,420,2220,1069,19,1,0,6,1,445,428,96.2,9,Matches,a2609621
367,Ximo Navarro,es ESP,DF,Alavés,28,1990,28.1,1347,154,581,648,197,18,1180,20,28,71.4,22,0,686,3877,1969,76,25,0,12,17,655,606,92.5,21,Matches,8db394aa
368,Jesús Navas,es ESP,DFMF,Sevilla,32,1985,30.1,2092,93,524,885,852,87,1849,40,59,67.8,44,1,1444,9701,6419,333,87,42,18,15,1563,1374,87.9,127,Matches,3f10bd22
369,Keylor Navas,cr CRC,GK,Real Madrid,31,1986,10.0,314,283,313,1,0,0,241,0,0,,0,0,181,880,484,0,0,0,0,0,145,145,100.0,0,Matches,ecada4fc
370,Raúl Navas,es ESP,DF,Real Sociedad,30,1988,14.6,1013,152,589,469,24,9,985,3,3,100.0,3,0,678,4696,2285,59,4,0,3,0,697,675,96.8,6,Matches,ad178594
371,Neto,br BRA,GK,Valencia,29,1989,34.0,907,810,903,6,0,0,534,0,0,,0,0,331,1965,1224,1,0,0,0,0,214,212,99.1,0,Matches,a9dc785c
372,Saúl Ñíguez,es ESP,MFDF,Atlético Madrid,23,1994,32.5,2042,103,454,1125,582,77,1946,52,77,67.5,57,1,1355,6467,2881,116,39,11,57,24,1529,1313,85.9,111,Matches,c14bc029
373,Peru Nolaskoain,es ESP,DF,Athletic Club,19,1998,5.2,325,41,168,162,13,6,319,1,2,50.0,1,0,204,844,547,20,4,0,2,0,207,206,99.5,6,Matches,857cb4f3
374,Nolito,es ESP,FWMF,Sevilla,31,1986,0.8,46,1,7,18,22,5,43,1,3,33.3,1,0,36,128,73,5,1,0,2,3,51,32,62.7,15,Matches,b2d0ec1b
375,Unai Núñez,es ESP,DF,Athletic Club,21,1997,11.8,670,79,315,364,25,15,662,4,4,100.0,4,0,400,2121,1169,24,1,0,2,1,419,408,97.4,10,Matches,be170419
376,Allan Nyom,cm CMR,DF,Leganés,30,1988,19.0,809,47,204,398,264,23,720,10,23,43.5,12,1,482,2208,1226,60,26,5,10,12,544,449,82.5,25,Matches,97572117
377,Jan Oblak,si SVN,GK,Atlético Madrid,25,1993,37.0,924,843,922,2,0,0,573,1,1,100.0,1,0,356,2054,1282,0,0,0,1,0,271,271,100.0,0,Matches,ee8508c0
378,Álvaro Odriozola,es ESP,DF,Real Madrid,22,1995,13.1,897,29,225,395,341,50,772,13,31,41.9,13,1,643,3755,1989,111,27,12,6,17,686,599,87.3,72,Matches,1d1691ad
379,Dani Ojeda,es ESP,MFDF,Leganés,23,1994,2.1,85,0,12,37,41,6,80,1,4,25.0,2,0,58,306,136,6,3,0,2,1,78,58,74.4,8,Matches,375a669e
380,Lucas Olaza,uy URU,DF,Celta Vigo,24,1994,10.0,570,26,188,279,130,4,492,5,7,71.4,5,1,366,1614,957,40,19,1,4,3,366,339,92.6,14,Matches,4cee5954
381,Oier Olazábal,es ESP,GK,Levante,28,1989,21.0,648,587,648,1,0,0,369,0,0,,0,0,191,1055,674,0,0,0,0,0,113,113,100.0,0,Matches,b5bdf144
382,Kiko Olivas,es ESP,DF,Valladolid,29,1988,34.4,1703,261,973,817,43,14,1660,18,20,90.0,18,0,1039,6328,3524,84,11,0,8,7,989,969,98.0,12,Matches,72b07a9c
383,Paulo Oliveira,pt POR,DF,Eibar,26,1992,24.9,1253,127,544,734,29,16,1212,1,1,100.0,1,0,601,3241,1275,26,4,0,5,2,607,587,96.7,13,Matches,a8fbae1d
384,Mathías Olivera,uy URU,DFMF,Getafe,20,1997,11.2,558,32,140,259,206,26,492,10,21,47.6,11,1,258,1531,996,44,22,3,15,16,355,251,70.7,48,Matches,41c12f75
385,Kenneth Omeruo,ng NGA,DF,Leganés,24,1993,27.0,1268,179,682,632,21,3,1241,9,9,100.0,9,0,695,3562,1299,33,10,0,5,3,630,618,98.1,1,Matches,0f0aa5b4
386,Fabián Orellana,cl CHI,MFFW,Eibar,32,1986,30.4,1801,1,111,707,1113,168,1735,110,202,54.5,125,14,1492,6237,3270,209,57,37,69,108,1743,1344,77.1,337,Matches,c90977db
387,Mikel Oyarzabal,es ESP,FWMF,Real Sociedad,21,1997,35.0,1483,37,218,693,712,148,1419,65,114,57.0,74,0,1068,5731,3366,161,68,17,74,87,1547,1038,67.1,269,Matches,8c3c640c
388,Fernando Pacheco,es ESP,GK,Alavés,26,1992,35.0,1149,967,1146,3,0,0,711,0,0,,0,0,450,2690,1980,0,0,0,0,0,340,339,99.7,0,Matches,97852360
389,Rubén Pardo,es ESP,MFFW,Real Sociedad,25,1992,15.2,992,30,162,597,299,14,867,15,19,78.9,16,1,684,3711,1745,69,27,0,8,16,756,665,88.0,41,Matches,2306bfde
390,Daniel Parejo,es ESP,MF,Valencia,29,1989,34.0,2720,92,578,1585,686,48,2401,40,52,76.9,41,5,1772,8058,3885,152,36,4,24,26,1885,1775,94.2,60,Matches,7460ca0d
391,Thomas Partey,gh GHA,MF,Atlético Madrid,25,1993,23.0,1665,45,347,1037,384,16,1601,47,56,83.9,48,1,1251,5827,2962,139,40,2,20,20,1214,1147,94.5,40,Matches,529f49ab
392,Gabriel Paulista,br BRA,DF,Valencia,27,1990,29.1,1618,253,938,731,44,18,1555,2,5,40.0,2,0,943,5383,2892,63,7,0,2,3,934,923,98.8,9,Matches,b7ca5c51
393,Alfonso Pedraza,es ESP,DFFW,Villarreal,22,1996,23.3,1299,73,333,548,514,79,1138,40,67,59.7,46,5,821,4593,2857,141,42,24,34,22,945,766,81.1,115,Matches,63f04c6c
394,Pedrosa,es ESP,DF,Espanyol,20,1998,8.5,422,31,151,189,121,16,351,11,18,61.1,11,1,253,1368,753,34,17,2,12,21,255,224,87.8,26,Matches,112521d1
395,Rubén Peña,es ESP,DF,Eibar,27,1991,29.7,2279,67,442,1199,825,36,1878,62,100,62.0,72,7,1428,8247,4478,224,98,12,31,29,1337,1218,91.1,65,Matches,1f079188
396,Carles Pérez,es ESP,FW,Barcelona,20,1998,0.2,10,0,2,3,6,2,10,1,1,100.0,1,0,8,30,23,1,1,0,0,0,9,8,88.9,0,Matches,a8f21b9f
397,Hernán Pérez,py PAR,FWMF,Espanyol,29,1989,8.8,415,15,92,172,192,38,406,21,43,48.8,24,0,321,1960,1233,58,13,7,23,19,401,286,71.3,79,Matches,e1cea3f7
398,Rubén Pérez,es ESP,MF,Leganés,29,1989,27.5,1632,64,391,1143,181,4,1590,20,28,71.4,21,2,1044,4376,1843,61,9,0,15,8,983,938,95.4,17,Matches,3c7bc9bd
399,Pablo Piatti,ar ARG,FWMF,Espanyol,29,1989,8.3,433,8,69,170,234,35,403,21,31,67.7,22,0,339,1808,1074,60,17,10,25,25,370,284,76.8,63,Matches,48e89655
400,Cristiano Piccini,it ITA,DF,Valencia,25,1992,20.8,1240,78,355,623,366,15,1045,28,49,57.1,31,0,774,4644,2725,132,46,5,20,17,765,699,91.4,26,Matches,32c0491f
401,Tomás Pina Isla,es ESP,MF,Alavés,30,1987,26.0,1289,73,315,859,178,22,1277,13,19,68.4,14,1,811,3279,1353,52,11,1,10,17,840,752,89.5,31,Matches,e54bd0a2
402,Gerard Piqué,es ESP,DF,Barcelona,31,1987,35.0,2760,385,1417,1447,94,32,2687,16,21,76.2,16,0,1915,10931,6477,169,31,1,11,9,1963,1889,96.2,27,Matches,adfc9123
403,Carles Planas,es ESP,DFMF,Girona,27,1991,4.7,260,12,86,123,64,5,227,2,3,66.7,2,0,146,664,390,15,3,1,1,1,176,154,87.5,12,Matches,72b92c4e
404,Óscar Plano,es ESP,MFFW,Valladolid,27,1991,29.9,1238,33,194,624,505,86,1189,28,46,60.9,32,0,865,4965,2335,108,43,10,56,41,1120,791,70.6,207,Matches,7c388b20
405,Stiven Plaza,ec ECU,FWMF,Valladolid,19,1999,0.4,9,0,1,4,4,0,9,0,0,,0,0,7,25,11,1,0,0,0,1,18,9,50.0,0,Matches,f4b7f2ec
406,Pere Pons,es ESP,MF,Girona,25,1993,31.0,1581,52,339,1027,322,34,1559,31,65,47.7,37,1,1032,4476,2372,91,39,5,33,43,1117,988,88.5,78,Matches,29b61deb
407,Pedro Porro,es ESP,DFMF,Girona,18,1999,24.6,1537,65,427,736,493,40,1291,41,75,54.7,47,2,995,5913,3894,180,62,10,36,29,946,823,87.0,88,Matches,27d0a506
408,Francisco Portillo,es ESP,MFFW,Getafe,28,1990,22.2,1039,11,126,530,468,31,1013,45,77,58.4,46,0,874,4041,1927,90,49,3,28,57,961,751,78.1,127,Matches,8e010ff4
409,Portu,es ESP,FWMF,Girona,26,1992,31.3,1055,4,86,475,585,144,1035,35,74,47.3,42,2,834,4297,2674,163,49,24,69,72,1388,804,57.9,307,Matches,1bda5842
410,Sergio Postigo,es ESP,DF,Levante,29,1988,16.1,657,122,363,315,20,11,634,2,3,66.7,2,0,338,1886,1159,27,1,0,4,2,326,315,96.6,8,Matches,474ecac8
411,José Pozo,es ESP,MFFW,Rayo Vallecano,22,1996,18.0,971,13,126,567,390,46,949,57,83,68.7,62,0,859,4878,2951,152,55,12,36,57,905,765,84.5,136,Matches,fc8b614b
412,Sanjin Prcić,ba BIH,MF,Levante,24,1993,5.9,346,20,86,221,62,0,342,6,7,85.7,6,1,211,1200,583,24,9,0,3,3,207,198,95.7,7,Matches,51c30111
413,Quincy Promes,nl NED,DFMF,Sevilla,26,1992,17.6,1136,31,255,483,479,78,1009,35,49,71.4,37,0,805,4233,2840,144,34,32,36,19,905,736,81.3,110,Matches,b182a240
414,Javi Puado,es ESP,FWMF,Espanyol,20,1998,4.0,144,9,37,48,69,21,140,4,9,44.4,4,0,96,691,411,16,5,3,12,7,164,92,56.1,32,Matches,2683eda7
415,Riqui Puig,es ESP,MF,Barcelona,18,1999,1.7,132,1,14,97,30,2,132,1,1,100.0,1,1,105,633,307,14,2,2,3,3,121,109,90.1,7,Matches,f090a37a
416,Jorge Pulido,es ESP,DF,Huesca,27,1991,30.9,1448,186,661,670,177,41,1296,7,14,50.0,8,0,685,3406,1761,62,15,1,15,9,713,648,90.9,43,Matches,978cd030
417,Xavi Quintillà,es ESP,DF,Villarreal,21,1996,7.0,427,28,143,202,99,5,341,0,2,0.0,0,0,205,866,477,21,8,1,3,1,255,242,94.9,9,Matches,84fb6aff
418,Dani Raba,es ESP,MF,Villarreal,22,1995,2.1,120,0,15,60,52,5,113,0,2,0.0,0,0,77,346,110,4,1,1,3,5,99,84,84.8,18,Matches,ea6a7ab4
419,Rafinha,br BRA,FWMF,Barcelona,25,1993,2.5,189,4,25,101,81,3,186,2,7,28.6,3,0,149,713,311,26,6,1,3,5,166,147,88.6,16,Matches,0c2ac3cb
420,Ivan Rakitić,hr CRO,MF,Barcelona,30,1988,29.4,2865,71,567,1822,678,33,2810,28,45,62.2,31,2,2297,9954,5145,212,80,3,12,24,2468,2334,94.6,85,Matches,89f951b5
421,Jonás Ramalho,es ESP,DF,Girona,25,1993,18.0,975,102,480,420,141,9,907,3,10,30.0,3,0,637,3145,1730,47,17,0,6,9,645,612,94.9,21,Matches,be3a0121
422,Sandro Ramírez,es ESP,FWMF,Real Sociedad,23,1995,11.7,559,9,61,240,299,59,514,13,31,41.9,14,0,388,1747,866,44,17,8,37,16,547,372,68.0,97,Matches,833fb62e
423,Iván Ramis,es ESP,DF,Eibar,33,1984,18.6,965,70,387,609,32,19,934,4,4,100.0,4,0,533,3231,1465,54,3,0,2,0,534,513,96.1,16,Matches,d2be40f2
424,Chris Ramos,es ESP,FW,Valladolid,21,1997,0.7,16,1,2,5,9,2,16,0,0,,0,0,3,0,0,0,0,0,3,1,30,10,33.3,6,Matches,44e07fac
425,Sergio Ramos,es ESP,DF,Real Madrid,32,1986,27.5,2192,207,1046,1171,108,42,2125,5,9,55.6,6,0,1550,8072,4435,83,12,0,4,3,1657,1583,95.5,27,Matches,08511d65
426,Recio,es ESP,MF,Leganés,27,1991,14.3,782,20,144,541,142,6,766,9,14,64.3,9,0,541,2543,1088,49,20,3,5,11,562,508,90.4,12,Matches,54073b28
427,Sergio Reguilón,es ESP,DF,Real Madrid,21,1996,12.4,937,40,241,480,275,20,855,12,22,54.5,12,0,686,2967,1811,87,32,5,14,9,676,638,94.4,35,Matches,3353737a
428,Diego Reyes,mx MEX,DF,Leganés,25,1992,3.6,223,26,90,132,19,1,202,3,3,100.0,3,0,143,998,536,19,6,0,0,1,131,129,98.5,1,Matches,d4f46475
429,Mikel Rico,es ESP,MF,Athletic Club,33,1984,2.7,127,3,21,81,30,4,121,1,3,33.3,1,0,80,252,97,3,1,0,3,5,93,71,76.3,12,Matches,def69cd0
430,Asier Riesgo,es ESP,GK,Eibar,34,1983,14.0,411,328,410,1,0,0,280,0,0,,0,0,209,1411,868,0,0,0,0,0,132,131,99.2,0,Matches,581c5276
431,Cristian Rivera,es ESP,MF,Huesca,21,1997,18.8,882,60,226,536,165,23,860,22,27,81.5,22,2,589,3290,1331,64,17,0,18,16,593,497,83.8,58,Matches,8ef81d2d
432,Rober,es ESP,DF,Levante,23,1995,31.7,1399,236,746,661,66,25,1342,12,12,100.0,12,0,762,4648,2639,68,8,0,5,7,729,702,96.3,17,Matches,c00097d2
433,Sergi Roberto,es ESP,DFMF,Barcelona,26,1992,23.2,1986,58,431,995,703,62,1850,17,25,68.0,19,0,1519,6921,4125,160,59,11,26,23,1626,1516,93.2,117,Matches,335fa267
434,Patrick Roberts,eng ENG,FW,Girona,21,1997,6.7,282,1,38,133,144,31,273,24,38,63.2,28,1,245,1392,861,39,7,12,19,22,272,205,75.4,50,Matches,59d93937
435,Joel Robles,es ESP,GK,Betis,28,1990,5.0,204,172,203,2,0,0,161,0,0,,0,0,107,620,350,0,0,0,0,1,99,99,100.0,0,Matches,cda0b317
436,Marc Roca,es ESP,MF,Espanyol,21,1996,34.6,2236,154,666,1406,300,17,2173,36,45,80.0,36,0,1633,7442,3970,132,42,1,18,23,1610,1542,95.8,29,Matches,da27e268
437,Rubén Rochina,es ESP,MF,Levante,27,1991,20.0,1344,32,247,787,412,25,1234,69,91,75.8,70,4,967,4608,2542,130,34,5,37,59,972,874,89.9,80,Matches,ecd8c01e
438,Rodri,es ESP,MF,Atlético Madrid,22,1996,30.4,2227,114,570,1489,329,26,2199,21,28,75.0,21,0,1632,7979,3375,140,41,1,13,22,1603,1525,95.1,27,Matches,6434f10d
439,Rodrigo,es ESP,FW,Valencia,27,1991,28.1,1209,20,115,563,623,158,1181,52,91,57.1,54,2,935,5013,2455,139,45,31,76,41,1524,983,64.5,332,Matches,1fb1c435
440,Kévin Rodrigues,pt POR,DF,Real Sociedad,24,1994,5.4,307,26,108,140,79,3,258,11,14,78.6,11,0,184,900,587,26,9,1,3,6,182,161,88.5,10,Matches,f1bed920
441,Ángel Rodríguez,es ESP,FW,Getafe,31,1987,20.2,654,10,36,273,388,103,642,19,38,50.0,19,0,484,2185,1121,77,21,16,63,42,1017,498,49.0,197,Matches,8cfc2f69
442,Óscar Rodríguez Arnaiz,es ESP,MFFW,Leganés,20,1998,27.8,1390,25,189,739,573,65,1253,52,88,59.1,53,2,967,4528,2340,109,54,7,42,40,1145,910,79.5,146,Matches,19709006
443,Marko Rog,hr CRO,MF,Sevilla,23,1995,4.0,257,7,56,164,57,2,249,7,10,70.0,8,0,174,890,566,16,7,0,0,1,184,155,84.2,8,Matches,b6b2b820
444,Diego Rolán,uy URU,MFDF,Leganés,25,1993,2.4,135,5,27,67,52,5,129,9,13,69.2,10,1,101,493,261,13,8,0,9,8,103,77,74.8,19,Matches,d1491e00
445,Diego Rolán,uy URU,FWMF,Alavés,25,1993,3.3,140,4,20,83,50,13,137,5,11,45.5,5,0,93,560,267,14,4,0,14,4,146,98,67.1,23,Matches,d1491e00
446,Facundo Roncaglia,ar ARG,DF,Valencia,31,1987,6.7,357,38,198,160,19,3,336,1,1,100.0,1,0,211,1313,409,10,1,0,2,1,191,183,95.8,3,Matches,51e3954c
447,Facundo Roncaglia,ar ARG,DF,Celta Vigo,31,1987,11.9,687,74,332,350,44,6,651,4,7,57.1,4,0,442,1990,962,21,6,1,3,2,425,417,98.1,9,Matches,51e3954c
448,Roberto Rosales,ve VEN,DF,Espanyol,29,1988,19.4,1390,98,422,642,393,18,1183,13,23,56.5,15,1,825,3137,1439,64,21,1,23,17,863,793,91.9,29,Matches,81069528
449,Waldo Rubio,es ESP,MFFW,Valladolid,22,1995,5.5,204,7,40,81,102,13,203,7,11,63.6,8,0,155,930,661,30,12,7,10,9,200,141,70.5,34,Matches,ccaa5728
450,Abel Ruiz,es ESP,FW,Barcelona,18,2000,0.2,17,1,3,5,10,3,17,2,2,100.0,2,0,17,108,85,3,0,2,2,0,18,14,77.8,4,Matches,6cbf8d0d
451,Víctor Ruiz,es ESP,DF,Villarreal,29,1989,21.9,1406,130,685,742,73,18,1346,14,14,100.0,14,0,917,5523,3091,78,15,3,5,2,923,909,98.5,13,Matches,b3dc6eca
452,Gerónimo Rulli,ar ARG,GK,Real Sociedad,26,1992,27.0,1153,976,1142,14,0,0,848,0,0,,0,0,624,2522,1310,0,0,0,0,0,544,543,99.8,0,Matches,625c144a
453,Samuel Sáiz,es ESP,MFFW,Getafe,27,1991,3.4,181,0,28,76,102,13,170,14,21,66.7,16,0,157,1056,538,30,11,5,6,6,176,125,71.0,25,Matches,13e0eb29
454,Mikel San José,es ESP,MF,Athletic Club,29,1989,19.3,951,49,200,577,207,34,934,8,14,57.1,10,1,537,2105,1018,39,13,1,12,16,647,557,86.1,59,Matches,003a5c72
455,Antonio Sanabria,py PAR,FW,Betis,22,1996,9.0,236,5,14,152,85,29,217,14,17,82.4,15,1,164,742,280,15,6,2,26,10,307,167,54.4,56,Matches,0a447501
456,Javi Sánchez,es ESP,DF,Real Madrid,21,1997,0.5,15,6,12,3,0,0,13,0,0,,0,0,5,11,0,0,0,0,0,0,5,5,100.0,0,Matches,60359288
457,Víctor Sánchez,es ESP,MF,Espanyol,30,1987,14.1,733,32,189,429,163,17,717,3,7,42.9,3,0,485,2143,873,34,17,4,14,12,511,470,92.0,30,Matches,ad4d0985
458,Luca Sangalli,es ESP,MFFW,Real Sociedad,23,1995,11.1,507,6,87,315,164,17,501,18,25,72.0,18,0,407,2106,1155,64,30,2,20,20,473,369,78.0,49,Matches,7958dc65
459,Nicola Sansone,it ITA,MFFW,Villarreal,26,1991,0.4,23,0,1,9,17,3,22,0,0,,0,0,16,99,63,4,1,0,3,1,35,21,60.0,6,Matches,7eb97a8e
460,Roberto Santamaría,es ESP,GK,Huesca,33,1985,20.0,634,518,631,5,0,0,365,0,0,,0,0,244,1509,1038,0,0,0,0,0,165,164,99.4,0,Matches,bca21ef3
461,Michael Santos,uy URU,FWMF,Leganés,25,1993,6.2,180,0,14,87,91,23,174,3,9,33.3,5,0,112,474,290,14,5,4,16,11,319,127,39.8,55,Matches,3cb6f224
462,Pablo Sarabia,es ESP,MFFW,Sevilla,26,1992,30.3,1805,14,200,746,984,174,1631,35,69,50.7,37,1,1319,6106,3572,225,70,30,53,41,1671,1288,77.1,295,Matches,9744ff80
463,Lluís Sastre,es ESP,MF,Huesca,32,1986,1.3,103,2,15,69,23,1,102,1,2,50.0,1,0,84,333,143,7,0,0,2,1,87,81,93.1,3,Matches,5f186f5c
464,Stefan Savić,me MNE,DF,Atlético Madrid,27,1991,15.5,682,93,338,362,23,13,664,1,1,100.0,1,0,385,1969,1060,29,1,0,5,0,410,397,96.8,7,Matches,f6ac68c1
465,Alfa Semedo,gw GNB,MF,Espanyol,20,1997,0.5,34,1,9,19,7,1,33,2,3,66.7,3,0,20,164,94,4,1,1,1,1,26,20,76.9,2,Matches,07750704
466,Nélson Semedo,pt POR,DF,Barcelona,24,1993,17.8,1406,45,348,684,476,49,1281,31,54,57.4,33,0,1092,4878,2649,118,37,11,16,22,1094,1019,93.1,58,Matches,d04b94db
467,Rúben Semedo,pt POR,DF,Huesca,24,1994,9.4,463,57,281,190,23,13,454,5,9,55.6,7,0,284,1372,501,7,0,0,3,5,287,269,93.7,10,Matches,c904f3d5
468,Paik Seung-ho,kr KOR,FWMF,Girona,21,1997,0.7,28,1,4,18,9,1,28,0,1,0.0,0,0,23,80,38,2,0,0,0,2,24,21,87.5,5,Matches,1e1bea09
469,Gaku Shibasaki,jp JPN,MFFW,Getafe,26,1992,4.3,196,2,35,88,83,9,181,3,7,42.9,3,0,130,604,302,10,5,1,8,11,156,112,71.8,30,Matches,d2ac648c
470,Sidnei,br BRA,DF,Betis,28,1989,19.4,1448,115,598,803,144,24,1379,15,19,78.9,16,0,1040,5841,2826,91,35,3,10,5,1063,1035,97.4,13,Matches,b14d0c5d
471,André Silva,pt POR,FW,Sevilla,22,1995,24.0,838,34,77,384,433,134,801,17,47,36.2,19,0,570,2756,1536,77,28,24,55,55,1237,614,49.6,253,Matches,3effaa34
472,Jonathan Silva,ar ARG,DF,Leganés,24,1994,30.0,1588,75,409,710,544,42,1294,19,38,50.0,21,1,839,3642,2075,92,32,5,28,20,974,821,84.3,84,Matches,f2308b33
473,Moses Simon,ng NGA,DFMF,Levante,23,1995,8.7,416,14,100,171,177,36,358,19,32,59.4,20,0,292,1820,1179,65,13,16,13,24,294,237,80.6,37,Matches,5f3eaaf5
474,Unai Simón,es ESP,GK,Athletic Club,21,1997,7.0,206,185,206,0,0,0,142,0,0,,0,0,100,609,338,0,0,0,0,0,72,71,98.6,0,Matches,5dcf3e90
475,Dimitris Siovas,gr GRE,DF,Leganés,29,1988,32.9,1809,174,893,921,107,39,1664,22,27,81.5,23,0,912,5372,2949,85,19,1,8,10,886,844,95.3,32,Matches,92d38e6c
476,Pione Sisto,dk DEN,FWMF,Celta Vigo,23,1995,9.4,557,8,70,302,242,25,538,31,44,70.5,32,0,502,2909,1364,76,28,3,16,18,522,455,87.2,48,Matches,fd9c4805
477,Antonio Sivera,es ESP,GK,Alavés,21,1996,3.0,113,101,113,0,0,0,65,0,0,,0,0,40,306,207,0,0,0,0,0,23,23,100.0,0,Matches,9970da54
478,Rubén Sobrino,es ESP,FWMF,Alavés,26,1992,10.7,381,11,43,199,169,43,377,21,30,70.0,22,1,262,1316,741,29,13,5,20,21,450,266,59.1,90,Matches,19b776e9
479,Rubén Sobrino,es ESP,FWMF,Valencia,26,1992,2.1,76,3,13,37,31,7,74,2,4,50.0,2,0,50,236,142,5,3,2,3,5,96,49,51.0,18,Matches,19b776e9
480,Alex Sola,es ESP,DF,Real Sociedad,19,1999,1.0,93,2,26,45,28,1,72,3,8,37.5,3,0,60,270,174,7,1,0,1,0,49,45,91.8,1,Matches,5fa714d5
481,Andrés Solano,co COL,DF,Atlético Madrid,20,1998,0.5,31,2,6,22,5,0,30,0,0,,0,0,24,115,88,6,2,0,0,0,19,19,100.0,0,Matches,c8764028
482,Carlos Soler,es ESP,MF,Valencia,21,1997,27.3,1321,54,262,656,519,80,1297,31,65,47.7,35,6,960,4876,2639,136,56,13,41,35,1147,915,79.8,138,Matches,fed17f5a
483,Kévin Soni,cm CMR,FWDF,Girona,20,1998,0.9,55,0,5,25,34,5,55,5,9,55.6,5,0,44,205,148,7,3,0,8,6,48,33,68.8,10,Matches,6435143e
484,David Soria,es ESP,GK,Getafe,25,1993,37.0,1184,968,1176,9,2,0,735,1,1,100.0,1,0,490,3575,2524,0,1,0,0,0,297,295,99.3,0,Matches,8f8c6934
485,Juan Soriano,es ESP,GK,Sevilla,20,1997,4.0,155,136,155,0,0,0,111,0,0,,0,0,74,282,163,0,0,0,0,0,63,63,100.0,0,Matches,5512b1a9
486,Cristhian Stuani,uy URU,FW,Girona,31,1986,30.3,855,37,67,456,361,147,793,20,40,50.0,21,0,478,1503,475,30,5,7,86,29,1316,586,44.5,254,Matches,220c11f1
487,Damián Suárez,uy URU,DF,Getafe,30,1988,36.0,2322,87,563,1147,722,12,1623,32,61,52.5,35,4,1025,4921,2957,135,55,4,13,29,984,884,89.8,34,Matches,ba5004e1
488,Denis Suárez,es ESP,MF,Barcelona,24,1994,0.2,23,1,6,11,8,3,20,2,2,100.0,2,0,19,128,79,4,1,0,0,0,17,16,94.1,4,Matches,12c50af5
489,Leonardo Suárez,ar ARG,FWMF,Valladolid,22,1996,5.7,210,5,35,102,86,13,205,4,8,50.0,4,0,163,812,456,26,7,1,12,10,233,160,68.7,34,Matches,25c72b36
490,Luis Suárez,uy URU,FW,Barcelona,31,1987,31.4,1469,33,78,542,918,289,1388,62,121,51.2,69,7,1062,3942,2231,149,34,38,94,46,1725,1165,67.5,422,Matches,a6154613
491,Mario Suárez,es ESP,MF,Rayo Vallecano,31,1987,11.4,700,41,208,451,87,13,689,12,21,57.1,13,0,486,2033,1045,31,7,1,13,17,505,473,93.7,18,Matches,7106f0a0
492,Markel Susaeta,es ESP,FW,Athletic Club,30,1987,15.3,792,12,88,328,423,30,715,27,44,61.4,28,0,576,2560,1289,79,20,9,22,26,739,539,72.9,91,Matches,6fd1ba62
493,Rodrigo Tarín,es ESP,DF,Leganés,22,1996,15.9,704,78,357,314,65,6,635,3,4,75.0,4,0,335,1567,727,25,7,1,5,1,346,334,96.5,5,Matches,a03c82b2
494,Cristian Tello,es ESP,DFMF,Betis,26,1991,17.5,1118,34,197,444,545,107,999,30,55,54.5,32,1,832,4611,2790,130,33,46,21,20,901,771,85.6,107,Matches,72a99e38
495,Marc-André ter Stegen,de GER,GK,Barcelona,26,1992,35.0,1119,1012,1114,7,0,0,890,1,1,100.0,1,0,681,2733,1516,0,0,0,0,0,579,573,99.0,0,Matches,6f51e382
496,David Timor,es ESP,MFFW,Girona,28,1989,1.8,117,4,25,73,30,2,115,2,2,100.0,2,0,100,425,194,8,4,0,2,4,96,93,96.9,16,Matches,174651c8
497,Tito,es ESP,DF,Rayo Vallecano,33,1985,12.2,749,49,229,390,164,4,624,3,9,33.3,5,0,396,1606,951,44,16,0,8,5,427,393,92.0,17,Matches,7cefa219
498,Jean-Clair Todibo,fr FRA,DF,Barcelona,18,1999,1.7,136,13,65,81,2,0,132,2,2,100.0,2,0,93,567,331,8,1,0,0,3,103,102,99.0,0,Matches,88f130ed
499,Karl Toko Ekambi,cm CMR,FW,Villarreal,25,1992,23.8,798,10,69,329,486,147,782,53,93,57.0,56,3,658,3520,1966,101,30,35,68,37,1101,626,56.9,252,Matches,5ceba7fc
500,Raúl de Tomás,es ESP,FW,Rayo Vallecano,23,1994,31.3,895,34,71,498,382,130,807,62,97,63.9,63,4,662,3008,1525,105,28,15,80,59,1355,630,46.5,210,Matches,02ef8778
501,Toño,es ESP,DFMF,Levante,28,1989,19.6,1071,56,344,496,322,42,875,36,63,57.1,40,4,688,3704,2427,91,31,10,14,22,707,599,84.7,56,Matches,d4ef9ac5
502,Daniel Torres,co COL,MF,Alavés,28,1989,0.8,20,3,9,11,1,0,20,0,0,,0,0,11,35,14,0,0,0,1,1,10,9,90.0,0,Matches,87882adc
503,Ferrán Torres,es ESP,MFFW,Valencia,18,2000,9.4,457,10,69,203,226,32,452,13,23,56.5,14,0,334,2032,1188,55,18,7,19,19,431,325,75.4,63,Matches,9e1035f8
504,Óscar Trejo,ar ARG,MFFW,Rayo Vallecano,30,1988,19.6,1168,22,170,689,412,58,1140,48,72,66.7,52,3,899,4236,2215,103,44,4,48,61,1016,842,82.9,122,Matches,fc647b34
505,Manu Trigueros,es ESP,MF,Villarreal,26,1991,17.2,1166,49,262,752,233,8,1121,6,7,85.7,6,0,816,3478,1607,77,26,0,19,17,918,841,91.6,40,Matches,963829d0
506,Patrick Twumasi,gh GHA,MFFW,Alavés,24,1994,1.9,98,2,13,35,55,4,95,2,6,33.3,2,0,59,377,183,11,3,1,5,4,94,63,67.0,17,Matches,e3993b65
507,Samuel Umtiti,fr FRA,DF,Barcelona,24,1993,13.2,979,88,416,603,24,3,964,7,10,70.0,8,1,735,3732,2362,75,8,0,0,2,766,747,97.5,2,Matches,3eed9821
508,Enes Ünal,tr TUR,FW,Valladolid,21,1997,23.9,799,29,68,422,357,97,769,28,46,60.9,30,4,546,2308,1156,73,21,11,61,41,1211,615,50.8,218,Matches,f8eca1b6
509,Tomáš Vaclík,cz CZE,GK,Sevilla,29,1989,33.0,1059,942,1052,8,0,0,707,1,1,100.0,1,0,505,2358,1253,0,0,0,0,0,389,386,99.2,0,Matches,7b456af7
510,Valery,es ESP,DFMF,Girona,18,1999,9.9,530,17,153,230,187,13,426,23,32,71.9,24,0,316,1802,972,46,17,7,18,14,311,263,84.6,20,Matches,4acd733a
511,Jesús Vallejo,es ESP,DFMF,Real Madrid,21,1997,3.5,184,30,113,75,2,1,181,1,1,100.0,1,0,117,507,230,4,1,0,0,1,124,120,96.8,0,Matches,c2111b45
512,Federico Valverde,uy URU,MF,Real Madrid,20,1998,7.3,449,12,97,285,107,9,445,11,18,61.1,11,2,339,1874,1070,44,18,1,8,4,321,302,94.1,17,Matches,0959c2a2
513,Raphaël Varane,fr FRA,DF,Real Madrid,25,1993,30.6,1975,198,1051,984,53,25,1909,7,11,63.6,8,0,1334,7646,3478,78,11,0,6,3,1392,1344,96.6,17,Matches,9f8e9423
514,Franco Vázquez,ar ARG,MFFW,Sevilla,29,1989,25.3,1480,32,242,843,509,72,1453,55,84,65.5,62,3,1116,5738,3024,157,56,12,37,63,1243,1044,84.0,131,Matches,467bae22
515,Kevin Vázquez,es ESP,DF,Celta Vigo,25,1993,2.4,147,15,60,70,27,2,129,1,2,50.0,2,0,89,340,156,7,3,0,4,2,80,75,93.8,4,Matches,ee923664
516,Lucas Vázquez,es ESP,FW,Real Madrid,27,1991,16.8,1231,18,164,574,553,90,1201,39,63,61.9,42,1,1047,4210,2510,158,27,29,42,50,1201,994,82.8,125,Matches,fd51b456
517,Koke Vegas,es ESP,GK,Levante,22,1995,1.0,27,25,27,0,0,0,19,0,0,,0,0,6,25,14,0,0,0,0,0,8,8,100.0,0,Matches,bfb15d99
518,Emiliano Velázquez,uy URU,DF,Rayo Vallecano,24,1994,14.2,807,131,447,346,52,15,739,13,16,81.3,14,0,382,1816,938,32,9,0,8,8,351,340,96.9,11,Matches,5efb80d5
519,Daniele Verde,it ITA,FWMF,Valladolid,22,1996,7.3,397,9,52,159,223,22,340,14,25,56.0,15,0,298,1856,962,42,14,4,9,14,392,270,68.9,55,Matches,d3298c99
520,Thomas Vermaelen,be BEL,DF,Barcelona,32,1985,6.5,436,42,169,257,32,2,415,0,0,,0,0,299,1409,643,23,4,0,3,0,315,308,97.8,1,Matches,d0d79694
521,Mikel Vesga,es ESP,MF,Leganés,25,1993,23.0,1094,41,223,652,283,31,1085,23,48,47.9,26,1,715,3294,1522,64,26,2,39,27,822,688,83.7,74,Matches,b0fce72c
522,Rúben Vezo,pt POR,DF,Valencia,24,1994,2.2,146,12,62,62,32,2,116,1,4,25.0,2,0,82,436,269,7,3,0,2,1,84,78,92.9,5,Matches,c67cd65c
523,Rúben Vezo,pt POR,DF,Levante,24,1994,14.9,698,108,383,318,39,12,659,4,7,57.1,5,0,369,2268,1128,28,6,0,3,2,377,361,95.8,8,Matches,c67cd65c
524,Aleix Vidal,es ESP,DFMF,Sevilla,28,1989,5.9,392,11,74,181,157,21,340,8,15,53.3,8,1,265,1301,804,40,8,4,13,9,290,249,85.9,40,Matches,04965583
525,Arturo Vidal,cl CHI,MF,Barcelona,31,1987,21.4,1784,47,327,1091,452,50,1760,8,12,66.7,8,0,1271,3875,1794,71,29,1,29,19,1534,1369,89.2,87,Matches,67cdbc0e
526,Carlos Vigaray,es ESP,DF,Alavés,23,1994,7.2,310,32,110,142,77,1,242,5,8,62.5,5,0,143,781,512,14,14,0,7,2,145,128,88.3,4,Matches,f69d934e
527,Dídac Vilà,es ESP,DF,Espanyol,29,1989,26.2,1771,114,548,866,488,70,1541,18,26,69.2,21,0,1038,5990,3590,154,60,9,20,23,1112,1022,91.9,110,Matches,bad38a94
528,Toni Villa,es ESP,MFFW,Valladolid,23,1995,19.6,877,9,128,424,411,68,868,64,97,66.0,67,1,738,4030,2689,149,41,21,41,46,796,610,76.6,119,Matches,636eae97
529,Vitolo,es ESP,MFFW,Atlético Madrid,28,1989,8.4,468,14,78,214,225,29,460,27,45,60.0,29,1,387,2415,1387,71,21,9,13,25,485,354,73.0,52,Matches,db750822
530,Nikola Vukčević,me MNE,MF,Levante,26,1991,7.4,328,27,109,216,26,0,325,1,3,33.3,2,0,190,1114,557,22,5,0,3,5,206,183,88.8,3,Matches,4442fbcd
531,Moussa Wagué,sn SEN,DF,Barcelona,19,1998,2.5,174,4,39,91,54,5,154,8,11,72.7,8,2,126,550,313,19,3,2,3,3,145,125,86.2,15,Matches,808df563
532,Wakaso,gh GHA,MF,Alavés,28,1990,18.5,909,33,226,583,162,11,885,20,36,55.6,22,0,602,3068,1432,68,15,0,27,14,608,521,85.7,35,Matches,999908af
533,Daniel Wass,dk DEN,DFMF,Valencia,29,1989,26.2,1586,81,395,794,486,47,1404,12,16,75.0,12,1,983,4604,2750,122,41,8,21,12,1110,993,89.5,91,Matches,d83bbc54
534,Axel Werner,ar ARG,GK,Huesca,22,1996,6.0,177,149,175,2,0,0,97,0,0,,0,0,62,217,150,0,0,0,0,0,53,53,100.0,0,Matches,c0b1a6da
535,Iñaki Williams,gh GHA,FW,Athletic Club,24,1994,33.6,1167,41,109,487,654,201,1136,61,106,57.5,68,2,845,3996,2190,123,42,38,110,60,1704,902,52.9,373,Matches,6a99e0b1
536,Maximilian Wöber,at AUT,DF,Sevilla,20,1998,6.0,360,28,135,159,84,13,327,0,0,,0,0,196,966,525,18,9,1,4,4,207,191,92.3,13,Matches,4b803b3c
537,Yoel,es ESP,GK,Valladolid,29,1988,3.0,101,78,98,3,0,0,68,0,0,,0,0,49,237,141,0,0,0,0,0,39,39,100.0,0,Matches,61bb7498
538,Okay Yokuşlu,tr TUR,MF,Celta Vigo,24,1994,24.4,1650,71,448,1143,172,26,1601,31,45,68.9,32,1,1145,5843,3024,92,28,3,16,22,1173,1090,92.9,28,Matches,e49ce451
539,Joseba Zaldúa,es ESP,DF,Real Sociedad,26,1992,23.8,1506,85,435,749,436,21,1230,18,34,52.9,19,0,854,4724,2883,142,51,7,22,23,949,850,89.6,30,Matches,5ca20b7a
540,Nabil El Zhar,ma MAR,MFFW,Leganés,31,1986,10.7,417,2,39,194,216,34,403,28,45,62.2,28,3,367,1798,951,67,19,10,16,23,419,303,72.3,66,Matches,37f96552
541,Luca Zidane,fr FRA,GK,Real Madrid,20,1998,1.0,40,31,40,0,0,0,28,0,0,,0,0,17,33,20,0,0,0,0,0,22,22,100.0,0,Matches,c818c4d9
542,Igor Zubeldia,es ESP,MF,Real Sociedad,21,1997,28.3,1505,103,490,1008,135,8,1483,37,48,77.1,38,0,1046,5889,2952,83,22,1,12,25,982,924,94.1,22,Matches,5c7845f6
543,Martín Zubimendi,es ESP,MF,Real Sociedad,19,1999,0.1,6,1,3,3,0,0,6,0,0,,0,0,2,25,5,0,0,0,0,0,0,0,,0,Matches,3ee0dd59
544,David Zurutuza,es ESP,MFFW,Real Sociedad,32,1986,13.6,792,30,165,502,184,17,781,7,18,38.9,8,0,561,2985,1554,76,29,1,21,18,618,522,84.5,54,Matches,d9bda115
