,,,,,,,,Total,Total,Total,Total,Total,Short,Short,Short,Medium,Medium,Medium,Long,Long,Long,,,,,,,,,,-additional
Rk,Player,Nation,Pos,Squad,Age,Born,90s,Cmp,Att,Cmp%,TotDist,PrgDist,Cmp,Att,Cmp%,Cmp,Att,Cmp%,Cmp,Att,Cmp%,Ast,xA,A-xA,KP,1/3,PPA,CrsPA,Prog,Matches,-9999
1,Luis Abram,pe PER,DF,Granada,25,1996,6.2,194,220,88.2,4320,1153,42,46,91.3,115,124,92.7,36,48,75.0,0,0.0,0.0,0,8,0,0,9,Matches,1f462f95
2,Marcos Acuña,ar ARG,DF,Sevilla,29,1991,25.1,1564,1971,79.4,32212,11965,591,635,93.1,682,803,84.9,275,474,58.0,3,3.0,0.0,41,103,42,23,123,Matches,81442ecb
3,Martin Agirregabiria,es ESP,DF,Alavés,25,1996,18.0,563,788,71.4,10437,5352,234,282,83.0,268,350,76.6,58,135,43.0,1,1.0,0.0,14,50,19,11,55,Matches,355c883a
4,Julen Agirrezabala,es ESP,GK,Athletic Club,20,2000,4.0,61,82,74.4,1695,1037,14,14,100.0,30,30,100.0,16,37,43.2,0,0.0,0.0,0,1,0,0,0,Matches,a2c1a8d3
5,Sergio Agüero,ar ARG,FW,Barcelona,33,1988,1.7,31,43,72.1,469,43,18,25,72.0,10,15,66.7,2,2,100.0,0,0.3,-0.3,1,2,0,0,2,Matches,4d034881
6,Álvaro Aguirre,es ESP,FW,Rayo Vallecano,21,2000,0.1,2,2,100.0,24,0,2,2,100.0,0,0,,0,0,,0,0.0,0.0,0,0,0,0,0,Matches,93b054dc
7,Joseph Aidoo,gh GHA,DF,Celta Vigo,25,1995,29.3,1263,1523,82.9,29021,8209,297,337,88.1,650,726,89.5,301,432,69.7,0,0.1,-0.1,3,100,7,1,99,Matches,18abe173
8,Carlos Akapo,gq EQG,DF,Cádiz,28,1993,20.5,630,849,74.2,11828,4697,264,310,85.2,287,358,80.2,71,146,48.6,0,0.5,-0.5,9,26,16,9,37,Matches,f2a68b97
9,Ilias Akhomach,es ESP,FW,Barcelona,17,2004,1.4,45,53,84.9,625,193,35,36,97.2,8,10,80.0,2,5,40.0,0,0.4,-0.4,3,3,5,1,6,Matches,b8bd60fe
10,Paul Akouokou,ci CIV,MF,Betis,23,1997,5.7,287,328,87.5,5344,1253,117,132,88.6,129,142,90.8,33,43,76.7,0,0.1,-0.1,3,28,2,0,28,Matches,31f5b89b
11,David Alaba,at AUT,DF,Real Madrid,29,1992,29.4,1804,1967,91.7,33608,10916,751,778,96.5,811,860,94.3,216,285,75.8,3,2.4,+0.6,22,132,18,5,102,Matches,05439de2
12,Tomás Alarcón,cl CHI,MF,Cádiz,22,1999,15.8,414,580,71.4,9341,2515,137,155,88.4,168,220,76.4,97,175,55.4,1,1.1,-0.1,14,46,8,3,39,Matches,99ea2ddd
13,Jordi Alba,es ESP,DF,Barcelona,32,1989,29.4,2336,2770,84.3,40855,15180,1085,1178,92.1,1002,1152,87.0,222,351,63.2,10,5.9,+4.1,58,231,64,18,254,Matches,4601e194
14,Raúl Albiol,es ESP,DF,Villarreal,35,1985,27.4,1337,1528,87.5,31802,8859,283,306,92.5,720,772,93.3,319,418,76.3,0,0.1,-0.1,4,63,1,0,67,Matches,4bd414c1
15,Paco Alcácer,es ESP,FW,Villarreal,27,1993,8.7,124,171,72.5,1692,318,72,88,81.8,31,46,67.4,7,10,70.0,3,1.7,+1.3,6,6,5,1,10,Matches,a7a9d95a
16,Rubén Alcaraz,es ESP,MF,Cádiz,30,1991,12.3,551,654,84.3,11619,3313,211,231,91.3,212,238,89.1,116,163,71.2,0,1.1,-1.1,14,80,12,2,64,Matches,036bba5f
17,Omar Alderete,py PAR,DF,Valencia,24,1996,26.7,578,930,62.2,15121,6757,150,185,81.1,235,308,76.3,184,417,44.1,0,0.3,-0.3,5,76,7,0,76,Matches,bb08bce9
18,Iván Alejo,es ESP,MFFW,Cádiz,26,1995,11.8,202,343,58.9,3420,1403,111,137,81.0,56,88,63.6,28,92,30.4,2,2.3,-0.3,21,14,21,19,22,Matches,3d7e48ce
19,Carles Aleñá,es ESP,MF,Getafe,23,1998,25.8,689,860,80.1,12609,2508,320,360,88.9,258,313,82.4,99,152,65.1,2,1.6,+0.4,21,61,16,4,61,Matches,6c811eb7
20,Mircea Alexandru Tirlea,ro ROU,DF,Alavés,21,2000,0.2,10,14,71.4,186,127,4,4,100.0,4,6,66.7,2,3,66.7,0,0.0,0.0,0,0,0,0,0,Matches,683a1d81
21,Hugo Álvarez,es ESP,FW,Celta Vigo,18,2003,0.1,1,3,33.3,22,3,0,1,0.0,1,1,100.0,0,0,,0,0.0,0.0,0,0,0,0,0,Matches,6f392eb8
22,Yeray Álvarez,es ESP,DF,Athletic Club,26,1995,20.7,825,996,82.8,18382,6658,230,250,92.0,432,478,90.4,159,250,63.6,0,0.1,-0.1,2,56,4,0,61,Matches,3ecc11d8
23,Dani Alves,br BRA,DF,Barcelona,38,1983,12.2,920,1083,84.9,16220,5343,469,502,93.4,337,375,89.9,103,182,56.6,3,1.9,+1.1,24,101,27,13,60,Matches,c9e99e49
24,Emmanuel Amankwaa Akurugu,gh GHA,DF,Getafe,19,2001,0.9,27,40,67.5,447,165,15,19,78.9,9,12,75.0,3,7,42.9,1,0.0,+1.0,1,1,0,0,2,Matches,69c5633e
25,Amath,sn SEN,FWMF,Mallorca,25,1996,9.8,166,211,78.7,2387,600,98,114,86.0,42,59,71.2,13,15,86.7,1,0.4,+0.6,6,11,5,1,14,Matches,f3b1d9a2
26,Florin Andone,ro ROU,FW,Cádiz,28,1993,2.0,28,40,70.0,372,45,18,21,85.7,8,13,61.5,1,2,50.0,0,0.0,0.0,2,3,0,0,2,Matches,dc008610
27,José Ángel,es ESP,DF,Osasuna,31,1989,12.0,599,788,76.0,13525,6115,206,243,84.8,262,315,83.2,127,214,59.3,1,1.3,-0.3,8,65,22,11,72,Matches,3024e383
28,Josep Antoni Gayá,es ESP,DF,Mallorca,21,2000,0.6,20,25,80.0,317,70,11,11,100.0,4,7,57.1,3,5,60.0,0,0.0,0.0,0,1,0,0,0,Matches,4a5f2032
29,Mauro Arambarri,uy URU,MF,Getafe,25,1995,29.6,947,1262,75.0,21303,5331,348,411,84.7,339,410,82.7,241,388,62.1,5,1.9,+3.1,40,85,13,5,65,Matches,58afe001
30,Néstor Araujo,mx MEX,DF,Celta Vigo,29,1991,29.1,1330,1520,87.5,29730,6600,331,364,90.9,710,762,93.2,281,372,75.5,0,0.2,-0.2,1,59,3,1,56,Matches,27a013f7
31,Ronald Araújo,uy URU,DF,Barcelona,22,1999,25.2,1485,1643,90.4,31687,8608,405,426,95.1,827,875,94.5,240,323,74.3,0,0.4,-0.4,6,85,5,2,77,Matches,2bef2bca
32,Jesús Areso,es ESP,DF,Osasuna,22,1999,2.1,49,74,66.2,1027,518,16,17,94.1,24,38,63.2,9,19,47.4,0,0.0,0.0,1,4,0,0,3,Matches,94e01ec6
33,Matias Arezo,uy URU,FW,Granada,18,2002,1.8,23,39,59.0,316,138,15,23,65.2,6,10,60.0,1,2,50.0,0,0.3,-0.3,4,4,1,0,3,Matches,484ebdb0
34,Santiago Arias,co COL,DF,Granada,29,1992,4.9,164,223,73.5,2943,1285,63,77,81.8,80,106,75.5,18,33,54.5,0,0.4,-0.4,5,10,4,3,14,Matches,fdd60087
35,Santiago Arzamendia,py PAR,MFDF,Cádiz,23,1998,5.2,109,170,64.1,1801,516,51,63,81.0,43,58,74.1,9,37,24.3,0,0.0,0.0,1,4,4,3,5,Matches,759d8dd7
36,Sergio Asenjo,es ESP,GK,Villarreal,32,1989,6.0,183,222,82.4,4919,2700,34,34,100.0,89,90,98.9,60,97,61.9,0,0.0,0.0,0,1,0,0,0,Matches,9f0ea33f
37,Alejandro Asensio,es ESP,FW,Rayo Vallecano,20,2000,0.1,7,8,87.5,172,51,3,4,75.0,2,2,100.0,2,2,100.0,0,0.0,0.0,1,1,1,1,0,Matches,b4c23f36
38,Marco Asensio,es ESP,FWMF,Real Madrid,25,1996,19.2,740,904,81.9,12641,2393,391,438,89.3,243,275,88.4,85,146,58.2,0,2.3,-2.3,30,50,20,3,54,Matches,45af8a54
39,Iago Aspas,es ESP,FW,Celta Vigo,33,1987,34.3,976,1357,71.9,15428,2883,558,679,82.2,274,383,71.5,95,180,52.8,5,6.2,-1.2,60,42,42,10,76,Matches,7dcf86f6
40,Pierre-Emerick Aubameyang,ga GAB,FW,Barcelona,32,1989,12.0,184,244,75.4,2668,265,103,136,75.7,63,79,79.7,6,9,66.7,1,1.0,0.0,7,6,8,0,12,Matches,d5dd5f1f
41,Ludwig Augustinsson,se SWE,DF,Sevilla,27,1994,8.8,452,560,80.7,7974,2619,214,230,93.0,182,205,88.8,50,107,46.7,1,0.6,+0.4,10,21,8,4,16,Matches,9fec8860
42,Serge Aurier,ci CIV,DF,Villarreal,28,1992,11.2,627,734,85.4,11498,3965,250,282,88.7,302,343,88.0,64,86,74.4,1,1.2,-0.2,7,36,15,7,50,Matches,5c2b4f07
43,Ezequiel Ávila,ar ARG,FWMF,Osasuna,27,1994,20.8,307,545,56.3,6178,1873,128,191,67.0,119,191,62.3,53,122,43.4,1,1.3,-0.3,17,30,24,17,45,Matches,253a06b9
44,Iddrisu Baba,gh GHA,MF,Mallorca,25,1996,21.5,623,775,80.4,12803,3801,213,254,83.9,280,324,86.4,117,162,72.2,0,0.3,-0.3,8,59,9,1,67,Matches,bfd381b3
45,Carlos Bacca,co COL,FW,Granada,34,1986,5.7,71,109,65.1,1137,273,34,45,75.6,25,41,61.0,7,12,58.3,1,0.5,+0.5,5,7,4,0,9,Matches,09a9e921
46,Édgar Badía,es ESP,GK,Elche,29,1992,24.0,560,829,67.6,19657,13179,84,86,97.7,201,203,99.0,274,538,50.9,0,0.0,0.0,0,6,0,0,0,Matches,e4346678
47,Miguel Baeza,es ESP,DF,Celta Vigo,21,2000,0.0,4,5,80.0,68,10,2,2,100.0,2,2,100.0,0,1,0.0,0,0.0,0.0,0,0,0,0,0,Matches,a98f3cbf
48,Alejandro Balde,es ESP,DFFW,Barcelona,17,2003,2.1,140,152,92.1,2156,435,73,73,100.0,58,64,90.6,5,9,55.6,0,0.1,-0.1,1,3,4,1,10,Matches,5ccc9672
49,Gareth Bale,wls WAL,FW,Real Madrid,32,1989,3.1,48,64,75.0,784,203,24,30,80.0,20,24,83.3,3,7,42.9,0,0.0,0.0,1,4,3,0,9,Matches,a58bb1e1
50,Mikel Balenziaga,es ESP,DF,Athletic Club,33,1988,22.5,766,1004,76.3,12992,5167,372,416,89.4,317,409,77.5,59,136,43.4,0,0.5,-0.5,8,41,12,4,72,Matches,1fe67e86
51,Iván Balliu,al ALB,DF,Rayo Vallecano,29,1992,35.0,1373,1796,76.4,26205,12003,584,654,89.3,579,726,79.8,188,340,55.3,2,4.0,-2.0,43,94,39,29,138,Matches,cee88597
52,Barbero,es ESP,MFFW,Osasuna,22,1998,0.2,6,13,46.2,63,0,6,11,54.5,0,2,0.0,0,0,,0,0.0,0.0,1,0,0,0,0,Matches,981c1863
53,Barcia,es ESP,DF,Granada,20,2000,0.8,8,22,36.4,180,2,2,3,66.7,4,11,36.4,2,8,25.0,0,0.0,0.0,0,0,0,0,0,Matches,0c717ae6
54,Enis Bardhi,mk MKD,MFFW,Levante,26,1995,18.9,531,750,70.8,9680,2927,253,291,86.9,179,239,74.9,76,161,47.2,3,3.3,-0.3,39,48,20,3,58,Matches,cac2537b
55,Keidi Bare,al ALB,MF,Espanyol,23,1997,16.5,750,872,86.0,13839,3336,322,350,92.0,313,353,88.7,98,135,72.6,1,1.0,0.0,9,80,6,1,63,Matches,03049c8c
56,Kike Barja,es ESP,MFFW,Osasuna,24,1997,9.6,263,382,68.8,4674,1140,128,159,80.5,97,134,72.4,31,62,50.0,0,0.6,-0.6,5,21,9,1,32,Matches,aad53e64
57,Antonio Barragán,es ESP,DF,Elche,34,1987,11.3,426,537,79.3,8461,3920,137,149,91.9,228,265,86.0,54,106,50.9,0,0.1,-0.1,2,26,4,1,38,Matches,487d9b09
58,Ander Barrenetxea,es ESP,FWMF,Real Sociedad,19,2001,6.1,136,187,72.7,2121,569,70,86,81.4,49,64,76.6,10,16,62.5,1,1.0,0.0,8,5,8,1,14,Matches,200e89e1
59,Marc Bartra,es ESP,DF,Betis,30,1991,22.1,919,1108,82.9,21052,6768,238,261,91.2,489,526,93.0,184,303,60.7,0,0.1,-0.1,6,69,3,0,56,Matches,b742cc0d
60,Álvaro Bastida,es ESP,MF,Cádiz,17,2004,2.2,42,53,79.2,733,86,22,25,88.0,15,16,93.8,5,10,50.0,0,0.0,0.0,0,2,0,0,1,Matches,42a028c5
61,Rodrigo Battaglia,ar ARG,MF,Mallorca,30,1991,13.1,435,526,82.7,7253,2094,215,236,91.1,158,191,82.7,49,72,68.1,0,0.1,-0.1,4,33,1,0,37,Matches,d637fc22
62,Jon Bautista,es ESP,FWMF,Real Sociedad,26,1995,0.5,6,8,75.0,81,21,4,5,80.0,0,1,0.0,1,1,100.0,0,0.0,0.0,0,0,1,0,2,Matches,debc6b55
63,Bebé,cv CPV,FWMF,Rayo Vallecano,31,1990,9.6,211,342,61.7,3999,1039,103,122,84.4,68,107,63.6,34,89,38.2,2,1.9,+0.1,16,13,11,5,18,Matches,d8712bf9
64,Héctor Bellerín,es ESP,DF,Betis,26,1995,22.0,813,1064,76.4,13375,5458,422,494,85.4,299,379,78.9,72,127,56.7,2,2.4,-0.4,26,54,20,3,69,Matches,f874dd44
65,Fran Beltrán,es ESP,MF,Celta Vigo,22,1999,28.9,1728,1904,90.8,35773,6495,593,646,91.8,811,861,94.2,299,343,87.2,0,0.6,-0.6,12,126,7,2,89,Matches,ed5c5fa3
66,Darío Benedetto,ar ARG,FW,Elche,31,1990,6.6,77,114,67.5,1537,371,38,55,69.1,24,36,66.7,14,19,73.7,1,0.9,+0.1,5,11,4,0,14,Matches,bef0a7ac
67,Iker Benito,es ESP,MFFW,Osasuna,18,2002,1.3,22,29,75.9,271,106,13,15,86.7,6,10,60.0,0,0,,0,0.1,-0.1,1,2,1,1,2,Matches,50cbc806
68,Pedro Benito,es ESP,FW,Cádiz,21,2000,0.3,4,6,66.7,60,12,3,4,75.0,1,2,50.0,0,0,,0,0.0,0.0,0,2,0,0,1,Matches,a7416105
69,Karim Benzema,fr FRA,FW,Real Madrid,33,1987,28.8,1058,1249,84.7,15601,3568,630,709,88.9,306,355,86.2,74,95,77.9,12,9.5,+2.5,61,66,84,4,137,Matches,70d74ece
70,Yuri Berchiche,es ESP,DF,Athletic Club,31,1990,11.3,509,641,79.4,8813,4221,238,273,87.2,218,265,82.3,40,76,52.6,2,0.6,+1.4,6,47,12,7,63,Matches,b6e50615
71,Álex Berenguer,es ESP,MFFW,Athletic Club,26,1995,24.1,559,867,64.5,9012,3135,302,379,79.7,181,256,70.7,56,169,33.1,6,5.6,+0.4,44,33,26,13,66,Matches,dc1c2fce
72,Pedro Bigas,es ESP,DF,Elche,30,1990,17.2,812,937,86.7,17389,6413,242,261,92.7,425,459,92.6,139,204,68.1,0,0.3,-0.3,4,45,5,1,42,Matches,697295b1
73,Blanco,es ESP,MF,Real Madrid,21,2000,0.3,17,18,94.4,277,37,8,8,100.0,8,9,88.9,1,1,100.0,0,0.0,0.0,0,1,0,0,1,Matches,506daeac
74,Yassine Bounou,ma MAR,GK,Sevilla,30,1991,31.0,811,1072,75.7,24713,11905,107,108,99.1,396,401,98.8,304,559,54.4,2,0.6,+1.4,2,8,0,0,0,Matches,f6798fc3
75,Lucas Boyé,ar ARG,FW,Elche,25,1996,19.0,326,445,73.3,5044,752,181,223,81.2,89,124,71.8,35,55,63.6,3,1.8,+1.2,18,20,10,0,25,Matches,d49f3e6b
76,Martin Braithwaite,dk DEN,FW,Barcelona,30,1991,2.6,46,57,80.7,673,104,29,32,90.6,15,20,75.0,1,2,50.0,1,1.3,-0.3,2,1,2,0,3,Matches,fd771f95
77,Darko Brašanac,rs SRB,MF,Osasuna,29,1992,26.7,689,917,75.1,10894,2373,363,452,80.3,251,317,79.2,47,82,57.3,2,1.6,+0.4,28,58,16,4,55,Matches,4accb7e0
78,Claudio Bravo,cl CHI,GK,Betis,38,1983,16.2,325,507,64.1,11328,7440,56,57,98.2,116,120,96.7,153,330,46.4,0,0.2,-0.2,1,7,1,0,0,Matches,10072610
79,Yan Brice Eteki,cm CMR,MF,Granada,23,1997,3.8,99,130,76.2,1733,389,41,48,85.4,47,55,85.5,5,15,33.3,0,0.0,0.0,1,8,0,0,14,Matches,3d688b46
80,Bryan,es ESP,MFFW,Valencia,20,2001,8.4,156,243,64.2,2715,961,84,101,83.2,51,84,60.7,17,51,33.3,1,1.0,0.0,10,10,13,3,23,Matches,7b5ab7f2
81,Ante Budimir,hr CRO,FW,Osasuna,30,1991,19.3,225,362,62.2,3202,533,139,205,67.8,61,105,58.1,13,18,72.2,2,1.3,+0.7,9,19,4,1,16,Matches,8f3565b3
82,Sergio Busquets,es ESP,MF,Barcelona,33,1988,35.5,2462,2799,88.0,48573,11342,961,1045,92.0,1043,1148,90.9,407,519,78.4,0,1.9,-1.9,33,260,34,1,223,Matches,5ab0ea87
83,Adrián Butzke,es ESP,FW,Granada,22,1999,0.0,0,1,0.0,0,0,0,1,0.0,0,0,,0,0,,0,0.0,0.0,0,0,0,0,0,Matches,505dce2b
84,Erick Cabaco,uy URU,DF,Getafe,26,1995,4.5,114,162,70.4,2757,1246,33,39,84.6,49,57,86.0,32,62,51.6,1,0.4,+0.6,2,14,0,0,12,Matches,e7ab4179
85,Leandro Cabrera,uy URU,DF,Espanyol,30,1991,37.0,1405,1850,75.9,31621,14539,398,459,86.7,678,774,87.6,305,573,53.2,0,0.3,-0.3,7,106,2,0,92,Matches,69cbc8b6
86,Martín Cáceres,uy URU,DF,Levante,34,1987,7.4,298,363,82.1,6308,2026,108,112,96.4,145,170,85.3,44,74,59.5,0,0.1,-0.1,3,25,6,2,21,Matches,e94d79e3
87,Cala,es ESP,DF,Cádiz,31,1989,10.5,218,298,73.2,5338,1544,48,59,81.4,109,135,80.7,60,102,58.8,0,0.0,0.0,1,10,0,0,10,Matches,fe05804b
88,Calderón,es ESP,DF,Betis,21,2000,0.7,43,47,91.5,802,215,18,19,94.7,17,20,85.0,6,6,100.0,0,0.1,-0.1,1,1,3,1,3,Matches,da4e70e5
89,Fernando Calero,es ESP,DF,Espanyol,25,1995,12.1,529,627,84.4,10848,4144,186,197,94.4,249,275,90.5,85,141,60.3,0,0.1,-0.1,2,32,0,0,30,Matches,41b3069f
90,Víctor Camarasa,es ESP,MFFW,Betis,27,1994,1.2,47,55,85.5,889,191,16,20,80.0,25,26,96.2,6,7,85.7,0,0.0,0.0,0,3,1,0,2,Matches,b2d03887
91,Eduardo Camavinga,fr FRA,MF,Real Madrid,18,2002,13.7,758,841,90.1,14817,3289,308,332,92.8,327,355,92.1,118,135,87.4,1,1.2,-0.2,13,65,6,2,60,Matches,7b9c2d84
92,José Campaña,es ESP,MF,Levante,28,1993,15.8,714,882,81.0,13021,4688,319,351,90.9,299,350,85.4,84,157,53.5,2,1.4,+0.6,24,78,16,3,95,Matches,61220da2
93,Sergio Canales,es ESP,FWMF,Betis,30,1991,31.0,1551,1867,83.1,28685,6995,713,788,90.5,554,636,87.1,228,335,68.1,8,5.1,+2.9,62,148,62,5,182,Matches,a6de370d
94,Álex Cantero,es ESP,FWMF,Levante,21,2000,6.8,93,133,69.9,1480,448,50,67,74.6,34,44,77.3,5,10,50.0,1,0.6,+0.4,3,5,6,3,14,Matches,4aa253fd
95,Ander Capa,es ESP,DF,Athletic Club,29,1992,0.0,1,2,50.0,20,20,0,1,0.0,1,1,100.0,0,0,,0,0.0,0.0,0,1,0,0,1,Matches,37f1cf47
96,Étienne Capoue,fr FRA,MF,Villarreal,33,1988,25.4,1178,1335,88.2,21751,5189,506,542,93.4,536,595,90.1,123,167,73.7,1,0.9,+0.1,5,125,12,1,102,Matches,5acc4a10
97,Isaac Carcelen,es ESP,DFMF,Cádiz,28,1993,17.2,557,740,75.3,10328,3849,234,270,86.7,250,302,82.8,64,132,48.5,1,0.6,+0.4,11,42,13,7,48,Matches,c4b888df
98,Cárdenas,es ESP,GK,Levante,24,1997,24.0,488,719,67.9,13822,8433,109,110,99.1,190,192,99.0,172,399,43.1,0,0.0,0.0,1,13,0,0,0,Matches,e1846dde
99,Carlo,es ESP,MF,Villarreal,20,2001,0.1,4,4,100.0,86,24,0,0,,4,4,100.0,0,0,,0,0.0,0.0,0,1,1,0,2,Matches,8249ff06
100,Diego Carlos,br BRA,DF,Sevilla,28,1993,32.9,1892,2141,88.4,44975,12839,439,460,95.4,1022,1072,95.3,418,585,71.5,0,0.3,-0.3,3,93,9,0,83,Matches,b4a014b1
101,Carmona,es ESP,DF,Sevilla,19,2002,0.3,6,12,50.0,158,49,1,2,50.0,2,5,40.0,3,4,75.0,0,0.0,0.0,0,2,0,0,1,Matches,2dce876a
102,Yannick Carrasco,be BEL,DFMF,Atlético Madrid,27,1993,28.7,977,1284,76.1,15383,5155,553,635,87.1,315,402,78.4,76,174,43.7,6,6.2,-0.2,55,54,47,10,94,Matches,de39485a
103,Guido Carrillo,ar ARG,FW,Elche,30,1991,13.0,224,319,70.2,3062,474,130,172,75.6,65,91,71.4,11,27,40.7,0,0.2,-0.2,4,11,5,1,12,Matches,8f898ba8
104,Dani Carvajal,es ESP,DF,Real Madrid,29,1992,17.2,1040,1205,86.3,18625,5014,476,521,91.4,411,467,88.0,134,176,76.1,3,2.4,+0.6,26,45,27,8,68,Matches,4958bfb2
105,William Carvalho,pt POR,MF,Betis,29,1992,20.1,1164,1319,88.2,21488,5487,513,569,90.2,473,513,92.2,158,198,79.8,3,1.5,+1.5,21,141,22,0,133,Matches,dee86451
106,Casemiro,br BRA,MF,Real Madrid,29,1992,28.5,1714,1983,86.4,34844,9441,672,744,90.3,680,774,87.9,322,395,81.5,3,2.6,+0.4,24,181,20,2,144,Matches,4d224fe8
107,Kiko Casilla,es ESP,GK,Elche,34,1986,14.0,320,481,66.5,10242,6724,52,53,98.1,126,128,98.4,137,294,46.6,0,0.1,-0.1,2,2,0,0,0,Matches,58bc7d18
108,Catena,es ESP,DF,Rayo Vallecano,26,1994,36.0,1383,1672,82.7,35586,13242,291,332,87.7,652,715,91.2,430,601,71.5,2,0.7,+1.3,7,86,2,0,73,Matches,274ab13c
109,Dani Ceballos,es ESP,MF,Real Madrid,24,1996,3.1,238,263,90.5,4350,1084,107,117,91.5,98,104,94.2,29,35,82.9,0,0.1,-0.1,3,16,5,1,13,Matches,c0617e2b
110,Franco Cervi,ar ARG,MF,Celta Vigo,27,1994,20.0,576,763,75.5,9134,2248,317,365,86.8,196,243,80.7,46,94,48.9,3,1.3,+1.7,12,29,18,7,47,Matches,5e1028e5
111,Chapela,es ESP,MFFW,Cádiz,22,1999,4.4,56,90,62.2,1308,619,15,23,65.2,26,36,72.2,12,24,50.0,0,0.2,-0.2,2,10,1,0,14,Matches,9ed40a69
112,Chema,es ESP,MF,Getafe,29,1992,0.5,9,15,60.0,217,72,4,4,100.0,1,3,33.3,4,8,50.0,0,0.0,0.0,1,1,0,0,0,Matches,7f203b54
113,Denis Cheryshev,ru RUS,MF,Valencia,30,1990,6.3,108,169,63.9,1990,535,48,68,70.6,44,62,71.0,12,27,44.4,1,0.3,+0.7,3,8,5,1,14,Matches,0ac94a23
114,Samuel Chukwueze,ng NGA,MFFW,Villarreal,22,1999,14.8,344,473,72.7,5823,1244,173,217,79.7,132,170,77.6,31,57,54.4,3,4.4,-1.4,27,7,25,3,41,Matches,b8a642fc
115,Víctor Chust,es ESP,DF,Cádiz,21,2000,20.3,699,806,86.7,15880,4440,185,202,91.6,347,371,93.5,156,215,72.6,0,0.0,0.0,0,34,1,0,32,Matches,ec1a731e
116,Jasper Cillessen,nl NED,GK,Valencia,32,1989,16.2,292,446,65.5,10918,7875,35,35,100.0,97,98,99.0,155,308,50.3,1,0.0,+1.0,1,8,0,0,2,Matches,04ac8285
117,Pathé Ciss,sn SEN,MF,Rayo Vallecano,27,1994,12.2,447,535,83.6,9353,2489,171,194,88.1,177,197,89.8,89,123,72.4,1,0.5,+0.5,4,50,3,0,47,Matches,9a0408b6
118,Carlos Clerc,es ESP,DF,Levante,29,1992,16.8,673,873,77.1,11411,4542,328,364,90.1,276,332,83.1,53,132,40.2,0,0.8,-0.8,11,51,14,3,70,Matches,33a61a52
119,Coke,es ESP,DF,Levante,34,1987,1.3,56,67,83.6,1076,637,22,24,91.7,28,32,87.5,6,8,75.0,0,0.1,-0.1,2,4,1,0,8,Matches,6d8f8441
120,Álex Collado,es ESP,MFFW,Granada,22,1999,11.3,280,374,74.9,4859,1152,140,163,85.9,101,124,81.5,33,66,50.0,1,1.2,-0.2,15,27,9,2,24,Matches,85dace26
121,Eray Cömert,ch SUI,DF,Valencia,23,1998,4.5,158,190,83.2,3901,1078,31,34,91.2,85,92,92.4,41,62,66.1,0,0.0,0.0,0,14,0,0,10,Matches,15937e17
122,Santi Comesaña,es ESP,MF,Rayo Vallecano,24,1996,29.8,1241,1488,83.4,23731,7137,508,591,86.0,525,594,88.4,175,233,75.1,2,2.5,-0.5,28,130,22,3,149,Matches,5ae499d0
123,Diego Conde,es ESP,GK,Getafe,22,1998,0.1,0,6,0.0,0,0,0,0,,0,0,,0,6,0.0,0,0.0,0.0,0,0,0,0,0,Matches,4eae5bc4
124,Francis Coquelin,fr FRA,MF,Villarreal,30,1991,9.2,424,480,88.3,7303,1623,199,222,89.6,165,178,92.7,45,54,83.3,1,0.7,+0.3,10,43,11,0,44,Matches,a6951bf8
125,Jesús Corona,mx MEX,FWDF,Sevilla,28,1993,12.9,476,612,77.8,7746,1722,265,301,88.0,150,189,79.4,45,86,52.3,4,3.3,+0.7,23,23,16,6,32,Matches,fb938d24
126,Ángel Correa,ar ARG,FWMF,Atlético Madrid,26,1995,20.6,483,655,73.7,6814,1524,292,355,82.3,134,178,75.3,27,55,49.1,5,3.5,+1.5,24,29,20,2,47,Matches,01eb744d
127,Thierry Correia,pt POR,DF,Valencia,22,1999,15.7,450,648,69.4,8990,3945,176,218,80.7,203,264,76.9,65,137,47.4,1,0.9,+0.1,9,42,14,6,57,Matches,c78b352d
128,Hélder Costa,ao ANG,MFFW,Valencia,27,1994,12.4,188,293,64.2,2970,923,103,140,73.6,71,101,70.3,10,32,31.3,1,1.7,-0.7,16,12,13,7,21,Matches,f13d02a6
129,Jaume Costa,es ESP,DF,Mallorca,33,1988,20.3,734,1001,73.3,12777,5490,350,404,86.6,308,403,76.4,67,157,42.7,4,2.4,+1.6,22,38,29,13,78,Matches,808d48f3
130,Thibaut Courtois,be BEL,GK,Real Madrid,29,1992,36.0,936,1139,82.2,23757,12759,176,176,100.0,516,517,99.8,239,441,54.2,0,0.0,0.0,0,4,0,0,1,Matches,1840e36d
131,Philippe Coutinho,br BRA,MFFW,Barcelona,29,1992,5.6,275,328,83.8,4269,1033,166,175,94.9,73,93,78.5,26,44,59.1,0,0.3,-0.3,2,23,13,2,26,Matches,0ef89a37
132,Cristo,es ESP,DF,Real Sociedad,21,2000,0.2,11,12,91.7,182,109,6,6,100.0,2,2,100.0,1,2,50.0,0,0.1,-0.1,1,0,2,1,2,Matches,ad81ba78
133,Juan Cruz Armada,es ESP,DF,Osasuna,29,1992,21.5,786,951,82.6,16138,5992,254,282,90.1,417,475,87.8,111,179,62.0,0,0.0,0.0,2,56,4,1,65,Matches,a56da3ba
134,Marc Cucurella,es ESP,FWDF,Getafe,23,1998,0.3,15,21,71.4,203,35,10,11,90.9,4,5,80.0,0,3,0.0,0,0.1,-0.1,1,0,0,0,0,Matches,1daec722
135,Jorge Cuenca,es ESP,DF,Getafe,21,1999,29.8,747,1070,69.8,16527,6548,211,271,77.9,387,470,82.3,139,303,45.9,0,0.1,-0.1,2,49,1,0,58,Matches,0abc51f2
136,Matheus Cunha,br BRA,FW,Atlético Madrid,22,1999,11.8,167,233,71.7,2417,532,98,121,81.0,50,64,78.1,10,20,50.0,4,2.2,+1.8,8,8,11,0,23,Matches,dc62b55d
137,Sergi Darder,es ESP,MF,Espanyol,27,1993,34.7,1442,1746,82.6,28706,8082,593,653,90.8,594,671,88.5,230,360,63.9,9,4.9,+4.1,41,176,43,6,156,Matches,070a3904
138,Rodrigo De Paul,ar ARG,MF,Atlético Madrid,27,1994,23.9,1125,1420,79.2,23080,7494,453,512,88.5,428,490,87.3,213,356,59.8,1,4.1,-3.1,52,153,41,7,149,Matches,162efffd
139,Thomas Delaney,dk DEN,MF,Sevilla,29,1991,17.2,632,801,78.9,12054,2924,268,306,87.6,248,302,82.1,103,162,63.6,1,0.6,+0.4,10,45,8,2,39,Matches,fe641c1a
140,Ousmane Dembélé,fr FRA,FW,Barcelona,24,1997,15.7,609,822,74.1,10521,2965,318,366,86.9,212,280,75.7,64,130,49.2,13,7.8,+5.2,46,26,42,13,66,Matches,b19db005
141,Yusuf Demir,at AUT,FW,Barcelona,18,2003,2.1,77,85,90.6,969,186,52,55,94.5,19,22,86.4,2,4,50.0,0,0.0,0.0,1,2,2,0,2,Matches,fa265f6d
142,Memphis Depay,nl NED,FW,Barcelona,27,1994,20.6,725,965,75.1,10974,2829,460,519,88.6,173,239,72.4,65,146,44.5,2,3.9,-1.9,45,32,30,10,70,Matches,8f696594
143,Sergiño Dest,us USA,DFFW,Barcelona,20,2000,16.8,880,1000,88.0,13944,4131,470,497,94.6,358,403,88.8,44,72,61.1,3,2.8,+0.2,19,59,17,4,69,Matches,5976f83e
144,Boulaye Dia,sn SEN,FW,Villarreal,24,1996,14.1,195,257,75.9,2829,375,102,130,78.5,69,84,82.1,8,16,50.0,5,1.9,+3.1,17,4,3,0,12,Matches,244bc2c8
145,Mouctar Diakhaby,gn GUI,DF,Valencia,24,1996,21.6,542,700,77.4,13316,4453,120,146,82.2,268,306,87.6,149,237,62.9,1,0.1,+0.9,3,48,2,1,50,Matches,d2110326
146,Javier Díaz,es ESP,GK,Sevilla,24,1997,1.0,28,33,84.8,788,344,5,5,100.0,12,12,100.0,11,16,68.8,0,0.0,0.0,0,0,0,0,0,Matches,17a1299d
147,Víctor Díaz,es ESP,DF,Granada,33,1988,16.7,526,693,75.9,11405,4529,165,178,92.7,250,293,85.3,104,202,51.5,0,0.2,-0.2,4,43,5,2,45,Matches,3624ce4c
148,Landry Dimata,be BEL,FWMF,Espanyol,23,1997,6.0,71,99,71.7,1047,169,40,52,76.9,22,30,73.3,5,6,83.3,0,0.2,-0.2,5,7,2,0,5,Matches,b5f63410
149,Stole Dimitrievski,mk MKD,GK,Rayo Vallecano,27,1993,30.8,538,955,56.3,19858,14443,87,87,100.0,177,182,97.3,272,683,39.8,0,0.0,0.0,0,20,0,0,0,Matches,fc70e345
150,Matías Dituro,ar ARG,GK,Celta Vigo,34,1987,38.0,926,1460,63.4,33952,23132,85,89,95.5,357,366,97.5,482,1001,48.2,0,0.1,-0.1,1,18,1,0,2,Matches,b6160ad0
151,Djené,tg TOG,DF,Getafe,29,1991,34.6,1035,1331,77.8,21837,8343,341,384,88.8,483,563,85.8,202,346,58.4,1,0.3,+0.7,9,75,11,2,85,Matches,a4971d84
152,Naïs Djouahra,fr FRA,FWMF,Real Sociedad,21,1999,2.4,70,98,71.4,914,224,48,55,87.3,20,25,80.0,1,14,7.1,0,0.3,-0.3,3,7,1,0,3,Matches,3594a357
153,Marko Dmitrović,rs SRB,GK,Sevilla,29,1992,6.0,187,224,83.5,5088,2358,39,39,100.0,95,95,100.0,53,90,58.9,0,0.0,0.0,0,2,0,0,0,Matches,ac295d9e
154,Jaume Doménech,es ESP,GK,Valencia,30,1990,3.8,66,107,61.7,2781,2060,8,8,100.0,12,12,100.0,46,87,52.9,0,0.0,0.0,0,0,0,0,0,Matches,c9cb972b
155,Carlos Dominguez,es ESP,DF,Celta Vigo,20,2001,3.8,130,166,78.3,2800,781,41,52,78.8,61,64,95.3,26,47,55.3,0,0.0,0.0,0,6,1,0,8,Matches,3521abfe
156,Mario Dominguez,es ESP,FW,Valencia,17,2004,0.3,2,3,66.7,20,5,2,2,100.0,0,0,,0,0,,0,0.0,0.0,0,0,0,0,0,Matches,d709cd5c
157,John Donald,es ESP,DF,Elche,20,2000,2.0,78,89,87.6,1419,550,26,28,92.9,43,47,91.5,6,11,54.5,0,0.0,0.0,1,10,0,0,6,Matches,5e95c000
158,Domingos Duarte,pt POR,DF,Granada,26,1995,18.7,548,702,78.1,12800,4801,135,159,84.9,286,334,85.6,122,197,61.9,0,0.0,0.0,1,36,0,0,40,Matches,93090f69
159,Óscar Duarte,cr CRC,DF,Levante,32,1989,19.7,810,961,84.3,18619,6517,205,223,91.9,405,465,87.1,188,256,73.4,0,0.3,-0.3,2,27,0,0,34,Matches,aa0ac32d
160,Rubén Duarte,es ESP,DF,Alavés,25,1995,29.1,914,1346,67.9,17031,8941,393,456,86.2,406,534,76.0,103,306,33.7,4,2.1,+1.9,21,76,27,15,79,Matches,1fe0492d
161,Unai Dufur,es ESP,DF,Osasuna,22,1999,1.0,37,50,74.0,827,276,11,13,84.6,20,25,80.0,6,11,54.5,0,0.0,0.0,0,4,0,0,6,Matches,c261b5dd
162,Hugo Duro,es ESP,FWMF,Valencia,21,1999,20.4,282,391,72.1,3889,883,163,206,79.1,91,125,72.8,11,27,40.7,1,0.9,+0.1,14,10,3,0,19,Matches,37e103f8
163,Hugo Duro,es ESP,DFMF,Getafe,21,1999,0.1,3,4,75.0,35,0,2,2,100.0,1,1,100.0,0,0,,0,0.0,0.0,0,0,0,0,0,Matches,37e103f8
164,Aritz Elustondo,es ESP,DF,Real Sociedad,27,1994,23.4,991,1164,85.1,21437,6878,286,323,88.5,501,561,89.3,193,258,74.8,1,0.2,+0.8,2,58,3,0,72,Matches,f7dc2ae5
165,Adri Embarba,es ESP,FWMF,Espanyol,29,1992,22.1,491,794,61.8,8450,2659,252,311,81.0,155,238,65.1,63,187,33.7,2,2.5,-0.5,36,23,23,12,36,Matches,db8f0eba
166,Emerson,br BRA,DF,Barcelona,22,1999,1.0,58,69,84.1,1007,181,28,29,96.6,25,28,89.3,4,7,57.1,0,0.0,0.0,0,0,3,1,5,Matches,df8b52a5
167,Youssef En-Nesyri,ma MAR,FW,Sevilla,24,1997,14.2,126,183,68.9,1947,330,61,81,75.3,41,60,68.3,12,22,54.5,1,1.3,-0.3,6,9,2,0,11,Matches,04e17fd5
168,Gonzalo Escalante,ar ARG,MF,Alavés,28,1993,14.4,278,403,69.0,4898,1427,136,178,76.4,106,144,73.6,30,62,48.4,0,0.1,-0.1,6,33,4,0,40,Matches,3f79a1c8
169,Aarón Escandell,es ESP,GK,Granada,25,1995,3.2,72,125,57.6,2924,2207,13,13,100.0,14,16,87.5,44,95,46.3,0,0.0,0.0,0,3,0,0,0,Matches,67669ce7
170,Sergio Escudero,es ESP,DFMF,Granada,31,1989,15.9,524,721,72.7,10338,4511,213,248,85.9,228,289,78.9,73,157,46.5,1,1.1,-0.1,10,35,13,4,46,Matches,b0616e3d
171,Alfonso Espino,uy URU,DF,Cádiz,29,1992,37.0,1124,1778,63.2,22133,10055,472,567,83.2,447,627,71.3,180,472,38.1,2,3.9,-1.9,40,90,35,22,100,Matches,db001fa9
172,Estanis,es ESP,FW,Barcelona,17,2003,0.1,0,1,0.0,0,0,0,1,0.0,0,0,,0,0,,0,0.0,0.0,0,0,0,0,0,Matches,ace50e9f
173,Pervis Estupiñán,ec ECU,DF,Villarreal,23,1998,17.5,836,1057,79.1,14329,5056,393,442,88.9,359,440,81.6,71,124,57.3,1,1.9,-0.9,13,36,32,15,78,Matches,d38fdf53
174,Abdessamad Ezzalzouli,ma MAR,FWDF,Barcelona,19,2001,6.4,138,189,73.0,1783,282,105,122,86.1,21,34,61.8,7,15,46.7,0,0.6,-0.6,5,2,3,1,9,Matches,bed68338
175,Radamel Falcao,co COL,FW,Rayo Vallecano,35,1986,9.3,133,174,76.4,1967,261,69,87,79.3,50,63,79.4,6,7,85.7,0,0.7,-0.7,5,10,2,1,7,Matches,66116290
176,Fali,es ESP,DFMF,Cádiz,27,1993,20.0,523,674,77.6,12301,3516,117,132,88.6,271,318,85.2,128,214,59.8,2,1.0,+1.0,7,38,5,1,36,Matches,72a84002
177,Omar Faraj,se SWE,FW,Levante,19,2002,0.0,0,2,0.0,0,0,0,2,0.0,0,0,,0,0,,0,0.0,0.0,0,0,0,0,0,Matches,de627c8a
178,Ansu Fati,es ESP,FW,Barcelona,18,2002,3.7,136,164,82.9,1708,284,87,99,87.9,35,42,83.3,4,6,66.7,0,0.7,-0.7,2,2,4,0,7,Matches,0ba976e4
179,Aleix Febas,es ESP,MF,Mallorca,25,1996,1.3,50,56,89.3,948,194,21,25,84.0,17,18,94.4,9,9,100.0,0,0.1,-0.1,1,6,1,0,5,Matches,38126309
180,Nabil Fekir,fr FRA,MF,Betis,28,1993,31.0,1216,1507,80.7,20704,6682,615,664,92.6,403,470,85.7,142,269,52.8,8,6.8,+1.2,83,114,42,3,139,Matches,bece776f
181,Felipe,br BRA,DF,Atlético Madrid,32,1989,16.7,659,793,83.1,13485,4345,214,235,91.1,326,364,89.6,103,164,62.8,1,0.4,+0.6,5,30,1,0,32,Matches,51a3c4c8
182,João Félix,pt POR,FWMF,Atlético Madrid,21,1999,14.0,342,460,74.3,5562,1686,204,235,86.8,91,126,72.2,37,70,52.9,4,3.7,+0.3,19,37,26,3,42,Matches,8aafd64f
183,Aitor Fernández,es ESP,GK,Levante,30,1991,13.0,267,381,70.1,8055,5471,40,40,100.0,113,116,97.4,105,216,48.6,0,0.0,0.0,0,2,1,0,1,Matches,a01c3d54
184,Álex Fernández,es ESP,MF,Cádiz,28,1992,22.8,816,1023,79.8,16159,4612,348,387,89.9,313,364,86.0,143,235,60.9,2,1.6,+0.4,18,91,15,5,95,Matches,aa677a35
185,Fernando,br BRA,MFDF,Sevilla,34,1987,20.6,1121,1248,89.8,24782,5214,338,363,93.1,548,578,94.8,227,282,80.5,1,0.3,+0.7,5,65,5,0,51,Matches,41f32541
186,Fidel,es ESP,MFFW,Elche,31,1989,25.1,813,1095,74.2,13674,5337,440,513,85.8,258,327,78.9,96,197,48.7,6,5.1,+0.9,40,85,21,9,112,Matches,eb82b6f1
187,José Fontán,es ESP,DF,Celta Vigo,21,2000,3.1,172,204,84.3,3871,854,45,53,84.9,90,100,90.0,37,51,72.5,0,0.1,-0.1,2,3,2,2,5,Matches,1827a42d
188,Dimitri Foulquier,fr FRA,DF,Valencia,28,1993,26.0,705,1007,70.0,13590,6113,285,338,84.3,307,408,75.2,99,210,47.1,1,0.7,+0.3,10,68,12,5,73,Matches,45e17712
189,Dimitri Foulquier,fr FRA,DF,Granada,28,1993,2.0,52,76,68.4,740,388,31,35,88.6,17,22,77.3,3,10,30.0,0,0.0,0.0,1,4,1,1,5,Matches,45e17712
190,Juan Foyth,ar ARG,DF,Villarreal,23,1998,21.4,1000,1180,84.7,18468,7273,407,451,90.2,487,559,87.1,97,140,69.3,1,1.8,-0.8,11,73,12,1,81,Matches,6c7762c3
191,Enric Franquesa,es ESP,DF,Levante,24,1997,6.9,210,274,76.6,3414,1122,102,115,88.7,94,121,77.7,12,23,52.2,0,0.1,-0.1,3,13,6,2,14,Matches,40883e3a
192,Jorge de Frutos,es ESP,MFFW,Levante,24,1997,19.6,345,509,67.8,6028,2272,182,215,84.7,109,159,68.6,43,87,49.4,7,3.3,+3.7,23,25,27,11,52,Matches,38ce1150
193,Javi Galán,es ESP,DF,Celta Vigo,26,1994,36.6,1718,2191,78.4,30838,9750,793,889,89.2,719,872,82.5,177,340,52.1,3,2.2,+0.8,23,62,39,22,125,Matches,a4b00319
194,Iñigo Ruiz de Galarreta,es ESP,MF,Mallorca,27,1993,15.3,612,759,80.6,11791,3409,244,280,87.1,273,321,85.0,82,123,66.7,0,0.7,-0.7,12,73,11,1,81,Matches,91f7631f
195,Thiago Galhardo,br BRA,FWMF,Celta Vigo,32,1989,12.8,190,279,68.1,2536,830,127,151,84.1,43,79,54.4,10,20,50.0,2,2.3,-0.3,12,13,11,1,27,Matches,766f48dd
196,Álvaro García,es ESP,FW,Rayo Vallecano,28,1992,33.3,645,1035,62.3,11321,3908,311,421,73.9,253,371,68.2,66,183,36.1,4,5.1,-1.1,49,33,49,26,77,Matches,90bbd822
197,Dani García,es ESP,MF,Athletic Club,31,1990,24.2,803,1041,77.1,16058,4231,284,341,83.3,375,456,82.2,128,209,61.2,0,0.5,-0.5,8,87,9,0,87,Matches,240d3a0b
198,David García,es ESP,DF,Osasuna,27,1994,34.5,1177,1422,82.8,27263,9584,278,325,85.5,635,718,88.4,257,366,70.2,0,0.3,-0.3,8,101,2,0,100,Matches,3e42f707
199,Eric García,es ESP,DF,Barcelona,20,2001,22.7,1550,1666,93.0,33391,10391,446,470,94.9,829,870,95.3,272,312,87.2,0,0.2,-0.2,5,158,2,0,122,Matches,2bed3eab
200,Francisco Garcia,es ESP,DF,Rayo Vallecano,21,1999,33.6,1333,1694,78.7,24297,8799,572,627,91.2,606,732,82.8,139,273,50.9,0,1.2,-1.2,28,95,36,22,111,Matches,7226539b
201,Joan García,es ESP,GK,Espanyol,20,2001,1.2,25,33,75.8,604,366,8,8,100.0,9,9,100.0,8,16,50.0,0,0.0,0.0,0,2,0,0,1,Matches,87b498b0
202,Manu García,es ESP,MF,Alavés,23,1998,12.0,443,582,76.1,9418,2942,179,215,83.3,156,182,85.7,97,161,60.2,1,1.1,-0.1,22,77,18,5,57,Matches,6ed1a2a2
203,Raúl García,es ESP,FW,Athletic Club,35,1986,20.0,373,594,62.8,6432,2190,181,252,71.8,138,218,63.3,37,84,44.0,2,2.7,-0.7,16,50,20,3,64,Matches,b418dbd4
204,Rubén García,es ESP,FWMF,Osasuna,28,1993,26.4,891,1247,71.5,16474,5375,437,518,84.4,300,394,76.1,132,265,49.8,6,3.4,+2.6,54,56,50,19,99,Matches,5c96b017
205,Saúl García,es ESP,FW,Alavés,26,1994,0.0,1,3,33.3,24,14,0,0,,1,2,50.0,0,1,0.0,0,0.0,0.0,0,0,0,0,0,Matches,dafa5038
206,Unai García,es ESP,DF,Osasuna,29,1992,15.6,415,554,74.9,11081,3404,73,92,79.3,218,256,85.2,123,204,60.3,0,0.1,-0.1,3,43,2,0,32,Matches,4a633cfe
207,Mario Gaspar,es ESP,DF,Villarreal,30,1990,6.9,298,368,81.0,5550,2259,128,144,88.9,129,157,82.2,38,58,65.5,0,0.5,-0.5,4,19,5,3,17,Matches,fb5d47b3
208,Óscar Gil,es ESP,DF,Espanyol,23,1998,18.8,626,740,84.6,10451,3233,324,355,91.3,234,266,88.0,56,95,58.9,2,2.5,-0.5,16,32,9,6,30,Matches,6652cf96
209,Mario Gila,es ESP,DF,Real Madrid,20,2000,0.3,20,22,90.9,376,142,7,7,100.0,10,11,90.9,3,4,75.0,0,0.0,0.0,0,1,0,0,2,Matches,9c435456
210,Dani Gómez,es ESP,FW,Levante,23,1998,11.8,165,207,79.7,2208,452,111,127,87.4,35,43,81.4,10,18,55.6,2,2.2,-0.2,11,13,4,1,12,Matches,0e5ddc7c
211,Maxi Gómez,uy URU,FW,Valencia,24,1996,21.7,265,415,63.9,4231,842,139,200,69.5,98,149,65.8,16,32,50.0,1,1.9,-0.9,18,23,14,3,29,Matches,4c2e9442
212,Moi Gómez,es ESP,MFFW,Villarreal,27,1994,14.3,482,595,81.0,8778,2207,221,253,87.4,195,227,85.9,58,86,67.4,2,2.3,-0.3,21,36,27,8,50,Matches,5a626448
213,Papu Gómez,ar ARG,MFFW,Sevilla,33,1988,19.8,839,975,86.1,15400,3435,395,424,93.2,311,351,88.6,111,163,68.1,1,2.0,-1.0,24,74,26,11,78,Matches,6e4df551
214,Sergi Gómez,es ESP,DF,Espanyol,29,1992,30.2,1148,1327,86.5,24948,7747,269,292,92.1,665,693,96.0,197,309,63.8,2,0.8,+1.2,3,39,0,0,35,Matches,bc6f5f06
215,Maxime Gonalons,fr FRA,MF,Granada,32,1989,17.2,544,648,84.0,10977,3147,194,222,87.4,256,281,91.1,84,118,71.2,2,0.8,+1.2,11,50,2,0,65,Matches,b8c1de25
216,Diego González,es ESP,DF,Elche,26,1995,19.9,591,704,83.9,13402,3775,137,154,89.0,343,362,94.8,108,177,61.0,0,0.1,-0.1,1,22,0,0,25,Matches,4ac7608e
217,Édgar González,es ESP,DF,Betis,24,1997,16.3,797,883,90.3,16445,5330,276,285,96.8,387,413,93.7,129,169,76.3,1,0.6,+0.4,2,26,0,0,21,Matches,49d028db
218,Giovanni González,uy URU,DF,Mallorca,26,1994,4.1,152,204,74.5,2612,1071,72,85,84.7,72,92,78.3,8,25,32.0,0,0.8,-0.8,6,12,4,1,15,Matches,1fc474ae
219,Nicolás González,es ESP,MF,Barcelona,19,2002,12.4,620,687,90.2,9973,1812,304,332,91.6,257,269,95.5,43,61,70.5,1,1.2,-0.2,13,57,6,0,31,Matches,2c56a792
220,Peter González,do DOM,MFDF,Real Madrid,19,2002,0.3,16,19,84.2,249,31,9,9,100.0,2,2,100.0,3,6,50.0,0,0.3,-0.3,2,0,0,0,1,Matches,1ccd3dae
221,Roberto González,es ESP,FWMF,Betis,20,2001,1.5,30,39,76.9,410,86,19,22,86.4,8,12,66.7,1,2,50.0,0,0.0,0.0,0,1,0,0,2,Matches,56545648
222,Gori,es ESP,MF,Espanyol,19,2002,0.1,4,5,80.0,77,37,1,1,100.0,3,3,100.0,0,1,0.0,0,0.0,0.0,0,1,0,0,2,Matches,f3451c66
223,Andoni Gorosabel,es ESP,DF,Real Sociedad,24,1996,25.4,1224,1465,83.5,19747,7708,655,705,92.9,471,558,84.4,78,151,51.7,4,2.8,+1.2,23,66,25,7,87,Matches,6f5f82c0
224,Jaume Grau,es ESP,MF,Osasuna,24,1997,0.0,2,4,50.0,38,21,1,3,33.3,1,1,100.0,0,0,,0,0.0,0.0,0,0,0,0,0,Matches,fc3d2006
225,Dominik Greif,sk SVK,GK,Mallorca,24,1997,1.0,20,31,64.5,489,206,8,8,100.0,5,5,100.0,7,18,38.9,0,0.0,0.0,0,0,0,0,0,Matches,30061f53
226,Clément Grenier,fr FRA,MF,Mallorca,30,1991,0.7,30,40,75.0,533,67,12,13,92.3,16,20,80.0,2,4,50.0,0,0.0,0.0,1,4,0,0,0,Matches,8b298f56
227,Antoine Griezmann,fr FRA,FWMF,Atlético Madrid,30,1991,18.8,560,710,78.9,8706,1834,311,359,86.6,176,219,80.4,47,87,54.0,4,3.4,+0.6,26,34,12,1,44,Matches,df69b544
228,Antoine Griezmann,fr FRA,FW,Barcelona,30,1991,2.9,85,99,85.9,1708,345,38,44,86.4,27,30,90.0,17,18,94.4,0,0.0,0.0,0,6,0,0,10,Matches,df69b544
229,Arnaut Groeneveld,nl NED,FW,Villarreal,24,1997,16.4,287,384,74.7,4084,873,185,217,85.3,84,119,70.6,11,26,42.3,3,1.8,+1.2,13,5,16,4,24,Matches,f08490a6
230,Andrés Guardado,mx MEX,MF,Betis,34,1986,15.5,782,934,83.7,16829,4700,267,301,88.7,357,399,89.5,152,217,70.0,1,0.5,+0.5,11,87,7,1,69,Matches,ef322658
231,Sergi Guardiola,es ESP,FW,Rayo Vallecano,30,1991,19.0,303,436,69.5,4700,970,179,232,77.2,88,121,72.7,22,40,55.0,2,1.4,+0.6,13,14,13,2,21,Matches,32974271
232,Nemanja Gudelj,rs SRB,MFDF,Sevilla,29,1991,11.6,601,669,89.8,12163,2649,216,230,93.9,283,300,94.3,96,124,77.4,0,0.1,-0.1,2,27,0,0,20,Matches,0076ab7f
233,Gonçalo Guedes,pt POR,FWMF,Valencia,24,1996,29.0,582,884,65.8,10705,3813,285,375,76.0,198,281,70.5,86,169,50.9,6,4.0,+2.0,43,49,48,14,98,Matches,e6bc67d7
234,Ander Guevara,es ESP,MF,Real Sociedad,24,1997,9.6,531,604,87.9,10046,1985,199,224,88.8,258,287,89.9,64,72,88.9,0,0.2,-0.2,5,39,5,0,33,Matches,8e48dc61
235,John Guidetti,se SWE,FWMF,Alavés,29,1992,3.1,53,72,73.6,717,107,32,41,78.0,16,21,76.2,1,3,33.3,0,0.3,-0.3,4,1,0,0,2,Matches,99bebd12
236,Hugo Guillamón,es ESP,MFDF,Valencia,21,2000,26.2,897,1089,82.4,19390,5399,326,377,86.5,352,409,86.1,195,268,72.8,0,0.4,-0.4,12,116,17,1,90,Matches,f7c12fbf
237,Gerard Gumbau,es ESP,MF,Elche,26,1994,21.0,852,1073,79.4,17861,4811,335,366,91.5,328,378,86.8,168,290,57.9,4,2.1,+1.9,29,95,8,2,61,Matches,ac454a4f
238,Jon Guridi,es ESP,MF,Real Sociedad,26,1995,2.3,59,80,73.8,953,203,31,41,75.6,21,27,77.8,6,8,75.0,0,0.2,-0.2,1,6,1,1,5,Matches,4c0a6a48
239,Raúl Guti,es ESP,MF,Elche,24,1996,18.1,661,788,83.9,12331,3077,285,317,89.9,279,317,88.0,83,122,68.0,0,0.2,-0.2,7,67,6,1,58,Matches,0b2c8585
240,Marcos Mauro López Gutiérrez,ar ARG,DF,Cádiz,30,1991,1.5,10,21,47.6,280,75,1,3,33.3,5,7,71.4,4,9,44.4,0,0.0,0.0,0,0,0,0,1,Matches,b3b62f94
241,Miguel Gutiérrez,es ESP,DF,Real Madrid,20,2001,2.9,168,187,89.8,3196,890,70,76,92.1,63,66,95.5,29,37,78.4,1,0.5,+0.5,3,14,3,2,13,Matches,7e98cff1
242,Munir El Haddadi,ma MAR,FWMF,Sevilla,25,1995,5.3,106,137,77.4,1601,348,57,65,87.7,34,45,75.6,7,13,53.8,0,0.6,-0.6,6,6,6,2,10,Matches,8696bc90
243,Varazdat Haroyan,am ARM,DF,Cádiz,28,1992,16.0,338,414,81.6,7454,2124,98,114,86.0,161,183,88.0,75,109,68.8,0,0.2,-0.2,4,17,2,0,10,Matches,be32269e
244,Eden Hazard,be BEL,FWMF,Real Madrid,30,1991,8.0,366,411,89.1,5376,946,223,247,90.3,113,124,91.1,20,21,95.2,1,2.6,-1.6,28,16,12,0,21,Matches,a39bb753
245,Kike Hermoso,es ESP,DF,Betis,21,1999,1.0,47,51,92.2,983,195,15,15,100.0,26,27,96.3,6,9,66.7,0,0.0,0.0,0,0,0,0,0,Matches,dea912dc
246,Mario Hermoso,es ESP,DF,Atlético Madrid,26,1995,20.7,1125,1309,85.9,23019,8169,430,461,93.3,489,538,90.9,195,281,69.4,1,0.6,+0.4,8,90,11,2,84,Matches,555f3a0b
247,Aridane Hernández,gq EQG,DF,Osasuna,32,1989,12.9,434,534,81.3,10180,3316,91,111,82.0,238,274,86.9,98,141,69.5,0,0.1,-0.1,2,28,0,0,32,Matches,132ac341
248,Luis Hernández,es ESP,DF,Cádiz,32,1989,15.2,622,781,79.6,14972,5493,140,158,88.6,330,360,91.7,150,254,59.1,0,0.1,-0.1,4,45,3,0,51,Matches,02d2c436
249,Mario Hernández,es ESP,DFFW,Rayo Vallecano,22,1999,4.4,141,206,68.4,2553,1260,61,70,87.1,63,84,75.0,14,45,31.1,0,0.0,0.0,2,13,5,1,13,Matches,90162357
250,Héctor Herrera,mx MEX,MF,Atlético Madrid,31,1990,9.5,555,650,85.4,10196,3059,258,278,92.8,210,239,87.9,70,104,67.3,0,0.4,-0.4,9,56,8,3,49,Matches,a8542814
251,Sergio Herrera,es ESP,GK,Osasuna,28,1993,36.0,657,1147,57.3,31527,25328,34,35,97.1,160,164,97.6,462,945,48.9,0,0.0,0.0,1,62,0,0,0,Matches,a4995f48
252,Yangel Herrera,ve VEN,MF,Espanyol,23,1998,18.3,717,858,83.6,12080,3415,346,398,86.9,295,348,84.8,58,78,74.4,1,0.8,+0.2,12,64,6,1,56,Matches,e778654a
253,Matthew Hoppe,us USA,FW,Mallorca,20,2001,1.5,26,36,72.2,348,26,18,20,90.0,6,10,60.0,1,1,100.0,1,0.2,+0.8,3,1,0,0,0,Matches,1bc432b7
254,Robert Ibáñez,es ESP,MF,Osasuna,28,1993,1.0,34,41,82.9,515,195,17,20,85.0,10,12,83.3,2,2,100.0,0,0.2,-0.2,2,2,3,0,7,Matches,c7429db3
255,Vicente Iborra,es ESP,MF,Villarreal,33,1988,11.5,548,631,86.8,10402,2138,217,236,91.9,255,289,88.2,72,87,82.8,1,0.6,+0.4,2,42,3,0,37,Matches,ad1ffcfd
256,Oussama Idrissi,ma MAR,FWMF,Sevilla,25,1996,1.4,40,50,80.0,753,85,16,20,80.0,20,25,80.0,4,5,80.0,0,0.1,-0.1,1,0,2,0,5,Matches,34caa4b3
257,Oussama Idrissi,ma MAR,MF,Cádiz,25,1996,10.0,291,388,75.0,5385,1373,139,165,84.2,106,131,80.9,44,74,59.5,1,2.0,-1.0,22,12,16,5,32,Matches,34caa4b3
258,Iglesias,es ESP,DF,Getafe,23,1998,8.0,178,342,52.0,4261,2287,57,73,78.1,63,110,57.3,55,140,39.3,1,1.0,0.0,8,14,8,4,22,Matches,974322dc
259,Borja Iglesias,es ESP,FW,Betis,28,1993,17.5,242,340,71.2,3672,542,137,180,76.1,70,92,76.1,19,34,55.9,0,3.1,-3.1,16,8,12,1,18,Matches,75645f0e
260,Asier Illarramendi,es ESP,MF,Real Sociedad,31,1990,4.2,251,282,89.0,4349,1018,116,122,95.1,100,109,91.7,26,35,74.3,0,0.2,-0.2,4,15,2,0,19,Matches,5ce0b5ba
261,Nikita Iosifov,ru RUS,MF,Villarreal,20,2001,0.0,1,3,33.3,10,0,1,1,100.0,0,2,0.0,0,0,,0,0.0,0.0,0,0,0,0,0,Matches,4c2fa917
262,Alexander Isak,se SWE,FW,Real Sociedad,21,1999,23.8,332,455,73.0,4761,948,201,247,81.4,96,129,74.4,19,33,57.6,2,3.0,-1.0,19,23,21,2,39,Matches,8e92be30
263,Isco,es ESP,MFFW,Real Madrid,29,1992,3.7,238,269,88.5,4287,1138,107,117,91.5,89,95,93.7,32,43,74.4,0,1.0,-1.0,9,25,6,0,24,Matches,a0b4bb3e
264,Nicolas Jackson,sn SEN,FW,Villarreal,20,2001,1.8,41,54,75.9,576,98,24,31,77.4,14,16,87.5,1,2,50.0,0,0.5,-0.5,3,2,1,0,3,Matches,9c36ed83
265,Jakub Jankto,cz CZE,DFMF,Getafe,25,1996,6.5,158,236,66.9,2889,1076,55,74,74.3,84,103,81.6,15,48,31.3,2,1.0,+1.0,4,13,5,1,22,Matches,1ea5f91c
266,Adnan Januzaj,be BEL,FWMF,Real Sociedad,26,1995,18.1,478,736,64.9,9685,3392,212,258,82.2,168,222,75.7,89,220,40.5,0,3.4,-3.4,33,54,30,12,74,Matches,4737cebe
267,Jason,es ESP,MFFW,Alavés,27,1994,7.5,119,221,53.8,2411,1031,46,61,75.4,44,67,65.7,23,76,30.3,1,1.7,-0.7,17,7,7,4,14,Matches,9038c2a1
268,Jason,es ESP,MFDF,Valencia,27,1994,0.8,24,31,77.4,535,244,8,9,88.9,10,11,90.9,6,10,60.0,0,0.1,-0.1,2,4,3,0,7,Matches,9038c2a1
269,Luis Javier Suárez,co COL,FW,Granada,23,1997,31.6,448,677,66.2,7412,1445,237,311,76.2,161,237,67.9,39,87,44.8,4,2.5,+1.5,26,26,24,9,45,Matches,eeba07f8
270,Álvaro Jiménez,es ESP,MFFW,Cádiz,26,1995,2.6,40,72,55.6,714,305,22,30,73.3,11,22,50.0,6,15,40.0,0,0.1,-0.1,2,4,4,2,8,Matches,5f5501ed
271,Joaquín,es ESP,FWMF,Betis,40,1981,5.2,210,269,78.1,3444,1046,116,130,89.2,65,81,80.2,23,45,51.1,1,1.5,-0.5,17,18,12,1,26,Matches,4c5b14d2
272,Jofre,es ESP,MFDF,Espanyol,20,2001,0.2,6,8,75.0,131,52,3,3,100.0,1,2,50.0,2,3,66.7,1,0.3,+0.7,2,0,2,2,0,Matches,030ef8d6
273,Frenkie de Jong,nl NED,MF,Barcelona,24,1997,27.5,1511,1680,89.9,27059,6209,705,759,92.9,584,640,91.3,193,227,85.0,3,3.1,-0.1,40,154,36,2,150,Matches,1bacc518
274,Luuk de Jong,nl NED,FW,Barcelona,30,1990,7.3,141,190,74.2,1830,181,92,117,78.6,34,50,68.0,5,6,83.3,0,0.2,-0.2,3,7,2,0,7,Matches,abb3bb95
275,Jens Jønsson,dk DEN,MF,Cádiz,28,1993,14.5,267,337,79.2,4590,1058,139,160,86.9,100,124,80.6,24,44,54.5,1,0.9,+0.1,7,15,5,2,16,Matches,53520a67
276,Joan Jordán,es ESP,MF,Sevilla,27,1994,27.9,1617,1842,87.8,31949,6578,655,714,91.7,666,741,89.9,262,324,80.9,1,1.5,-0.5,25,145,22,3,113,Matches,2a0c8ba4
277,Josan,es ESP,DFMF,Elche,31,1989,13.5,380,539,70.5,6616,2433,174,214,81.3,166,216,76.9,34,75,45.3,3,3.6,-0.6,21,12,22,12,35,Matches,5b28b2f6
278,Willian José,br BRA,FW,Betis,29,1991,17.8,413,531,77.8,6657,1174,220,258,85.3,126,160,78.8,39,66,59.1,4,2.8,+1.2,19,23,8,1,27,Matches,d87e2cae
279,Joselu,es ESP,FW,Alavés,31,1990,34.7,687,1122,61.2,10410,2417,411,568,72.4,214,374,57.2,43,102,42.2,4,4.0,0.0,30,67,18,4,80,Matches,6265208f
280,Josema,es ESP,DF,Elche,25,1996,2.0,36,61,59.0,742,330,12,16,75.0,18,26,69.2,6,18,33.3,0,0.1,-0.1,1,2,0,0,1,Matches,ed3f5f4c
281,Luka Jović,rs SRB,FW,Real Madrid,23,1997,4.1,54,69,78.3,852,139,32,39,82.1,15,20,75.0,4,4,100.0,3,0.8,+2.2,4,4,2,0,7,Matches,4d8cd038
282,Miguel Juan Llambrich,es ESP,DF,Espanyol,25,1996,0.8,36,49,73.5,519,134,20,25,80.0,16,21,76.2,0,2,0.0,0,0.0,0.0,0,1,0,0,1,Matches,d83f09ff
283,José Juan Macías,mx MEX,FWMF,Getafe,21,1999,2.2,30,45,66.7,427,60,18,25,72.0,11,14,78.6,1,4,25.0,0,0.0,0.0,0,3,0,0,2,Matches,1f1c8a15
284,Juanmi,es ESP,FW,Betis,28,1993,23.7,417,520,80.2,6592,1551,225,261,86.2,132,156,84.6,37,57,64.9,4,2.5,+1.5,19,19,9,4,34,Matches,84399660
285,Lago Junior,ci CIV,FWMF,Mallorca,30,1990,2.0,27,48,56.3,369,107,21,27,77.8,5,11,45.5,1,5,20.0,0,0.0,0.0,0,0,0,0,1,Matches,360d70f8
286,Vinicius Júnior,br BRA,FW,Real Madrid,21,2000,29.9,1090,1299,83.9,16332,3618,676,755,89.5,321,372,86.3,64,92,69.6,10,7.8,+2.2,69,35,67,8,111,Matches,7111d552
287,Jutglà,es ESP,FW,Barcelona,22,1999,3.3,98,121,81.0,1472,191,61,67,91.0,24,31,77.4,10,12,83.3,0,0.4,-0.4,3,4,5,2,5,Matches,2a9f6b4d
288,Lee Kangin,kr KOR,MFFW,Mallorca,20,2001,15.7,424,588,72.1,6777,1846,246,274,89.8,112,151,74.2,44,120,36.7,2,2.2,-0.2,23,27,13,2,40,Matches,8455ad90
289,Kike,es ESP,FW,Osasuna,31,1989,20.7,351,517,67.9,5539,1070,205,275,74.5,96,144,66.7,33,58,56.9,1,2.1,-1.1,20,30,17,4,34,Matches,e897d8ba
290,Koba Koindredi,fr FRA,MF,Valencia,19,2001,2.0,38,50,76.0,702,212,14,16,87.5,18,25,72.0,4,5,80.0,0,0.1,-0.1,1,3,3,0,4,Matches,3a58d075
291,Koke,es ESP,MF,Atlético Madrid,29,1992,27.9,1508,1761,85.6,26184,7784,708,754,93.9,613,690,88.8,150,249,60.2,2,1.9,+0.1,26,165,27,5,136,Matches,55126f3b
292,Luca Koleosho,ca CAN,FW,Espanyol,16,2004,0.0,1,1,100.0,11,4,1,1,100.0,0,0,,0,0,,0,0.0,0.0,0,0,0,0,0,Matches,fc076f78
293,Geoffrey Kondogbia,cf CTA,MFDF,Atlético Madrid,28,1993,20.9,880,1008,87.3,17035,4149,379,416,91.1,341,383,89.0,139,180,77.2,2,1.0,+1.0,9,70,11,0,71,Matches,cce181df
294,Jules Koundé,fr FRA,DF,Sevilla,22,1998,30.4,1903,2124,89.6,38856,13066,665,708,93.9,922,980,94.1,296,401,73.8,1,1.9,-0.9,15,123,12,4,111,Matches,4d1666ff
295,Toni Kroos,de GER,MF,Real Madrid,31,1990,23.4,2076,2258,91.9,43854,12542,820,841,97.5,790,824,95.9,435,548,79.4,3,3.5,-0.5,50,269,41,5,208,Matches,6ce1f46f
296,Takefusa Kubo,jp JPN,FWMF,Mallorca,20,2001,17.8,363,516,70.3,5885,2113,193,243,79.4,120,169,71.0,38,67,56.7,0,2.6,-2.6,31,29,26,7,63,Matches,16aa3654
297,Víctor Laguardia,es ESP,DF,Alavés,31,1989,33.8,917,1216,75.4,24227,9453,181,226,80.1,452,530,85.3,279,443,63.0,2,0.2,+1.8,2,76,5,0,75,Matches,b7c99b9b
298,Diego Lainez,mx MEX,FW,Betis,21,2000,1.6,45,55,81.8,610,114,30,32,93.8,13,18,72.2,2,2,100.0,0,0.2,-0.2,3,3,1,0,2,Matches,bf12926c
299,Érik Lamela,ar ARG,FW,Sevilla,29,1992,11.3,409,479,85.4,6354,1338,221,249,88.8,149,167,89.2,26,33,78.8,2,1.9,+0.1,20,18,14,0,42,Matches,abe66106
300,Latasa,es ESP,FW,Real Madrid,20,2001,0.1,4,5,80.0,37,0,2,3,66.7,1,1,100.0,0,0,,0,0.0,0.0,0,0,0,0,0,Matches,2bea832e
301,Toni Lato,es ESP,DFMF,Valencia,23,1997,6.6,234,310,75.5,4605,1720,96,112,85.7,106,129,82.2,27,56,48.2,1,0.5,+0.5,2,21,4,2,23,Matches,8e088e04
302,Robin Le Normand,fr FRA,DF,Real Sociedad,24,1996,37.0,1888,2109,89.5,40928,9960,496,552,89.9,1019,1092,93.3,356,439,81.1,1,0.2,+0.8,3,84,4,0,89,Matches,9a64e67e
303,Jeremías Ledesma,ar ARG,GK,Cádiz,28,1993,38.0,605,1156,52.3,26578,19853,46,48,95.8,177,180,98.3,379,923,41.1,0,0.0,0.0,2,35,2,0,1,Matches,6c4776b1
304,Wu Lei,cn CHN,FWMF,Espanyol,29,1991,5.3,72,101,71.3,1077,234,41,51,80.4,23,30,76.7,4,11,36.4,0,1.0,-1.0,5,2,1,0,6,Matches,e3fabb0a
305,Florian Lejeune,fr FRA,DF,Alavés,30,1991,30.0,928,1161,79.9,25702,9089,176,200,88.0,437,502,87.1,308,442,69.7,0,0.3,-0.3,4,66,5,0,66,Matches,6eaed4eb
306,Iñigo Lekue,es ESP,DF,Athletic Club,28,1993,21.4,887,1207,73.5,16766,7774,368,415,88.7,395,503,78.5,109,248,44.0,2,2.1,-0.1,15,78,17,11,75,Matches,59b7d823
307,Thomas Lemar,fr FRA,MF,Atlético Madrid,25,1995,16.0,637,810,78.6,11003,3308,323,367,88.0,212,259,81.9,84,144,58.3,5,3.1,+1.9,32,48,35,14,74,Matches,4dbd0916
308,Ruben Lendinez,es ESP,DF,Valencia,18,2003,1.5,41,51,80.4,890,311,12,14,85.7,21,23,91.3,8,14,57.1,0,0.0,0.0,0,7,0,0,6,Matches,755da865
309,Clément Lenglet,fr FRA,DF,Barcelona,26,1995,9.2,740,815,90.8,15935,5227,208,224,92.9,389,399,97.5,138,177,78.0,1,0.6,+0.4,2,69,3,0,68,Matches,4f28a6ff
310,Javier Llabrés,,FWMF,Mallorca,,,1.5,44,63,69.8,793,132,23,28,82.1,16,23,69.6,5,10,50.0,0,0.1,-0.1,2,2,1,0,1,Matches,38b0cf42
311,Marcos Llorente,es ESP,DFMF,Atlético Madrid,26,1995,27.2,1060,1321,80.2,16938,4974,584,661,88.4,352,445,79.1,89,140,63.6,2,2.8,-0.8,25,51,26,12,69,Matches,02c15616
312,Giovani Lo Celso,ar ARG,MFFW,Villarreal,25,1996,11.0,438,539,81.3,7772,1949,198,235,84.3,168,195,86.2,54,70,77.1,1,2.2,-1.2,17,43,22,1,56,Matches,d7553721
313,Julen Lobete,es ESP,FWMF,Real Sociedad,20,2000,3.2,45,59,76.3,534,83,29,36,80.6,9,14,64.3,2,2,100.0,0,0.0,0.0,1,1,1,0,2,Matches,a952a529
314,Renan Lodi,br BRA,DF,Atlético Madrid,23,1998,13.1,502,640,78.4,8267,2309,258,292,88.4,191,233,82.0,38,79,48.1,2,1.9,+0.1,11,19,9,5,25,Matches,ed9f7cfe
315,David López,es ESP,MFDF,Espanyol,31,1989,8.3,362,422,85.8,6494,2181,144,161,89.4,173,191,90.6,36,56,64.3,0,0.4,-0.4,4,24,1,0,18,Matches,f03f284b
316,Diego López,es ESP,GK,Espanyol,39,1981,35.3,837,1143,73.2,24438,13954,165,169,97.6,367,369,99.5,302,602,50.2,0,0.0,0.0,1,8,0,0,0,Matches,73683fa9
317,Javi López,es ESP,DF,Alavés,19,2002,5.1,156,205,76.1,3113,1343,57,61,93.4,73,90,81.1,25,49,51.0,0,0.3,-0.3,4,10,4,2,14,Matches,e9ada8cf
318,Unai López,es ESP,MF,Rayo Vallecano,25,1995,12.9,667,818,81.5,13951,3229,284,303,93.7,234,266,88.0,136,218,62.4,0,1.7,-1.7,22,72,9,1,54,Matches,88050721
319,Anthony Lozano,hn HON,FWMF,Cádiz,28,1993,18.6,186,303,61.4,2727,606,116,166,69.9,45,75,60.0,16,32,50.0,2,1.0,+1.0,10,11,6,3,19,Matches,38699c72
320,Florentino Luís,pt POR,MF,Getafe,21,1999,11.0,352,438,80.4,6323,1567,153,186,82.3,141,163,86.5,44,59,74.6,1,0.3,+0.7,9,33,3,0,30,Matches,881cd6be
321,José Luis Gayà,es ESP,DF,Valencia,26,1995,20.8,643,886,72.6,12915,5236,276,316,87.3,261,341,76.5,105,210,50.0,4,2.2,+1.8,23,36,29,17,62,Matches,b05e2dbd
322,José Luis Morales,es ESP,FWMF,Levante,34,1987,30.2,518,780,66.4,9246,3024,251,313,80.2,182,259,70.3,67,139,48.2,7,6.9,+0.1,40,47,32,12,69,Matches,4a478107
323,Luismi,es ESP,FW,Sevilla,20,2001,0.1,6,9,66.7,87,56,4,5,80.0,2,3,66.7,0,0,,0,0.0,0.0,0,0,1,0,1,Matches,acf5410c
324,Andriy Lunin,ua UKR,GK,Real Madrid,22,1999,2.0,72,82,87.8,1683,769,18,18,100.0,38,40,95.0,16,24,66.7,0,0.0,0.0,0,0,0,0,0,Matches,3061e1ec
325,Darwin Machís,ve VEN,MFFW,Granada,28,1993,15.3,292,437,66.8,5678,1812,132,155,85.2,96,142,67.6,56,106,52.8,2,2.6,-0.6,19,31,19,12,33,Matches,ed6ea4d9
326,Pablo Maffeo,es ESP,DF,Mallorca,24,1997,32.7,901,1317,68.4,15683,6809,442,513,86.2,353,488,72.3,89,262,34.0,4,2.4,+1.6,24,35,32,22,69,Matches,5db04597
327,Nemanja Maksimović,rs SRB,MF,Getafe,26,1995,32.6,689,880,78.3,10920,2246,359,421,85.3,247,305,81.0,53,102,52.0,2,0.7,+1.3,20,48,7,2,41,Matches,00b28772
328,Hugo Mallo,es ESP,DF,Celta Vigo,30,1991,20.3,953,1241,76.8,16393,6411,439,493,89.0,429,523,82.0,72,180,40.0,1,1.7,-0.7,18,52,28,11,91,Matches,cb574619
329,Mickael Malsa,mq MTQ,MF,Levante,25,1995,12.7,430,534,80.5,8238,2375,181,202,89.6,187,212,88.2,55,99,55.6,2,0.9,+1.1,8,42,4,0,60,Matches,bbc19252
330,Giorgi Mamardashvili,ge GEO,GK,Valencia,20,2000,18.0,288,495,58.2,11612,8318,38,40,95.0,87,88,98.9,161,365,44.1,0,0.0,0.0,0,4,0,0,0,Matches,d4b73232
331,Reinildo Mandava,mz MOZ,DF,Atlético Madrid,27,1994,14.4,543,668,81.3,9073,3862,251,273,91.9,245,290,84.5,35,83,42.2,0,0.1,-0.1,3,34,4,0,33,Matches,c20bdcd7
332,Aïssa Mandi,dz ALG,DF,Villarreal,29,1991,15.3,917,984,93.2,20198,6378,238,256,93.0,504,519,97.1,169,197,85.8,0,0.0,0.0,0,26,1,0,37,Matches,fbd6378b
333,Maranhão,br BRA,FWMF,Valencia,24,1996,10.8,121,193,62.7,1934,442,73,98,74.5,34,50,68.0,13,28,46.4,3,1.4,+1.6,11,10,6,0,14,Matches,ae86d473
334,Nikola Maraš,rs SRB,DF,Rayo Vallecano,25,1995,11.6,380,447,85.0,8219,2498,100,112,89.3,209,234,89.3,68,97,70.1,0,0.0,0.0,1,14,0,0,28,Matches,b9d0446f
335,Marcelo,br BRA,DF,Real Madrid,33,1988,5.8,385,468,82.3,6665,1664,202,222,91.0,147,166,88.6,34,68,50.0,2,0.6,+1.4,9,26,12,4,31,Matches,603116a7
336,Iván Marcone,ar ARG,MF,Elche,31,1990,9.0,369,435,84.8,7191,1951,144,167,86.2,156,170,91.8,58,75,77.3,0,0.0,0.0,0,19,3,1,24,Matches,b14f755d
337,Óscar de Marcos,es ESP,DF,Athletic Club,32,1989,18.7,879,1133,77.6,14897,6134,461,518,89.0,335,415,80.7,76,147,51.7,2,1.6,+0.4,17,60,17,10,72,Matches,9f323c71
338,José Mari,es ESP,MF,Cádiz,33,1987,4.3,156,192,81.3,3371,736,49,64,76.6,72,79,91.1,33,44,75.0,0,0.0,0.0,1,15,2,0,16,Matches,6f4c734d
339,José María Giménez,uy URU,DF,Atlético Madrid,26,1995,22.7,820,916,89.5,18105,5389,220,231,95.2,435,466,93.3,152,201,75.6,1,0.1,+0.9,2,39,1,0,36,Matches,f0da930c
340,Mariano,do DOM,FW,Real Madrid,27,1993,3.8,44,58,75.9,683,149,25,30,83.3,13,15,86.7,4,8,50.0,1,0.6,+0.4,5,2,4,0,5,Matches,5c4dc0ff
341,Mika Màrmol,es ESP,DF,Barcelona,20,2001,0.0,4,5,80.0,55,12,2,3,66.7,2,2,100.0,0,0,,0,0.0,0.0,0,0,0,0,1,Matches,e7630876
342,Roger Martí,es ESP,FW,Levante,30,1991,23.5,316,459,68.8,4741,1053,193,247,78.1,86,125,68.8,23,47,48.9,3,1.7,+1.3,20,21,14,0,41,Matches,0ae4e09a
343,Anthony Martial,fr FRA,FWMF,Sevilla,25,1995,5.4,128,157,81.5,1925,281,77,90,85.6,37,46,80.4,10,13,76.9,1,0.2,+0.8,2,5,4,1,11,Matches,8b788c01
344,Martín,es ESP,MF,Cádiz,22,1999,1.3,37,49,75.5,851,297,13,15,86.7,12,16,75.0,10,15,66.7,0,0.0,0.0,1,9,0,0,6,Matches,cbec0059
345,Ander Martin,es ESP,FWMF,Real Sociedad,20,2000,1.0,36,46,78.3,502,103,23,27,85.2,9,11,81.8,3,6,50.0,0,0.1,-0.1,2,1,2,1,2,Matches,e1e75690
346,Andrés Martín,es ESP,FWMF,Rayo Vallecano,22,1999,2.1,23,36,63.9,367,96,9,11,81.8,11,16,68.8,2,5,40.0,0,0.0,0.0,0,2,0,0,4,Matches,2ae30661
347,Carlos Martín,es ESP,DF,Atlético Madrid,19,2002,0.1,1,2,50.0,14,0,1,1,100.0,0,1,0.0,0,0,,0,0.0,0.0,0,0,0,0,0,Matches,64035864
348,Iván Martín,es ESP,MF,Alavés,22,1999,1.8,54,67,80.6,865,240,27,29,93.1,22,26,84.6,4,9,44.4,0,0.0,0.0,0,7,0,0,8,Matches,ae48c5cb
349,Iñigo Martínez,es ESP,DF,Athletic Club,30,1991,26.0,968,1203,80.5,22935,8309,266,300,88.7,466,525,88.8,231,360,64.2,0,0.5,-0.5,3,62,7,4,66,Matches,3fc45c73
350,Javi Martínez,es ESP,MF,Osasuna,21,1999,9.8,286,399,71.7,4863,1272,148,185,80.0,105,135,77.8,27,59,45.8,1,1.0,0.0,11,22,4,1,24,Matches,3672b352
351,Pablo Martínez,es ESP,MF,Levante,23,1998,7.3,181,260,69.6,3330,1090,82,96,85.4,71,92,77.2,22,53,41.5,1,1.3,-0.3,6,16,5,1,25,Matches,ecc77652
352,Omar Mascarell,es ESP,MF,Elche,28,1993,27.7,1044,1205,86.6,21038,4695,385,414,93.0,462,505,91.5,175,241,72.6,0,0.2,-0.2,6,68,3,0,64,Matches,11fd2b75
353,Jaime Mata,es ESP,FW,Getafe,32,1988,7.5,135,203,66.5,1889,376,77,107,72.0,41,58,70.7,7,14,50.0,0,0.4,-0.4,7,7,3,0,12,Matches,02319ad7
354,Luís Maximiano,pt POR,GK,Granada,22,1999,34.8,647,1173,55.2,24256,17362,76,76,100.0,237,239,99.2,331,855,38.7,0,0.0,0.0,0,31,1,0,0,Matches,3318286e
355,Borja Mayoral,es ESP,FW,Getafe,24,1997,11.6,194,252,77.0,2945,531,116,137,84.7,45,64,70.3,22,27,81.5,1,1.1,-0.1,12,11,6,3,14,Matches,64e8ed6d
356,Jordi Mboula,es ESP,FW,Mallorca,22,1999,4.8,52,90,57.8,708,168,35,47,74.5,16,34,47.1,0,3,0.0,0,0.1,-0.1,2,4,1,0,4,Matches,4887118d
357,Óscar Melendo,es ESP,MFFW,Espanyol,23,1997,11.0,396,446,88.8,6707,1643,194,205,94.6,151,171,88.3,39,51,76.5,0,1.1,-1.1,17,51,14,1,35,Matches,379652be
358,Gonzalo Melero,es ESP,MF,Levante,27,1994,18.8,669,786,85.1,11405,2262,324,369,87.8,263,295,89.2,64,84,76.2,2,0.9,+1.1,14,52,6,0,60,Matches,3902e91b
359,Tomás Mendes,es ESP,MF,Alavés,16,2004,0.1,4,5,80.0,108,0,1,2,50.0,1,1,100.0,2,2,100.0,0,0.0,0.0,0,0,0,0,0,Matches,45f771db
360,Brais Méndez,es ESP,MF,Celta Vigo,24,1997,33.6,1204,1519,79.3,19935,5257,638,738,86.4,390,473,82.5,123,194,63.4,5,3.8,+1.2,35,128,40,9,130,Matches,c9e39d91
361,Édgar Méndez,es ESP,FWMF,Alavés,31,1990,17.9,264,432,61.1,4839,1439,138,191,72.3,87,132,65.9,36,74,48.6,1,1.8,-0.8,19,11,20,15,29,Matches,aed746df
362,Ferland Mendy,fr FRA,DF,Real Madrid,26,1995,19.3,1247,1361,91.6,19015,5667,722,760,95.0,407,440,92.5,85,103,82.5,1,1.3,-0.3,20,76,17,5,73,Matches,3cefcaef
363,Fran Mérida,es ESP,MF,Espanyol,31,1990,3.0,120,177,67.8,2494,764,48,60,80.0,45,57,78.9,25,55,45.5,0,0.1,-0.1,4,25,2,0,15,Matches,0e50f929
364,Mikel Merino,es ESP,MF,Real Sociedad,25,1996,32.1,1367,1759,77.7,24200,7934,647,763,84.8,529,642,82.4,159,269,59.1,2,3.5,-1.5,27,157,39,4,179,Matches,d080ed5e
365,Martín Merquelanz,es ESP,FW,Rayo Vallecano,26,1995,1.9,49,69,71.0,892,292,21,27,77.8,22,24,91.7,5,12,41.7,0,0.7,-0.7,6,2,6,2,7,Matches,ddd5348b
366,Matt Miazga,us USA,DF,Alavés,26,1995,9.3,236,301,78.4,5819,1965,56,69,81.2,115,128,89.8,64,103,62.1,0,0.1,-0.1,1,6,0,0,12,Matches,9fc0f253
367,Miguel,es ESP,FWMF,Alavés,21,1999,9.2,113,162,69.8,1653,214,63,80,78.8,39,50,78.0,4,11,36.4,1,0.3,+0.7,5,4,3,2,4,Matches,6763373d
368,Éder Militão,br BRA,DF,Real Madrid,23,1998,33.7,1779,1995,89.2,38518,10907,557,589,94.6,863,921,93.7,337,442,76.2,2,1.2,+0.8,11,141,7,1,71,Matches,2784f898
369,Luis Milla,es ESP,MF,Granada,26,1994,30.8,1149,1447,79.4,23378,7769,464,519,89.4,447,504,88.7,208,366,56.8,3,4.1,-1.1,42,146,22,11,145,Matches,19c36442
370,Pere Milla,es ESP,FWMF,Elche,28,1992,18.3,391,534,73.2,6322,1618,200,253,79.1,137,178,77.0,36,71,50.7,3,1.9,+1.1,12,20,12,3,35,Matches,335039a2
371,Santi Mina,es ESP,FW,Celta Vigo,25,1995,26.3,455,673,67.6,6770,1161,264,373,70.8,116,173,67.1,43,67,64.2,3,2.0,+1.0,16,34,11,0,37,Matches,0b90bb97
372,Óscar Mingueza,es ESP,DF,Barcelona,22,1999,9.9,660,758,87.1,12383,3696,278,297,93.6,284,313,90.7,86,127,67.7,1,0.9,+0.1,9,34,13,7,36,Matches,056269d7
373,Rafa Mir,es ESP,FW,Sevilla,24,1997,20.1,242,352,68.8,3905,401,124,163,76.1,97,137,70.8,14,26,53.8,0,0.4,-0.4,9,12,7,1,17,Matches,bbf5c11b
374,Jorge Miramón,es ESP,DF,Levante,32,1989,22.0,793,1037,76.5,14488,6079,359,410,87.6,328,410,80.0,94,177,53.1,0,0.7,-0.7,14,59,23,8,84,Matches,7f4c7c9f
375,Juan Miranda,es ESP,DF,Betis,21,2000,8.7,394,515,76.5,7031,2824,173,192,90.1,177,217,81.6,37,90,41.1,2,1.5,+0.5,8,25,9,4,35,Matches,ead61f73
376,Stefan Mitrović,rs SRB,DF,Getafe,31,1990,29.6,712,907,78.5,16747,5221,174,200,87.0,366,422,86.7,163,267,61.0,0,0.0,0.0,2,18,1,0,25,Matches,e6777e6b
377,Luka Modrić,hr CRO,MF,Real Madrid,35,1985,22.6,1527,1734,88.1,28816,8248,698,741,94.2,555,613,90.5,234,297,78.8,8,4.2,+3.8,38,174,38,4,163,Matches,6025fab1
378,Johan Mojica,co COL,DF,Elche,28,1992,31.7,1419,1857,76.4,26244,11612,693,765,90.6,513,619,82.9,188,375,50.1,5,4.5,+0.5,31,77,46,26,119,Matches,608f2092
379,Jorge Molina,es ESP,FW,Granada,39,1982,21.8,344,532,64.7,5094,1358,203,284,71.5,110,169,65.1,21,40,52.5,5,3.1,+1.9,28,33,10,1,45,Matches,43f71e77
380,Jon Moncayola,es ESP,MF,Osasuna,23,1998,32.4,1089,1398,77.9,22644,5739,391,444,88.1,477,555,85.9,202,342,59.1,3,2.3,+0.7,34,105,25,8,101,Matches,9939e168
381,Monchu,es ESP,MF,Granada,21,1999,7.4,284,344,82.6,5455,1187,118,132,89.4,106,127,83.5,49,69,71.0,0,0.2,-0.2,2,29,5,2,29,Matches,8ac501f5
382,Gonzalo Montiel,ar ARG,DF,Sevilla,24,1997,11.8,547,704,77.7,9572,3241,243,278,87.4,249,298,83.6,46,97,47.4,2,1.3,+0.7,11,30,12,7,44,Matches,374d5158
383,Ángel Montoro,es ESP,MF,Granada,33,1988,14.8,499,663,75.3,11002,3458,159,190,83.7,222,259,85.7,107,190,56.3,1,1.6,-0.6,23,56,11,2,57,Matches,719384c1
384,Martín Montoya,es ESP,DF,Betis,30,1991,5.8,256,313,81.8,4291,1390,132,151,87.4,101,122,82.8,18,32,56.3,1,1.1,-0.1,3,20,5,2,16,Matches,5cec2487
385,Jon Morcillo,es ESP,MF,Athletic Club,22,1998,0.6,20,34,58.8,273,75,13,16,81.3,7,10,70.0,0,6,0.0,0,0.0,0.0,0,1,0,0,2,Matches,b7d7f3bf
386,Alberto Moreno,es ESP,MFDF,Villarreal,29,1992,13.6,500,623,80.3,8783,2312,229,267,85.8,209,246,85.0,53,88,60.2,2,2.0,0.0,19,25,22,7,38,Matches,11b9265b
387,Álex Moreno,es ESP,DF,Betis,28,1993,26.7,1040,1404,74.1,17304,6747,530,597,88.8,414,551,75.1,77,187,41.2,3,2.4,+0.6,22,58,31,13,89,Matches,16e9d0ea
388,Gerard Moreno,es ESP,FW,Villarreal,29,1992,13.2,323,472,68.4,6092,1697,149,195,76.4,115,161,71.4,52,78,66.7,3,4.7,-1.7,29,38,25,4,59,Matches,81f0781e
389,Tete Morente,es ESP,MFFW,Elche,24,1996,18.1,418,596,70.1,6829,2027,241,290,83.1,128,185,69.2,42,80,52.5,3,2.1,+0.9,17,28,19,11,46,Matches,004d185e
390,Ilaix Moriba,gn GUI,MF,Valencia,18,2003,9.1,224,290,77.2,3968,1089,118,138,85.5,80,101,79.2,23,40,57.5,0,0.2,-0.2,2,24,7,1,26,Matches,f4c69aa6
391,Manu Morlanes,es ESP,MF,Espanyol,22,1999,12.7,562,644,87.3,9786,3066,263,281,93.6,234,253,92.5,55,89,61.8,0,0.3,-0.3,5,59,6,2,58,Matches,a0255c67
392,Loren Morón,es ESP,FWMF,Espanyol,27,1993,6.3,57,95,60.0,901,158,31,43,72.1,16,26,61.5,7,12,58.3,0,0.4,-0.4,3,5,1,1,2,Matches,3aa4a3be
393,Loren Morón,es ESP,FW,Betis,27,1993,0.0,0,0,,0,0,0,0,,0,0,,0,0,,0,0.0,0.0,0,0,0,0,0,Matches,3aa4a3be
394,Cristhian Mosquera,co COL,DF,Valencia,17,2004,2.4,67,76,88.2,1444,366,19,20,95.0,37,41,90.2,10,14,71.4,0,0.0,0.0,0,8,0,0,6,Matches,dc1ce4f5
395,Toni Moya,es ESP,MF,Alavés,23,1998,15.4,419,608,68.9,8822,2553,168,202,83.2,156,188,83.0,87,196,44.4,1,1.7,-0.7,23,36,8,2,41,Matches,9e098912
396,Iker Muniain,es ESP,MF,Athletic Club,28,1992,30.9,1246,1590,78.4,21703,8092,619,689,89.8,435,524,83.0,160,304,52.6,10,9.5,+0.5,108,112,72,12,191,Matches,c05dfb74
397,Aihen Muñoz,es ESP,DF,Real Sociedad,23,1997,14.9,581,758,76.6,10251,4414,256,290,88.3,272,321,84.7,45,112,40.2,0,0.5,-0.5,6,46,10,4,40,Matches,228b0d9d
398,Jeison Murillo,co COL,DF,Celta Vigo,29,1992,12.4,630,704,89.5,14505,3629,158,168,94.0,311,332,93.7,154,194,79.4,0,0.0,0.0,1,44,1,0,27,Matches,b233e8e4
399,Vedat Muriqi,xk KVX,FW,Mallorca,27,1994,16.0,264,466,56.7,3687,782,158,237,66.7,77,155,49.7,12,33,36.4,3,1.6,+1.4,13,18,13,2,33,Matches,0cadc46d
400,Yunus Musah,us USA,MFFW,Valencia,18,2002,14.0,289,394,73.4,5211,1283,126,158,79.7,111,150,74.0,37,52,71.2,0,1.1,-1.1,10,25,8,5,30,Matches,b51b1b9c
401,Shkodran Mustafi,de GER,DF,Levante,29,1992,7.3,281,358,78.5,7260,2201,41,50,82.0,154,180,85.6,85,123,69.1,0,0.0,0.0,0,19,0,0,19,Matches,3f2d59fe
402,Nacho,es ESP,DF,Real Madrid,31,1990,17.3,951,1024,92.9,17995,5415,363,381,95.3,447,476,93.9,121,139,87.1,0,0.5,-0.5,8,47,4,2,40,Matches,2946f9a1
403,Roberto Navarro,es ESP,MFFW,Real Sociedad,19,2002,2.2,76,93,81.7,1202,277,38,44,86.4,29,34,85.3,5,6,83.3,0,0.1,-0.1,1,7,3,0,8,Matches,c997b942
404,Ximo Navarro,es ESP,DF,Alavés,31,1990,15.0,422,596,70.8,8301,3274,148,177,83.6,209,261,80.1,55,136,40.4,0,0.2,-0.2,2,25,3,1,26,Matches,8db394aa
405,Jesús Navas,es ESP,DF,Sevilla,35,1985,19.8,1102,1418,77.7,21171,7185,481,541,88.9,436,528,82.6,166,293,56.7,3,4.3,-1.3,36,57,54,21,107,Matches,3f10bd22
406,Loum Ndiaye,sn SEN,MF,Alavés,24,1996,25.7,613,825,74.3,12480,3045,215,270,79.6,301,370,81.4,92,159,57.9,0,0.1,-0.1,4,64,4,1,58,Matches,bcfc4473
407,Álvaro Negredo,es ESP,FW,Cádiz,35,1985,24.0,323,541,59.7,6083,1191,161,246,65.4,95,161,59.0,56,88,63.6,2,2.1,-0.1,18,36,11,4,38,Matches,63b0ca6b
408,Neto,br BRA,GK,Barcelona,32,1989,3.0,106,130,81.5,3139,1832,22,22,100.0,36,38,94.7,48,70,68.6,0,0.0,0.0,1,0,0,0,0,Matches,a9dc785c
409,Carlos Neva,es ESP,DF,Granada,25,1996,23.4,691,959,72.1,12619,5124,299,353,84.7,302,379,79.7,78,172,45.3,0,1.3,-1.3,12,35,18,13,44,Matches,8d47bb39
410,Saúl Ñíguez,es ESP,DFMF,Atlético Madrid,26,1994,2.2,96,119,80.7,1728,439,44,47,93.6,36,48,75.0,15,20,75.0,1,0.1,+0.9,1,4,0,0,5,Matches,c14bc029
411,Fernando Niño,es ESP,FW,Mallorca,20,2000,9.8,146,209,69.9,2005,293,93,123,75.6,34,55,61.8,10,14,71.4,0,0.3,-0.3,9,9,2,0,6,Matches,81d5c497
412,Peru Nolaskoain,es ESP,DF,Athletic Club,22,1998,0.0,2,2,100.0,24,5,1,1,100.0,1,1,100.0,0,0,,0,0.0,0.0,0,0,0,0,0,Matches,857cb4f3
413,Nolito,es ESP,MF,Celta Vigo,34,1986,15.4,441,569,77.5,8067,2403,200,229,87.3,173,222,77.9,57,89,64.0,0,1.8,-1.8,13,41,25,3,62,Matches,b2d0ec1b
414,Randy Ntekja,fr FRA,FWMF,Rayo Vallecano,23,1997,16.2,281,412,68.2,4146,885,169,211,80.1,83,128,64.8,18,38,47.4,0,1.9,-1.9,16,20,8,0,25,Matches,a6103274
415,Unai Núñez,es ESP,DF,Athletic Club,24,1997,6.9,301,349,86.2,6759,2515,75,88,85.2,163,171,95.3,61,84,72.6,0,0.1,-0.1,1,23,1,1,25,Matches,be170419
416,Allan Nyom,cm CMR,DF,Getafe,33,1988,2.7,63,90,70.0,1182,408,24,28,85.7,33,43,76.7,6,19,31.6,0,0.1,-0.1,2,5,3,2,2,Matches,97572117
417,Jan Oblak,si SVN,GK,Atlético Madrid,28,1993,38.0,638,1095,58.3,21547,13992,91,92,98.9,247,251,98.4,296,748,39.6,0,0.0,0.0,0,13,1,0,0,Matches,ee8508c0
418,Lucas Ocampos,ar ARG,FW,Sevilla,27,1994,23.6,660,861,76.7,11343,2631,340,386,88.1,248,304,81.6,59,127,46.5,4,1.8,+2.2,14,24,15,5,58,Matches,a08b974a
419,Lucas Olaza,uy URU,DF,Elche,27,1994,3.3,162,210,77.1,2718,1106,74,88,84.1,75,87,86.2,13,28,46.4,0,0.3,-0.3,6,11,6,3,16,Matches,4cee5954
420,Oier Olazábal,es ESP,GK,Espanyol,31,1989,1.5,24,43,55.8,849,631,4,4,100.0,8,8,100.0,12,31,38.7,0,0.0,0.0,0,0,0,0,0,Matches,b5bdf144
421,Brian Oliván,es ESP,DF,Mallorca,27,1994,24.3,662,1005,65.9,12867,5902,267,302,88.4,299,392,76.3,87,272,32.0,0,2.2,-2.2,19,42,12,7,63,Matches,a3e4bf46
422,Mathías Olivera,uy URU,DF,Getafe,23,1997,31.1,1049,1445,72.6,17096,7285,571,678,84.2,371,524,70.8,81,169,47.9,3,2.8,+0.2,31,64,21,8,110,Matches,41c12f75
423,Javier Ontiveros,es ESP,MFFW,Osasuna,23,1997,0.4,25,32,78.1,439,120,14,18,77.8,8,10,80.0,3,4,75.0,0,0.0,0.0,0,5,1,1,1,Matches,a83d8b0c
424,Pedro Ortiz,es ESP,MF,Sevilla,20,2000,0.1,14,14,100.0,324,68,5,5,100.0,7,7,100.0,2,2,100.0,0,0.4,-0.4,1,2,1,0,3,Matches,f9358b61
425,Milutin Osmajić,me MNE,FWMF,Cádiz,22,1999,2.9,27,50,54.0,341,58,19,30,63.3,6,12,50.0,0,2,0.0,0,0.0,0.0,0,1,0,0,1,Matches,375ed9d7
426,Jesús Owono,gq EQG,GK,Alavés,20,2001,1.0,11,23,47.8,557,454,0,0,,2,2,100.0,9,21,42.9,0,0.0,0.0,0,1,0,0,0,Matches,d6e3d7fb
427,Mikel Oyarzabal,es ESP,FWMF,Real Sociedad,24,1997,18.6,441,652,67.6,7679,2079,215,260,82.7,164,214,76.6,49,126,38.9,3,3.4,-0.4,39,14,23,6,38,Matches,8c3c640c
428,Fernando Pacheco,es ESP,GK,Alavés,29,1992,33.9,644,1026,62.8,28260,21555,64,65,98.5,147,147,100.0,429,809,53.0,0,0.3,-0.3,3,32,2,0,0,Matches,97852360
429,Jon Pacheco,es ESP,DF,Real Sociedad,20,2001,4.2,190,221,86.0,3889,1064,67,71,94.4,89,96,92.7,32,49,65.3,0,0.0,0.0,0,6,1,0,8,Matches,44150beb
430,Gavi Paez,es ESP,MFFW,Barcelona,16,2004,25.7,1115,1270,87.8,17381,3422,643,683,94.1,358,407,88.0,89,123,72.4,5,3.1,+1.9,18,116,28,4,75,Matches,19cae58d
431,Helibelton Palacios,co COL,DF,Elche,28,1993,21.5,721,939,76.8,12642,5568,324,366,88.5,323,394,82.0,62,127,48.8,0,0.2,-0.2,7,48,7,4,59,Matches,ac8b2421
432,Isaac Palazón Camacho,es ESP,FWMF,Rayo Vallecano,26,1994,25.4,644,894,72.0,12250,3381,305,368,82.9,233,295,79.0,95,185,51.4,4,2.5,+1.5,32,75,18,4,80,Matches,49dbab27
433,Daniel Parejo,es ESP,MF,Villarreal,32,1989,30.0,1808,2151,84.1,37979,11995,633,690,91.7,814,895,90.9,331,498,66.5,10,6.6,+3.4,69,222,43,9,216,Matches,7460ca0d
434,Raúl Parra,es ESP,DF,Cádiz,21,1999,1.0,22,31,71.0,418,243,7,8,87.5,12,14,85.7,3,7,42.9,0,0.0,0.0,0,1,0,0,2,Matches,647d39d2
435,Javier Pastore,ar ARG,MFFW,Elche,32,1989,5.8,224,285,78.6,3994,1199,106,126,84.1,85,99,85.9,27,45,60.0,0,0.9,-0.9,11,22,13,2,28,Matches,881ef58c
436,Gabriel Paulista,br BRA,DF,Valencia,30,1990,17.7,484,601,80.5,12081,3930,112,128,87.5,226,261,86.6,138,200,69.0,1,0.1,+0.9,3,28,2,0,30,Matches,b7ca5c51
437,Alfonso Pedraza,es ESP,DF,Villarreal,25,1996,18.9,733,1005,72.9,12097,4258,382,431,88.6,276,363,76.0,56,144,38.9,4,3.2,+0.8,22,45,24,9,62,Matches,63f04c6c
438,Pedri,es ESP,MF,Barcelona,18,2002,9.8,521,613,85.0,10053,2259,212,240,88.3,212,238,89.1,81,101,80.2,1,1.1,-0.1,16,54,18,0,55,Matches,0d9b2d31
439,Pedrosa,es ESP,DF,Espanyol,23,1998,30.2,967,1280,75.5,16785,6322,445,502,88.6,418,522,80.1,81,185,43.8,1,1.8,-0.8,22,51,17,10,58,Matches,112521d1
440,Facundo Pellistri,uy URU,MFFW,Alavés,19,2001,7.5,112,152,73.7,1603,365,70,88,79.5,36,45,80.0,5,10,50.0,0,0.4,-0.4,6,9,4,1,8,Matches,ac7e7b1c
441,Rubén Peña,es ESP,MFFW,Villarreal,30,1991,1.5,38,52,73.1,580,271,23,25,92.0,12,19,63.2,3,6,50.0,0,1.1,-1.1,2,1,3,2,4,Matches,1f079188
442,Alberto Perea,es ESP,MF,Cádiz,30,1990,8.6,266,359,74.1,4656,1745,136,152,89.5,103,134,76.9,26,60,43.3,1,0.6,+0.4,11,29,12,6,49,Matches,5496cc91
443,Victor Perea,es ESP,DF,Espanyol,21,2000,0.0,2,3,66.7,36,34,0,0,,2,2,100.0,0,1,0.0,0,0.0,0.0,0,0,0,0,0,Matches,b7de5bad
444,Iñigo Pérez,es ESP,MF,Osasuna,33,1988,3.8,98,151,64.9,1987,696,41,56,73.2,38,49,77.6,18,42,42.9,0,0.9,-0.9,8,15,6,3,18,Matches,bc61cc65
445,Juan Pérez,es ESP,GK,Osasuna,25,1996,2.0,17,42,40.5,639,429,2,2,100.0,6,6,100.0,9,34,26.5,0,0.0,0.0,0,0,0,0,0,Matches,8f29e08b
446,Kike Pérez,es ESP,FWMF,Elche,24,1997,5.8,184,249,73.9,3285,899,85,104,81.7,72,97,74.2,22,34,64.7,0,1.0,-1.0,7,22,3,0,16,Matches,237a3851
447,Lucas Pérez,es ESP,FWMF,Cádiz,32,1988,11.8,276,378,73.0,5069,1374,135,155,87.1,89,117,76.1,46,93,49.5,2,2.4,-0.4,25,17,17,6,23,Matches,a300ac7e
448,Lucas Pérez,es ESP,FW,Elche,32,1988,14.1,276,387,71.3,4608,1085,159,191,83.2,72,103,69.9,36,76,47.4,1,1.3,-0.3,11,18,9,1,23,Matches,a300ac7e
449,Njegoš Petrović,rs SRB,MF,Granada,22,1999,10.2,273,346,78.9,4552,1279,135,163,82.8,94,119,79.0,32,44,72.7,1,0.2,+0.8,3,22,4,0,25,Matches,0cb29e91
450,Alex Petxa,es ESP,DFMF,Athletic Club,24,1997,4.6,203,271,74.9,3741,1396,86,99,86.9,86,105,81.9,26,58,44.8,0,0.2,-0.2,1,20,4,1,19,Matches,97d08e60
451,Germán Pezzella,ar ARG,DF,Betis,30,1991,22.1,911,1039,87.7,19550,5395,251,277,90.6,495,532,93.0,160,221,72.4,0,0.0,0.0,0,20,4,0,23,Matches,8c725b43
452,Pablo Piatti,ar ARG,MFFW,Elche,32,1989,3.5,77,99,77.8,1182,207,51,60,85.0,16,23,69.6,7,9,77.8,0,0.5,-0.5,5,4,2,0,5,Matches,48e89655
453,Cristiano Piccini,it ITA,DF,Valencia,28,1992,3.6,96,140,68.6,2084,1166,36,44,81.8,32,43,74.4,27,49,55.1,0,0.2,-0.2,2,9,4,3,12,Matches,32c0491f
454,Tomás Pina Isla,es ESP,MF,Alavés,33,1987,16.0,469,587,79.9,7903,2132,231,271,85.2,198,237,83.5,31,54,57.4,0,0.3,-0.3,2,42,2,1,39,Matches,e54bd0a2
455,Orbelín Pineda,mx MEX,MFFW,Celta Vigo,25,1996,1.1,58,68,85.3,990,317,28,32,87.5,21,23,91.3,8,10,80.0,0,0.1,-0.1,1,7,2,0,8,Matches,411fabd7
456,Yeremi Pino,es ESP,MFFW,Villarreal,18,2002,18.6,432,542,79.7,6406,1487,249,299,83.3,146,172,84.9,19,29,65.5,4,3.2,+0.8,22,9,30,8,47,Matches,540ec57b
457,Gerard Piqué,es ESP,DF,Barcelona,34,1987,23.2,1508,1664,90.6,34180,9208,342,377,90.7,862,897,96.1,290,369,78.6,0,0.1,-0.1,2,129,3,0,109,Matches,adfc9123
458,Ezequiel Ponce,ar ARG,FW,Elche,24,1997,7.4,122,166,73.5,1714,238,82,98,83.7,28,41,68.3,8,11,72.7,0,0.3,-0.3,6,5,4,1,8,Matches,ccbbe661
459,Pere Pons,es ESP,MF,Alavés,28,1993,15.2,281,394,71.3,4684,1041,152,191,79.6,97,137,70.8,25,45,55.6,0,0.6,-0.6,12,22,7,1,21,Matches,29b61deb
460,Portu,es ESP,FWMF,Real Sociedad,29,1992,17.7,359,486,73.9,5031,1534,222,269,82.5,114,154,74.0,11,31,35.5,2,2.0,0.0,20,17,21,7,41,Matches,1bda5842
461,Sergio Postigo,es ESP,DF,Levante,32,1988,9.4,295,356,82.9,6258,2203,88,94,93.6,166,178,93.3,41,81,50.6,0,0.2,-0.2,2,11,0,0,15,Matches,474ecac8
462,Darío Poveda,es ESP,FWMF,Getafe,24,1997,4.2,51,82,62.2,825,165,32,44,72.7,11,21,52.4,5,12,41.7,0,0.1,-0.1,3,3,1,1,4,Matches,cbdf7d5c
463,José Pozo,es ESP,MF,Rayo Vallecano,25,1996,0.8,45,52,86.5,884,268,21,22,95.5,17,22,77.3,6,6,100.0,0,0.3,-0.3,3,5,5,0,8,Matches,fc8b614b
464,Abdón Prats,es ESP,FW,Mallorca,28,1992,7.1,103,156,66.0,1470,317,62,84,73.8,26,38,68.4,7,13,53.8,0,0.4,-0.4,7,11,3,0,13,Matches,d1b060e2
465,Alejandro Primo,es ESP,GK,Levante,17,2004,1.0,21,26,80.8,501,283,8,8,100.0,6,6,100.0,6,11,54.5,0,0.0,0.0,0,1,0,0,0,Matches,f38284bb
466,Javi Puado,es ESP,FWMF,Espanyol,23,1998,24.9,548,654,83.8,7759,1394,339,371,91.4,165,196,84.2,23,36,63.9,1,1.2,-0.2,21,25,19,2,41,Matches,2683eda7
467,Pubill,es ESP,DF,Levante,18,2003,5.7,216,274,78.8,3800,1036,103,116,88.8,85,103,82.5,25,43,58.1,1,0.2,+0.8,6,9,6,3,15,Matches,365113c0
468,Antonio Puertas,es ESP,MFFW,Granada,29,1992,25.1,488,690,70.7,7819,2116,265,330,80.3,164,222,73.9,46,81,56.8,1,0.9,+0.1,19,31,21,8,48,Matches,c77a8043
469,Riqui Puig,es ESP,MF,Barcelona,21,1999,5.4,420,454,92.5,7088,968,213,220,96.8,149,162,92.0,45,52,86.5,0,0.3,-0.3,5,32,6,0,23,Matches,f090a37a
470,Yacine Qasmi,ma MAR,MF,Rayo Vallecano,30,1991,0.0,1,3,33.3,17,0,0,2,0.0,1,1,100.0,0,0,,0,0.0,0.0,0,0,0,0,0,Matches,3b3cbebb
471,Quini,es ESP,DF,Granada,31,1989,25.6,678,960,70.6,12161,5101,313,371,84.4,277,364,76.1,74,175,42.3,1,1.3,-0.3,18,36,13,8,47,Matches,7a538238
472,Dani Raba,es ESP,MFFW,Villarreal,25,1995,1.0,30,44,68.2,663,185,9,13,69.2,11,15,73.3,9,15,60.0,0,0.3,-0.3,4,2,1,0,3,Matches,ea6a7ab4
473,Dani Raba,es ESP,MFFW,Granada,25,1995,0.3,4,5,80.0,60,18,2,2,100.0,2,2,100.0,0,0,,0,0.0,0.0,0,0,0,0,0,Matches,ea6a7ab4
474,Uroš Račić,rs SRB,MF,Valencia,23,1998,13.4,380,506,75.1,8403,1989,133,167,79.6,151,183,82.5,86,134,64.2,0,0.7,-0.7,7,49,6,1,45,Matches,faed84db
475,Nemanja Radoja,rs SRB,MF,Levante,28,1993,13.5,403,480,84.0,7137,1689,187,204,91.7,173,192,90.1,39,60,65.0,0,0.6,-0.6,6,33,4,2,23,Matches,b5dd3469
476,Rafinha,br BRA,MFFW,Real Sociedad,28,1993,11.7,591,681,86.8,9914,2279,301,329,91.5,220,244,90.2,56,81,69.1,0,0.7,-0.7,11,59,13,2,46,Matches,0c2ac3cb
477,Antonio Raillo,es ESP,DF,Mallorca,29,1991,17.0,532,615,86.5,11170,3785,161,173,93.1,276,298,92.6,87,130,66.9,0,0.0,0.0,0,34,0,0,31,Matches,b857bd29
478,Ivan Rakitić,hr CRO,MF,Sevilla,33,1988,24.2,1396,1652,84.5,28945,7045,530,575,92.2,602,668,90.1,242,347,69.7,6,2.8,+3.2,40,140,16,3,107,Matches,89f951b5
479,Jonás Ramalho,es ESP,DF,Osasuna,28,1993,2.7,97,130,74.6,1743,748,41,47,87.2,47,60,78.3,9,17,52.9,0,0.0,0.0,0,12,1,0,12,Matches,be3a0121
480,Sandro Ramírez,es ESP,FW,Getafe,26,1995,16.2,287,394,72.8,4377,710,161,194,83.0,86,120,71.7,24,43,55.8,0,0.8,-0.8,15,17,5,1,10,Matches,833fb62e
481,Raúl,es ESP,FW,Betis,20,2000,0.0,0,1,0.0,0,0,0,0,,0,1,0.0,0,0,,0,0.0,0.0,0,0,0,0,0,Matches,18f0a9f0
482,Lluís Recasens,es ESP,DF,Espanyol,19,2002,0.5,8,12,66.7,174,53,1,2,50.0,5,6,83.3,2,3,66.7,0,0.0,0.0,0,1,0,0,1,Matches,c31ea173
483,Manolo Reina,es ESP,GK,Mallorca,36,1985,21.0,400,640,62.5,14073,9978,73,74,98.6,140,140,100.0,179,418,42.8,0,0.3,-0.3,1,10,1,0,0,Matches,605eb473
484,Karim Rekik,nl NED,DF,Sevilla,26,1994,12.2,693,757,91.5,13097,3704,255,275,92.7,352,370,95.1,77,99,77.8,2,0.3,+1.7,5,29,4,1,26,Matches,3376a776
485,Álex Remiro,es ESP,GK,Real Sociedad,26,1995,35.0,943,1251,75.4,28723,17671,182,183,99.5,410,415,98.8,351,652,53.8,0,0.0,0.0,0,12,0,0,0,Matches,374ee424
486,Nico Ribaudo,es ESP,MFFW,Espanyol,20,2001,12.4,367,434,84.6,6267,1349,203,228,89.0,119,139,85.6,39,52,75.0,0,1.3,-1.3,13,28,14,1,38,Matches,ce8039aa
487,Diego Rico,es ESP,DF,Real Sociedad,28,1993,18.3,859,1131,76.0,15422,7207,345,399,86.5,420,515,81.6,79,163,48.5,0,0.9,-0.9,14,53,33,13,94,Matches,d9ba39fc
488,Sergio Rico,es ESP,GK,Mallorca,27,1993,14.0,246,359,68.5,9394,6960,32,32,100.0,81,83,97.6,130,241,53.9,0,0.0,0.0,1,3,0,0,0,Matches,5f0241b2
489,Luis Rioja,es ESP,FWMF,Alavés,27,1993,34.6,560,932,60.1,9414,2755,311,420,74.0,176,276,63.8,60,165,36.4,3,4.8,-1.8,33,30,31,11,59,Matches,eb3dd471
490,Rober,es ESP,DF,Levante,26,1995,22.3,846,1042,81.2,17543,7409,288,311,92.6,402,448,89.7,150,264,56.8,0,0.4,-0.4,5,56,3,1,69,Matches,c00097d2
491,Sergi Roberto,es ESP,MFDF,Barcelona,29,1992,4.4,241,268,89.9,3887,908,124,132,93.9,93,100,93.0,20,29,69.0,1,0.3,+0.7,5,16,2,0,15,Matches,335fa267
492,Rubén Rochina,es ESP,MFFW,Granada,30,1991,8.3,259,379,68.3,5358,1506,121,140,86.4,82,115,71.3,49,103,47.6,3,0.7,+2.3,12,31,8,3,33,Matches,ecd8c01e
493,Enzo Roco,cl CHI,DF,Elche,28,1992,28.4,950,1135,83.7,22032,7156,239,265,90.2,485,529,91.7,220,323,68.1,0,0.1,-0.1,2,41,2,0,42,Matches,37f827ec
494,Rodrigo,es ESP,FW,Betis,21,2000,9.8,340,414,82.1,6007,1892,165,183,90.2,134,161,83.2,37,56,66.1,2,1.6,+0.4,17,37,21,2,54,Matches,85bed4ee
495,Kévin Rodrigues,pt POR,DFFW,Rayo Vallecano,27,1994,4.8,162,225,72.0,2723,1224,72,88,81.8,72,89,80.9,13,34,38.2,0,0.1,-0.1,4,14,3,2,13,Matches,f1bed920
496,Ángel Rodríguez,es ESP,FW,Mallorca,34,1987,17.2,198,273,72.5,2934,572,114,145,78.6,56,73,76.7,16,30,53.3,2,1.3,+0.7,12,16,12,2,25,Matches,8cfc2f69
497,Óscar Rodríguez Arnaiz,es ESP,MFFW,Getafe,23,1998,10.5,321,424,75.7,6018,1759,153,185,82.7,112,133,84.2,51,92,55.4,1,1.5,-0.5,13,28,7,1,22,Matches,19709006
498,Óscar Rodríguez Arnaiz,es ESP,FWMF,Sevilla,23,1998,4.6,166,210,79.0,3187,714,83,90,92.2,57,74,77.0,24,38,63.2,0,1.2,-1.2,7,13,5,2,15,Matches,19709006
499,Dani Rodríguez,es ESP,MFFW,Mallorca,33,1988,31.5,741,975,76.0,12195,3645,392,460,85.2,236,291,81.1,77,142,54.2,3,3.0,0.0,42,60,23,1,71,Matches,70f8e0bd
500,Guido Rodríguez,ar ARG,MF,Betis,27,1994,28.1,1243,1435,86.6,23643,6910,524,584,89.7,511,558,91.6,173,230,75.2,2,0.4,+1.6,13,112,8,2,89,Matches,34e393f2
501,Rodrygo,br BRA,FW,Real Madrid,20,2001,16.9,558,673,82.9,7105,1627,384,411,93.4,128,160,80.0,18,51,35.3,4,1.6,+2.4,26,26,20,1,40,Matches,8f5e92a6
502,Leonardo Román,es ESP,GK,Mallorca,21,2000,2.0,49,69,71.0,1460,824,10,10,100.0,19,19,100.0,20,40,50.0,0,0.0,0.0,0,1,0,0,0,Matches,924ff27e
503,Iván Romero,es ESP,FW,Sevilla,20,2001,2.0,30,37,81.1,430,31,14,17,82.4,12,13,92.3,1,1,100.0,0,0.0,0.0,0,1,1,0,1,Matches,2fbe6af0
504,Unai Ropero,es ESP,MF,Alavés,19,2001,0.1,2,2,100.0,19,0,2,2,100.0,0,0,,0,0,,0,0.0,0.0,0,0,0,0,0,Matches,7868c973
505,Rubén,es ESP,DF,Espanyol,20,2001,1.7,46,70,65.7,797,215,26,30,86.7,16,26,61.5,4,12,33.3,1,0.5,+0.5,1,1,1,0,1,Matches,35d4f151
506,Aitor Ruibal,es ESP,FWDF,Betis,25,1996,9.5,262,340,77.1,4084,1396,146,168,86.9,94,117,80.3,16,32,50.0,0,0.7,-0.7,10,21,12,2,38,Matches,a55d8df5
507,Isma Ruiz,es ESP,MF,Granada,20,2001,3.1,104,122,85.2,2033,273,35,40,87.5,51,57,89.5,15,20,75.0,0,0.1,-0.1,2,7,0,0,2,Matches,6e36226f
508,Víctor Ruiz,es ESP,DF,Betis,32,1989,15.8,783,898,87.2,17117,6232,224,245,91.4,392,426,92.0,156,207,75.4,0,0.1,-0.1,5,40,3,0,41,Matches,b3dc6eca
509,Gerónimo Rulli,ar ARG,GK,Villarreal,29,1992,32.0,1045,1281,81.6,29707,15681,141,144,97.9,552,558,98.9,350,577,60.7,0,0.0,0.0,0,17,1,0,1,Matches,625c144a
510,Franco Russo,ar ARG,DF,Mallorca,26,1994,16.3,497,653,76.1,11561,4490,131,160,81.9,236,286,82.5,122,190,64.2,0,0.0,0.0,0,25,1,0,38,Matches,b75ac54b
511,Mathew Ryan,au AUS,GK,Real Sociedad,29,1992,3.0,68,107,63.6,2178,1317,11,11,100.0,29,29,100.0,28,67,41.8,0,0.0,0.0,0,1,0,0,0,Matches,4535e4bb
512,Youssouf Sabaly,sn SEN,DF,Betis,28,1993,8.8,419,499,84.0,6508,2257,216,231,93.5,166,194,85.6,25,48,52.1,1,0.6,+0.4,8,17,5,1,24,Matches,fbbb9269
513,Salvi,es ESP,MFFW,Cádiz,30,1991,15.5,222,356,62.4,3485,1225,123,153,80.4,75,109,68.8,17,69,24.6,1,1.4,-0.4,9,11,15,5,26,Matches,405f267a
514,Fede San Emeterio,es ESP,MF,Cádiz,24,1997,9.2,288,342,84.2,5122,1209,143,161,88.8,104,118,88.1,38,51,74.5,0,0.4,-0.4,3,19,4,0,21,Matches,efecd633
515,Oihan Sancet,es ESP,FW,Athletic Club,21,2000,15.8,356,461,77.2,5487,1214,194,230,84.3,115,156,73.7,25,39,64.1,4,2.8,+1.2,24,33,23,2,45,Matches,bdb624a3
516,Antonio Sánchez,es ESP,MFFW,Mallorca,24,1997,18.0,533,688,77.5,9275,2527,262,299,87.6,191,231,82.7,63,114,55.3,0,0.3,-0.3,9,47,10,2,50,Matches,a254bbe0
517,Germán Sánchez,es ESP,DF,Granada,34,1986,25.5,785,1024,76.7,17557,6189,222,248,89.5,380,435,87.4,167,314,53.2,1,0.2,+0.8,4,36,1,0,39,Matches,ea9b2ef9
518,Juan Sánchez,es ESP,MF,Sevilla,17,2003,0.1,2,4,50.0,50,1,0,1,0.0,2,2,100.0,0,1,0.0,0,0.0,0.0,0,0,0,0,0,Matches,ff4f78e1
519,Manuel Sánchez,es ESP,DF,Osasuna,20,2000,25.1,878,1169,75.1,15019,6856,411,473,86.9,380,474,80.2,71,160,44.4,3,2.0,+1.0,19,79,36,14,101,Matches,ffacd3d5
520,Oier Sanjurjo,es ESP,MF,Osasuna,35,1986,8.4,227,311,73.0,4263,1262,96,123,78.0,90,119,75.6,33,52,63.5,0,0.2,-0.2,2,29,9,2,31,Matches,466824fb
521,Jesús Santiago,es ESP,MF,Valencia,17,2004,0.9,26,36,72.2,483,121,9,12,75.0,12,14,85.7,4,8,50.0,0,0.0,0.0,0,0,0,0,2,Matches,bc49fd34
522,Sergio Santos,es ESP,DF,Real Madrid,20,2001,0.1,7,7,100.0,133,37,4,4,100.0,1,1,100.0,2,2,100.0,0,0.0,0.0,1,0,1,1,0,Matches,cf59e05f
523,Alvaro Sanz,es ESP,MF,Barcelona,20,2001,0.3,12,14,85.7,219,19,5,5,100.0,5,5,100.0,2,3,66.7,0,0.0,0.0,1,1,0,0,0,Matches,eaefa2d0
524,Marcelo Saracchi,uy URU,DF,Levante,23,1998,2.1,85,109,78.0,1686,639,42,50,84.0,27,35,77.1,16,19,84.2,1,0.3,+0.7,6,4,5,2,8,Matches,1c96ad85
525,Joan Sastre Vanrell,es ESP,DF,Mallorca,24,1997,2.9,79,109,72.5,1584,760,29,36,80.6,35,48,72.9,13,21,61.9,0,0.0,0.0,0,4,0,0,3,Matches,f9acf8bf
526,Esteban Saveljich,me MNE,DF,Rayo Vallecano,30,1991,18.9,495,583,84.9,11490,3004,105,117,89.7,283,307,92.2,102,144,70.8,0,0.3,-0.3,2,16,4,2,25,Matches,79f2a5f5
527,Stefan Savić,me MNE,DF,Atlético Madrid,30,1991,27.1,1148,1378,83.3,25360,7977,340,386,88.1,563,614,91.7,232,349,66.5,0,0.1,-0.1,2,75,1,0,80,Matches,f6ac68c1
528,Valentino Scotta,es ESP,DF,Sevilla,19,2001,0.0,0,0,,0,0,0,0,,0,0,,0,0,,0,0.0,0.0,0,0,0,0,0,Matches,98529579
529,Aleksandar Sedlar,rs SRB,DFMF,Mallorca,29,1991,4.5,138,170,81.2,3024,1070,34,40,85.0,75,86,87.2,27,38,71.1,0,0.0,0.0,2,6,0,0,10,Matches,a35134ae
530,Javier Serrano,es ESP,MF,Atlético Madrid,18,2003,0.8,35,45,77.8,543,93,19,24,79.2,12,16,75.0,2,2,100.0,0,0.0,0.0,0,0,1,0,3,Matches,0a8fd9cb
531,Nicolás Serrano,es ESP,MF,Athletic Club,18,2003,3.5,89,128,69.5,1371,409,48,55,87.3,32,39,82.1,6,24,25.0,0,0.1,-0.1,3,10,3,2,8,Matches,2ad0e5e5
532,Salva Sevilla,es ESP,MF,Mallorca,37,1984,16.7,798,988,80.8,15605,5234,342,386,88.6,304,345,88.1,140,228,61.4,3,2.8,+0.2,26,86,24,0,103,Matches,75bd85ea
533,David Silva,es ESP,MF,Real Sociedad,35,1986,19.1,913,1043,87.5,15626,3568,444,492,90.2,352,391,90.0,90,113,79.6,4,4.4,-0.4,40,74,43,5,97,Matches,e2716bd0
534,Jonathan Silva,ar ARG,DFMF,Getafe,27,1994,2.5,65,97,67.0,1107,536,30,37,81.1,27,34,79.4,6,16,37.5,0,0.1,-0.1,2,6,3,2,8,Matches,f2308b33
535,Rui Silva,pt POR,GK,Betis,27,1994,21.8,515,724,71.1,15464,8945,80,82,97.6,235,240,97.9,199,400,49.8,0,0.0,0.0,1,5,0,0,0,Matches,ea83bfa6
536,Giuliano Simeone,ar ARG,DF,Atlético Madrid,18,2002,0.0,2,3,66.7,19,0,0,0,,1,1,100.0,0,0,,0,0.0,0.0,0,0,0,0,0,Matches,a6536561
537,Unai Simón,es ESP,GK,Athletic Club,24,1997,34.0,679,933,72.8,20649,12946,116,118,98.3,314,318,98.7,247,494,50.0,0,0.0,0.0,1,16,1,0,0,Matches,5dcf3e90
538,Antonio Sivera,es ESP,GK,Alavés,24,1996,3.1,63,106,59.4,2612,1951,6,6,100.0,22,22,100.0,35,78,44.9,0,0.0,0.0,0,2,0,0,0,Matches,9970da54
539,Rubén Sobrino,es ESP,FWMF,Cádiz,29,1992,20.7,373,504,74.0,5735,1459,214,260,82.3,121,155,78.1,27,52,51.9,1,1.9,-0.9,14,26,6,3,29,Matches,19b776e9
540,Rubén Sobrino,es ESP,MF,Valencia,29,1992,0.2,1,1,100.0,19,0,0,0,,1,1,100.0,0,0,,0,0.0,0.0,0,0,0,0,0,Matches,19b776e9
541,Alex Sola,es ESP,DFFW,Real Sociedad,22,1999,0.5,15,21,71.4,258,123,7,8,87.5,7,8,87.5,1,3,33.3,0,0.1,-0.1,1,1,0,0,0,Matches,5fa714d5
542,Augusto Solari,ar ARG,MFDF,Celta Vigo,29,1992,7.9,296,430,68.8,4833,1343,156,186,83.9,105,151,69.5,26,68,38.2,0,0.4,-0.4,6,20,9,6,21,Matches,3ca6106c
543,Roberto Soldado,es ESP,FW,Levante,36,1985,7.4,100,147,68.0,1468,265,54,73,74.0,32,45,71.1,6,11,54.5,2,0.9,+1.1,9,9,4,1,9,Matches,9d66fbe3
544,Carlos Soler,es ESP,MF,Valencia,24,1997,27.5,680,984,69.1,13738,4730,303,350,86.6,212,280,75.7,145,313,46.3,5,4.5,+0.5,53,71,34,6,99,Matches,fed17f5a
545,Son,es ESP,DF,Levante,27,1994,21.9,793,1059,74.9,15173,5415,360,411,87.6,296,372,79.6,124,233,53.2,0,1.6,-1.6,16,46,30,6,88,Matches,037dbd30
546,David Soria,es ESP,GK,Getafe,28,1993,37.9,632,1180,53.6,29206,22307,40,40,100.0,132,135,97.8,458,1001,45.8,0,0.0,0.0,1,25,0,0,0,Matches,8f8c6934
547,Alexander Sørloth,no NOR,FW,Real Sociedad,25,1995,19.6,337,463,72.8,4896,720,201,255,78.8,102,141,72.3,20,32,62.5,0,2.6,-2.6,20,19,14,2,28,Matches,e92cd3f7
548,Alberto Soro,es ESP,MFFW,Granada,22,1999,6.4,128,182,70.3,2028,593,68,85,80.0,47,64,73.4,9,20,45.0,0,0.6,-0.6,7,10,5,0,13,Matches,452c3055
549,Hugo Sotelo,es ESP,MF,Celta Vigo,17,2003,0.0,2,2,100.0,64,30,0,0,,0,0,,2,2,100.0,0,0.0,0.0,0,0,0,0,0,Matches,3aa74860
550,Damián Suárez,uy URU,DF,Getafe,33,1988,30.1,1010,1466,68.9,20311,10206,427,493,86.6,423,562,75.3,146,346,42.2,3,2.9,+0.1,45,100,41,24,135,Matches,ba5004e1
551,Denis Suárez,es ESP,MF,Celta Vigo,27,1994,31.3,1630,2040,79.9,28578,7595,781,876,89.2,632,748,84.5,176,321,54.8,6,4.6,+1.4,46,167,31,7,145,Matches,12c50af5
552,Luis Suárez,uy URU,FW,Atlético Madrid,34,1987,20.4,363,497,73.0,5943,937,199,260,76.5,116,149,77.9,40,54,74.1,2,1.7,+0.3,15,21,14,3,29,Matches,a6154613
553,Mario Suárez,es ESP,DF,Rayo Vallecano,34,1987,7.9,252,312,80.8,5911,2095,60,67,89.6,130,147,88.4,61,96,63.5,0,0.0,0.0,1,15,0,0,20,Matches,7106f0a0
554,Suso,es ESP,FW,Sevilla,27,1993,4.3,142,186,76.3,2378,574,79,87,90.8,51,68,75.0,12,25,48.0,1,0.4,+0.6,3,7,9,2,13,Matches,4e219ad2
555,Mamadou Sylla,sn SEN,FWMF,Rayo Vallecano,27,1994,2.8,49,68,72.1,786,188,24,31,77.4,19,26,73.1,4,8,50.0,0,0.5,-0.5,2,4,1,0,7,Matches,e5ec95f8
556,Mamadou Sylla,sn SEN,FW,Alavés,27,1994,4.4,39,69,56.5,727,154,20,33,60.6,15,24,62.5,4,9,44.4,0,0.1,-0.1,3,4,2,1,4,Matches,e5ec95f8
557,Tachi,es ESP,DF,Alavés,23,1997,2.7,55,85,64.7,1606,845,10,16,62.5,28,36,77.8,17,33,51.5,0,0.1,-0.1,1,10,1,1,5,Matches,8b625720
558,Renato Tapia,pe PER,MF,Celta Vigo,26,1995,15.7,693,863,80.3,14760,3307,231,266,86.8,293,339,86.4,151,221,68.3,0,0.1,-0.1,4,51,9,0,52,Matches,34269bdf
559,Cristian Tello,es ESP,FWMF,Betis,29,1991,9.1,280,363,77.1,4503,1113,149,179,83.2,94,117,80.3,26,40,65.0,2,2.0,0.0,16,11,10,4,22,Matches,72a99e38
560,Nahuel Tenaglia,ar ARG,DF,Alavés,25,1996,11.9,311,475,65.5,6052,3139,123,154,79.9,144,191,75.4,40,108,37.0,0,0.3,-0.3,4,33,6,2,38,Matches,66654daa
561,Marc Tenas,es ESP,FWMF,Alavés,20,2001,0.6,16,24,66.7,225,56,11,14,78.6,5,6,83.3,0,2,0.0,0,0.3,-0.3,1,0,0,0,1,Matches,1c5d79e2
562,Marc-André ter Stegen,de GER,GK,Barcelona,29,1992,35.0,1112,1280,86.9,29784,16946,200,202,99.0,560,570,98.2,344,499,68.9,0,0.1,-0.1,1,9,0,0,2,Matches,6f51e382
563,David Timor,es ESP,MF,Getafe,31,1989,3.8,140,176,79.5,3092,903,54,63,85.7,55,62,88.7,29,48,60.4,0,0.0,0.0,0,16,2,0,20,Matches,174651c8
564,Raúl de Tomás,es ESP,FW,Espanyol,26,1994,32.4,612,741,82.6,11170,1810,331,366,90.4,187,221,84.6,82,118,69.5,3,1.7,+1.3,27,47,17,5,55,Matches,02ef8778
565,Raúl Torrente,es ESP,DF,Granada,19,2001,14.2,445,603,73.8,10422,3656,115,134,85.8,224,262,85.5,105,195,53.8,0,0.8,-0.8,4,26,1,0,26,Matches,4d753a3f
566,Ferrán Torres,es ESP,FW,Barcelona,21,2000,15.7,495,587,84.3,7698,1563,285,321,88.8,163,189,86.2,35,48,72.9,4,3.0,+1.0,12,33,10,1,43,Matches,9e1035f8
567,Óliver Torres,es ESP,MFFW,Sevilla,26,1994,11.2,521,646,80.7,10693,2846,220,247,89.1,191,224,85.3,100,150,66.7,3,1.9,+1.1,10,68,9,3,42,Matches,58a9a4d9
568,Pau Torres,es ESP,DF,Villarreal,24,1997,31.7,1715,1992,86.1,39784,13394,420,463,90.7,914,976,93.6,365,516,70.7,1,1.1,-0.1,8,172,6,0,167,Matches,532e1e4f
569,Roberto Torres,es ESP,MFFW,Osasuna,32,1989,9.0,272,437,62.2,5650,1929,121,148,81.8,92,139,66.2,57,129,44.2,2,2.1,-0.1,24,26,14,5,32,Matches,d733aa38
570,Lucas Torró,es ESP,MF,Osasuna,27,1994,30.3,985,1257,78.4,17548,4612,438,531,82.5,413,503,82.1,106,166,63.9,0,0.3,-0.3,7,88,13,1,122,Matches,0e4fef6e
571,Adama Traoré,es ESP,FWDF,Barcelona,25,1996,4.2,123,172,71.5,2029,462,71,82,86.6,36,60,60.0,11,19,57.9,2,0.7,+1.3,7,7,12,8,11,Matches,9a28eba4
572,Óscar Trejo,ar ARG,MF,Rayo Vallecano,33,1988,22.3,793,1032,76.8,13915,4235,399,459,86.9,278,335,83.0,97,192,50.5,9,4.3,+4.7,55,89,27,4,107,Matches,fc647b34
573,Manu Trigueros,es ESP,MFFW,Villarreal,29,1991,24.2,987,1229,80.3,17713,5406,438,499,87.8,420,488,86.1,110,185,59.5,4,2.6,+1.4,22,128,31,3,139,Matches,963829d0
574,Kieran Trippier,eng ENG,DF,Atlético Madrid,30,1990,10.8,612,773,79.2,12116,5112,247,274,90.1,263,314,83.8,93,163,57.1,0,0.2,-0.2,7,54,23,4,87,Matches,21512407
575,Beñat Turrientes,es ESP,MF,Real Sociedad,19,2002,2.3,81,94,86.2,1461,254,43,46,93.5,24,31,77.4,13,15,86.7,0,0.2,-0.2,3,5,1,0,3,Matches,068f4dec
576,Samuel Umtiti,fr FRA,DF,Barcelona,27,1993,1.0,42,50,84.0,898,324,14,15,93.3,22,25,88.0,6,9,66.7,0,0.0,0.0,0,5,0,0,5,Matches,3eed9821
577,Enes Ünal,tr TUR,FW,Getafe,24,1997,31.1,421,660,63.8,5888,1225,249,348,71.6,125,197,63.5,21,44,47.7,1,1.8,-0.8,26,30,8,3,41,Matches,f8eca1b6
578,Myrto Uzuni,al ALB,MFFW,Granada,26,1995,9.5,147,214,68.7,2218,662,85,107,79.4,43,64,67.2,12,24,50.0,1,1.0,0.0,7,5,2,1,11,Matches,01da7812
579,Álvaro Vadillo,es ESP,MFDF,Espanyol,26,1994,0.1,7,11,63.6,117,10,3,4,75.0,1,1,100.0,1,3,33.3,0,0.0,0.0,0,1,0,0,0,Matches,61b62b33
580,Óscar Valentín,es ESP,MF,Rayo Vallecano,26,1994,28.5,1104,1307,84.5,22185,5985,417,459,90.8,497,555,89.5,178,258,69.0,0,1.1,-1.1,14,129,13,1,120,Matches,592f3158
581,Germán Valera,es ESP,FWMF,Real Sociedad,19,2002,0.6,14,17,82.4,209,36,9,9,100.0,3,5,60.0,2,3,66.7,0,0.0,0.0,0,0,0,0,1,Matches,84f55b4a
582,Martin Valjent,sk SVK,DF,Mallorca,25,1995,35.3,1111,1341,82.8,25399,9738,308,335,91.9,528,580,91.0,259,397,65.2,0,0.5,-0.5,6,74,1,0,60,Matches,f2c6ac01
583,Jesús Vallejo,es ESP,DF,Real Madrid,24,1997,3.8,183,212,86.3,3640,1075,65,69,94.2,85,90,94.4,30,46,65.2,0,0.0,0.0,1,2,0,0,1,Matches,c2111b45
584,Manu Vallejo,es ESP,FWMF,Valencia,24,1997,1.1,31,44,70.5,510,188,16,18,88.9,11,15,73.3,3,8,37.5,0,0.1,-0.1,2,1,1,0,5,Matches,0bc4e720
585,Manu Vallejo,es ESP,MFFW,Alavés,24,1997,4.1,83,113,73.5,1555,309,41,55,74.5,27,30,90.0,13,21,61.9,1,0.4,+0.6,4,3,2,0,4,Matches,0bc4e720
586,Federico Valverde,uy URU,MF,Real Madrid,23,1998,20.4,1043,1190,87.6,17208,3945,546,596,91.6,369,400,92.3,95,133,71.4,1,2.1,-1.1,24,104,22,3,69,Matches,0959c2a2
587,José Luis García Vayá,es ESP,MF,Levante,22,1998,22.4,1002,1248,80.3,19440,5474,440,506,87.0,390,444,87.8,155,258,60.1,0,2.0,-2.0,25,104,15,3,94,Matches,27dc1378
588,Jesus Vazquez,es ESP,DF,Valencia,18,2003,9.0,254,345,73.6,3807,1514,144,158,91.1,92,127,72.4,11,35,31.4,0,0.2,-0.2,6,14,3,2,17,Matches,106c142c
589,Kevin Vázquez,es ESP,DF,Celta Vigo,28,1993,14.8,689,875,78.7,11008,4069,375,415,90.4,243,308,78.9,53,108,49.1,1,0.5,+0.5,7,29,12,6,43,Matches,ee923664
590,Lucas Vázquez,es ESP,DF,Real Madrid,30,1991,20.4,1339,1551,86.3,23266,6753,646,696,92.8,545,613,88.9,127,203,62.6,0,2.6,-2.6,33,63,40,10,100,Matches,fd51b456
591,Gabriel Veiga,es ESP,MF,Celta Vigo,19,2002,1.2,55,68,80.9,894,270,29,31,93.5,20,23,87.0,4,9,44.4,0,0.0,0.0,1,3,3,1,7,Matches,35a6e5c7
592,Unai Vencedor Paris,es ESP,MF,Athletic Club,20,2000,26.5,1020,1311,77.8,20799,6230,349,413,84.5,489,581,84.2,167,275,60.7,0,0.8,-0.8,15,119,24,5,142,Matches,4112ace5
593,Gonzalo Verdú,es ESP,DF,Elche,32,1988,15.5,591,700,84.4,14959,3765,91,100,91.0,344,372,92.5,151,216,69.9,0,0.0,0.0,0,25,0,0,22,Matches,1c2c55fc
594,Mikel Vesga,es ESP,MF,Athletic Club,28,1993,15.1,561,715,78.5,10736,3495,229,275,83.3,233,274,85.0,85,132,64.4,0,0.9,-0.9,12,67,13,4,95,Matches,b0fce72c
595,Rúben Vezo,pt POR,DF,Levante,27,1994,26.9,1055,1263,83.5,24398,8183,237,282,84.0,583,626,93.1,226,331,68.3,0,0.2,-0.2,4,74,3,0,82,Matches,c67cd65c
596,Aleix Vidal,es ESP,DFMF,Espanyol,31,1989,21.1,878,1085,80.9,15763,5919,366,406,90.1,410,474,86.5,87,156,55.8,0,1.9,-1.9,25,51,27,11,76,Matches,04965583
597,Nacho Vidal,es ESP,DF,Osasuna,26,1995,32.2,1102,1531,72.0,21017,9415,431,518,83.2,511,673,75.9,141,273,51.6,1,2.0,-1.0,18,83,27,10,96,Matches,3a9c4b7b
598,Dídac Vilà,es ESP,DFMF,Espanyol,32,1989,2.3,71,89,79.8,1173,379,39,41,95.1,29,35,82.9,3,10,30.0,0,0.1,-0.1,3,4,1,0,4,Matches,bad38a94
599,Tonny Vilhena,nl NED,MFFW,Espanyol,26,1995,10.3,245,341,71.8,3926,1335,153,181,84.5,54,80,67.5,31,62,50.0,1,0.9,+0.1,11,15,5,3,19,Matches,c7069d87
600,Daniel Villahermosa,es ESP,MF,Espanyol,20,2001,0.3,6,8,75.0,100,27,5,5,100.0,0,1,0.0,1,1,100.0,0,0.0,0.0,0,1,0,0,0,Matches,de903ae2
601,Asier Villalibre,es ESP,FW,Athletic Club,23,1997,6.1,77,125,61.6,1031,132,48,66,72.7,25,39,64.1,1,9,11.1,0,0.1,-0.1,2,6,1,0,3,Matches,57be54ec
602,Gonzalo Villar,es ESP,MF,Getafe,23,1998,3.3,119,136,87.5,2310,461,51,54,94.4,48,55,87.3,18,22,81.8,1,0.4,+0.6,1,13,2,0,11,Matches,bdc74a8f
603,Vitolo,es ESP,MFFW,Getafe,31,1989,2.5,96,119,80.7,1336,280,55,64,85.9,37,42,88.1,1,5,20.0,0,0.1,-0.1,4,8,4,0,8,Matches,db750822
604,Daniel Vivian,es ESP,DF,Athletic Club,22,1999,22.1,799,944,84.6,18611,6360,195,217,89.9,423,464,91.2,175,247,70.9,1,0.2,+0.8,1,29,0,0,43,Matches,ab7bf91d
605,Šime Vrsaljko,hr CRO,DF,Atlético Madrid,29,1992,10.2,439,601,73.0,7327,2783,226,263,85.9,154,207,74.4,44,99,44.4,2,0.7,+1.3,4,23,6,4,37,Matches,46a8347f
606,Nikola Vukčević,me MNE,MF,Levante,29,1991,1.3,61,72,84.7,1069,248,24,26,92.3,29,32,90.6,6,8,75.0,0,0.0,0.0,2,5,1,0,6,Matches,4442fbcd
607,Daniel Wass,dk DEN,MF,Valencia,32,1989,17.6,538,682,78.9,10155,3058,209,244,85.7,225,262,85.9,77,139,55.4,1,0.6,+0.4,13,61,8,1,61,Matches,d83bbc54
608,Daniel Wass,dk DEN,DF,Atlético Madrid,32,1989,0.5,22,27,81.5,337,135,14,15,93.3,8,10,80.0,0,1,0.0,0,0.0,0.0,0,0,0,0,1,Matches,d83bbc54
609,Iñaki Williams,es ESP,FW,Athletic Club,27,1994,30.9,446,685,65.1,6529,1309,264,363,72.7,123,189,65.1,32,62,51.6,5,5.4,-0.4,32,20,22,5,48,Matches,6a99e0b1
610,Nico Williams,es ESP,MF,Athletic Club,19,2002,14.9,331,465,71.2,4777,1189,201,236,85.2,106,154,68.8,15,46,32.6,0,1.5,-1.5,16,16,16,5,38,Matches,afdc14d7
611,Okay Yokuşlu,tr TUR,DFMF,Getafe,27,1994,5.2,148,188,78.7,3147,965,46,54,85.2,72,83,86.7,27,46,58.7,0,0.0,0.0,0,11,2,0,12,Matches,e49ce451
612,Okay Yokuşlu,tr TUR,DFMF,Celta Vigo,27,1994,1.6,70,75,93.3,1140,265,36,38,94.7,23,25,92.0,8,9,88.9,0,0.0,0.0,0,1,0,0,3,Matches,e49ce451
613,Joseba Zaldúa,es ESP,DF,Real Sociedad,29,1992,13.0,476,618,77.0,8520,3350,213,239,89.1,209,269,77.7,50,89,56.2,0,0.4,-0.4,5,21,11,4,29,Matches,5ca20b7a
614,Oier Zarraga,es ESP,MF,Athletic Club,22,1999,13.0,391,503,77.7,7082,2638,165,202,81.7,166,203,81.8,47,73,64.4,0,0.2,-0.2,5,61,9,0,60,Matches,968a1c2f
615,Luca Zidane,fr FRA,GKMF,Rayo Vallecano,23,1998,7.2,169,231,73.2,5513,3832,29,29,100.0,68,69,98.6,72,133,54.1,0,0.0,0.0,0,2,0,0,0,Matches,c818c4d9
616,Igor Zubeldia,es ESP,DF,Real Sociedad,24,1997,18.3,919,1035,88.8,20319,5700,245,259,94.6,478,519,92.1,192,245,78.4,1,0.2,+0.8,1,49,4,2,42,Matches,5c7845f6
617,Martín Zubimendi,es ESP,MF,Real Sociedad,22,1999,28.8,1243,1453,85.5,23126,6071,529,589,89.8,543,605,89.8,151,214,70.6,1,1.0,0.0,15,121,10,1,106,Matches,3ee0dd59
